id_demandeur,nom,age,ville,domaine,titre_professionnel,niveau_etudes,annees_experience,competences,soft_skills,langues,cv_texte
D0001,Antoine Mavoungou,48,Pointe-Noire,Télécommunications,Ingénieur radio,Sans diplôme,5,réseaux mobiles; magasinage; maintenance télécom; bss/oss,travail en équipe; communication,français; anglais,"Ingénieur radio avec 5 ans d'expérience dans le domaine télécommunications. Niveau d'études : Sans diplôme. Compétences principales : réseaux mobiles, magasinage, maintenance télécom, bss/oss. Qualités : travail en équipe, communication. Langues parlées : français, anglais. Basé(e) à Pointe-Noire, mobilité possible sur le territoire national."
D0002,Naomi Bouity,36,Brazzaville,Administration / RH / Juridique,Chargé des marchés publics,Master (BAC+5),9,droit du travail; rédaction juridique; secrétariat,autonomie; leadership; rigueur,français; lingala; anglais,"Chargé des marchés publics avec 9 ans d'expérience dans le domaine administration / rh / juridique. Niveau d'études : Master (BAC+5). Compétences principales : droit du travail, rédaction juridique, secrétariat. Qualités : autonomie, leadership, rigueur. Langues parlées : français, lingala, anglais. Basé(e) à Brazzaville, mobilité possible sur le territoire national."
D0003,Jean Bakala,30,Pointe-Noire,Informatique / IT,Data Analyst,BEPC,5,java; développement mobile; excel avancé; cybersécurité; sql; maintenance informatique; développement web,rigueur; communication; travail en équipe; adaptabilité,français; lingala,"Data Analyst avec 5 ans d'expérience dans le domaine informatique / it. Niveau d'études : BEPC. Compétences principales : java, développement mobile, excel avancé, cybersécurité, sql, maintenance informatique, développement web. Qualités : rigueur, communication, travail en équipe, adaptabilité. Langues parlées : français, lingala. Basé(e) à Pointe-Noire, mobilité possible sur le territoire national."
D0004,Sylvie Nguesso,22,Ouesso,Santé,Technicien de laboratoire,BAC,8,pharmacie; santé publique; kinésithérapie; nutrition; imagerie médicale,esprit d'analyse; gestion du temps,français; anglais; lingala; kituba,"Technicien de laboratoire avec 8 ans d'expérience dans le domaine santé. Niveau d'études : BAC. Compétences principales : pharmacie, santé publique, kinésithérapie, nutrition, imagerie médicale. Qualités : esprit d'analyse, gestion du temps. Langues parlées : français, anglais, lingala, kituba. Basé(e) à Ouesso, mobilité possible sur le territoire national."
D0005,Antoine Loemba,47,Dolisie,Santé,Agent de santé communautaire,BEPC,9,sage-femme; santé publique; kinésithérapie,rigueur; esprit d'analyse; gestion du temps,français; lingala,"Agent de santé communautaire avec 9 ans d'expérience dans le domaine santé. Niveau d'études : BEPC. Compétences principales : sage-femme, santé publique, kinésithérapie. Qualités : rigueur, esprit d'analyse, gestion du temps. Langues parlées : français, lingala. Basé(e) à Dolisie, mobilité possible sur le territoire national."
D0006,Jean Elenga,55,Pointe-Noire,Administration / RH / Juridique,Gestionnaire de paie,Licence (BAC+3),1,droit du travail; gestion administrative; secrétariat; gestion des ressources humaines,communication; leadership,français; kituba; lingala; anglais,"Gestionnaire de paie avec 1 ans d'expérience dans le domaine administration / rh / juridique. Niveau d'études : Licence (BAC+3). Compétences principales : droit du travail, gestion administrative, secrétariat, gestion des ressources humaines. Qualités : communication, leadership. Langues parlées : français, kituba, lingala, anglais. Basé(e) à Pointe-Noire, mobilité possible sur le territoire national."
D0007,Ruth Bakala,32,Owando,Informatique / IT,Chef de projet IT,Master (BAC+5),0,bases de données; cybersécurité; analyse de données,adaptabilité; communication; autonomie,français; kituba; lingala; anglais,"Chef de projet IT avec 0 ans d'expérience dans le domaine informatique / it. Niveau d'études : Master (BAC+5). Compétences principales : bases de données, cybersécurité, analyse de données. Qualités : adaptabilité, communication, autonomie. Langues parlées : français, kituba, lingala, anglais. Basé(e) à Owando, mobilité possible sur le territoire national."
D0008,Serge Mabiala,51,Brazzaville,Banque / Finance,Comptable,Master (BAC+5),6,gestion des risques; ohada; comptabilité; contrôle de gestion,travail en équipe; communication; adaptabilité,français; lingala; anglais,"Comptable avec 6 ans d'expérience dans le domaine banque / finance. Niveau d'études : Master (BAC+5). Compétences principales : gestion des risques, ohada, comptabilité, contrôle de gestion. Qualités : travail en équipe, communication, adaptabilité. Langues parlées : français, lingala, anglais. Basé(e) à Brazzaville, mobilité possible sur le territoire national."
D0009,Grâce Mabiala,21,Brazzaville,Pétrole / Gaz / Énergie,Mécanicien industriel,Licence (BAC+3),4,hse; qhse; tuyauterie; gestion de plateforme; inspection technique; instrumentation; électromécanique,rigueur; sens de l'organisation; prise d'initiative,français; kituba; anglais,"Mécanicien industriel avec 4 ans d'expérience dans le domaine pétrole / gaz / énergie. Niveau d'études : Licence (BAC+3). Compétences principales : hse, qhse, tuyauterie, gestion de plateforme, inspection technique, instrumentation, électromécanique. Qualités : rigueur, sens de l'organisation, prise d'initiative. Langues parlées : français, kituba, anglais. Basé(e) à Brazzaville, mobilité possible sur le territoire national."
D0010,Serge Mbochi,35,Dolisie,Administration / RH / Juridique,Assistant juridique,BAC,1,secrétariat; gestion des ressources humaines; passation de marchés; rédaction juridique; paie; gestion administrative; droit du travail,communication; sens de l'organisation; rigueur,français; lingala; anglais,"Assistant juridique avec 1 ans d'expérience dans le domaine administration / rh / juridique. Niveau d'études : BAC. Compétences principales : secrétariat, gestion des ressources humaines, passation de marchés, rédaction juridique, paie, gestion administrative, droit du travail. Qualités : communication, sens de l'organisation, rigueur. Langues parlées : français, lingala, anglais. Basé(e) à Dolisie, mobilité possible sur le territoire national."
D0011,Chancelle Moukala,32,Dolisie,Commerce / Vente / Marketing,Community manager,Licence (BAC+3),5,négociation commerciale; service client; étude de marché; gestion de clientèle,gestion du temps; prise d'initiative; esprit d'analyse,français; lingala; anglais; kituba,"Community manager avec 5 ans d'expérience dans le domaine commerce / vente / marketing. Niveau d'études : Licence (BAC+3). Compétences principales : négociation commerciale, service client, étude de marché, gestion de clientèle. Qualités : gestion du temps, prise d'initiative, esprit d'analyse. Langues parlées : français, lingala, anglais, kituba. Basé(e) à Dolisie, mobilité possible sur le territoire national."
D0012,Sylvie Samba,46,Sibiti,BTP / Construction,Ingénieur génie civil,Licence (BAC+3),3,béton armé; conduite de travaux; autocad; voirie,communication; esprit d'analyse,français; lingala; anglais; kituba,"Ingénieur génie civil avec 3 ans d'expérience dans le domaine btp / construction. Niveau d'études : Licence (BAC+3). Compétences principales : béton armé, conduite de travaux, autocad, voirie. Qualités : communication, esprit d'analyse. Langues parlées : français, lingala, anglais, kituba. Basé(e) à Sibiti, mobilité possible sur le territoire national."
D0013,Serge Itoua,53,Brazzaville,Commerce / Vente / Marketing,Chargé de marketing,Master (BAC+5),6,vente; marketing digital; gestion de clientèle; service client; merchandising; caisse,autonomie; gestion du temps; esprit d'analyse,français; anglais; lingala; kituba,"Chargé de marketing avec 6 ans d'expérience dans le domaine commerce / vente / marketing. Niveau d'études : Master (BAC+5). Compétences principales : vente, marketing digital, gestion de clientèle, service client, merchandising, caisse. Qualités : autonomie, gestion du temps, esprit d'analyse. Langues parlées : français, anglais, lingala, kituba. Basé(e) à Brazzaville, mobilité possible sur le territoire national."
D0014,Exaucé Malonga,36,Madingou,Banque / Finance,Auditeur junior,BAC+2 (BTS/DUT),7,audit; sage comptabilité; passation de marchés; gestion de trésorerie,communication; rigueur; travail en équipe,français; anglais; kituba,"Auditeur junior avec 7 ans d'expérience dans le domaine banque / finance. Niveau d'études : BAC+2 (BTS/DUT). Compétences principales : audit, sage comptabilité, passation de marchés, gestion de trésorerie. Qualités : communication, rigueur, travail en équipe. Langues parlées : français, anglais, kituba. Basé(e) à Madingou, mobilité possible sur le territoire national."
D0015,Dieuveil Ondongo,53,Brazzaville,Éducation / Formation,Encadreur pédagogique,BAC,2,pédagogie; enseignement; conception de programmes; encadrement scolaire; réception hôtelière,sens de l'organisation; rigueur,français; lingala,"Encadreur pédagogique avec 2 ans d'expérience dans le domaine éducation / formation. Niveau d'études : BAC. Compétences principales : pédagogie, enseignement, conception de programmes, encadrement scolaire, réception hôtelière. Qualités : sens de l'organisation, rigueur. Langues parlées : français, lingala. Basé(e) à Brazzaville, mobilité possible sur le territoire national."
D0016,Bénédicte Nguesso,47,Pointe-Noire,Informatique / IT,Développeur web,BAC+2 (BTS/DUT),4,sql; bases de données; java; javascript; excel avancé; analyse de données; maintenance informatique,sens de l'organisation; leadership; autonomie; prise d'initiative,français; kituba; lingala; anglais,"Développeur web avec 4 ans d'expérience dans le domaine informatique / it. Niveau d'études : BAC+2 (BTS/DUT). Compétences principales : sql, bases de données, java, javascript, excel avancé, analyse de données, maintenance informatique. Qualités : sens de l'organisation, leadership, autonomie, prise d'initiative. Langues parlées : français, kituba, lingala, anglais. Basé(e) à Pointe-Noire, mobilité possible sur le territoire national."
D0017,Ruth Bouity,42,Brazzaville,Logistique / Transport,Agent de transit,BAC+2 (BTS/DUT),0,supply chain; magasinage; gestion de flotte; gestion de stock,communication; leadership,français; kituba,"Agent de transit avec 0 ans d'expérience dans le domaine logistique / transport. Niveau d'études : BAC+2 (BTS/DUT). Compétences principales : supply chain, magasinage, gestion de flotte, gestion de stock. Qualités : communication, leadership. Langues parlées : français, kituba. Basé(e) à Brazzaville, mobilité possible sur le territoire national."
D0018,Esther Mavoungou,37,Dolisie,BTP / Construction,Ingénieur génie civil,Licence (BAC+3),2,métré; électricité bâtiment; béton armé,leadership; rigueur; prise d'initiative; gestion du temps,français; lingala; anglais,"Ingénieur génie civil avec 2 ans d'expérience dans le domaine btp / construction. Niveau d'études : Licence (BAC+3). Compétences principales : métré, électricité bâtiment, béton armé. Qualités : leadership, rigueur, prise d'initiative, gestion du temps. Langues parlées : français, lingala, anglais. Basé(e) à Dolisie, mobilité possible sur le territoire national."
D0019,Divine Malonga,24,Pointe-Noire,Banque / Finance,Chargé de clientèle,Master (BAC+5),0,microfinance; comptabilité; conformité bancaire,rigueur; esprit d'analyse,français; lingala,"Chargé de clientèle avec 0 ans d'expérience dans le domaine banque / finance. Niveau d'études : Master (BAC+5). Compétences principales : microfinance, comptabilité, conformité bancaire. Qualités : rigueur, esprit d'analyse. Langues parlées : français, lingala. Basé(e) à Pointe-Noire, mobilité possible sur le territoire national."
D0020,Serge Okemba,22,Pointe-Noire,Logistique / Transport,Responsable logistique,BAC,11,gestion de flotte; conduite poids lourds; gestion de stock; magasinage; douane; transit; planification logistique,travail en équipe; communication; gestion du temps,français; kituba; lingala,"Responsable logistique avec 11 ans d'expérience dans le domaine logistique / transport. Niveau d'études : BAC. Compétences principales : gestion de flotte, conduite poids lourds, gestion de stock, magasinage, douane, transit, planification logistique. Qualités : travail en équipe, communication, gestion du temps. Langues parlées : français, kituba, lingala. Basé(e) à Pointe-Noire, mobilité possible sur le territoire national."
D0021,Clarisse Ngoma,39,Brazzaville,Hôtellerie / Restauration,Réceptionniste,BAC+2 (BTS/DUT),3,gestion hôtelière; service en salle; réception hôtelière; pâtisserie; cuisine; housekeeping,adaptabilité; communication; autonomie; esprit d'analyse,français; anglais; lingala,"Réceptionniste avec 3 ans d'expérience dans le domaine hôtellerie / restauration. Niveau d'études : BAC+2 (BTS/DUT). Compétences principales : gestion hôtelière, service en salle, réception hôtelière, pâtisserie, cuisine, housekeeping. Qualités : adaptabilité, communication, autonomie, esprit d'analyse. Langues parlées : français, anglais, lingala. Basé(e) à Brazzaville, mobilité possible sur le territoire national."
D0022,Ruth Elenga,25,Pointe-Noire,Éducation / Formation,Encadreur pédagogique,BAC+2 (BTS/DUT),8,formation professionnelle; alphabétisation; pédagogie,prise d'initiative; adaptabilité; esprit d'analyse,français; lingala; kituba; anglais,"Encadreur pédagogique avec 8 ans d'expérience dans le domaine éducation / formation. Niveau d'études : BAC+2 (BTS/DUT). Compétences principales : formation professionnelle, alphabétisation, pédagogie. Qualités : prise d'initiative, adaptabilité, esprit d'analyse. Langues parlées : français, lingala, kituba, anglais. Basé(e) à Pointe-Noire, mobilité possible sur le territoire national."
D0023,Prince Bakala,26,Pointe-Noire,BTP / Construction,Conducteur de travaux,BAC+2 (BTS/DUT),0,dessin technique; conduite de travaux; génie civil; plomberie,esprit d'analyse; communication,français; anglais; kituba; lingala,"Conducteur de travaux avec 0 ans d'expérience dans le domaine btp / construction. Niveau d'études : BAC+2 (BTS/DUT). Compétences principales : dessin technique, conduite de travaux, génie civil, plomberie. Qualités : esprit d'analyse, communication. Langues parlées : français, anglais, kituba, lingala. Basé(e) à Pointe-Noire, mobilité possible sur le territoire national."
D0024,Antoine Ondongo,50,Ouesso,Éducation / Formation,Formateur professionnel,Master (BAC+5),7,conception de programmes; enseignement; pédagogie; encadrement scolaire; alphabétisation; formation professionnelle,sens de l'organisation; prise d'initiative; adaptabilité,français; anglais; kituba,"Formateur professionnel avec 7 ans d'expérience dans le domaine éducation / formation. Niveau d'études : Master (BAC+5). Compétences principales : conception de programmes, enseignement, pédagogie, encadrement scolaire, alphabétisation, formation professionnelle. Qualités : sens de l'organisation, prise d'initiative, adaptabilité. Langues parlées : français, anglais, kituba. Basé(e) à Ouesso, mobilité possible sur le territoire national."
D0025,Divine Nkouka,24,Brazzaville,Commerce / Vente / Marketing,Community manager,Master (BAC+5),5,community management; caisse; étude de marché; négociation commerciale,esprit d'analyse; communication; autonomie,français; lingala,"Community manager avec 5 ans d'expérience dans le domaine commerce / vente / marketing. Niveau d'études : Master (BAC+5). Compétences principales : community management, caisse, étude de marché, négociation commerciale. Qualités : esprit d'analyse, communication, autonomie. Langues parlées : français, lingala. Basé(e) à Brazzaville, mobilité possible sur le territoire national."
D0026,Nadège Akouala,51,Pointe-Noire,Éducation / Formation,Formateur professionnel,Master (BAC+5),8,conception de programmes; alphabétisation; enseignement; encadrement scolaire; pédagogie; formation professionnelle,travail en équipe; gestion du temps; esprit d'analyse; prise d'initiative,français; kituba; anglais,"Formateur professionnel avec 8 ans d'expérience dans le domaine éducation / formation. Niveau d'études : Master (BAC+5). Compétences principales : conception de programmes, alphabétisation, enseignement, encadrement scolaire, pédagogie, formation professionnelle. Qualités : travail en équipe, gestion du temps, esprit d'analyse, prise d'initiative. Langues parlées : français, kituba, anglais. Basé(e) à Pointe-Noire, mobilité possible sur le territoire national."
D0027,Fortuné Ondongo,23,Pointe-Noire,BTP / Construction,Ingénieur génie civil,Licence (BAC+3),9,génie civil; béton armé; métré; menuiserie; conduite de travaux; électricité bâtiment,leadership; sens de l'organisation; travail en équipe,français; anglais,"Ingénieur génie civil avec 9 ans d'expérience dans le domaine btp / construction. Niveau d'études : Licence (BAC+3). Compétences principales : génie civil, béton armé, métré, menuiserie, conduite de travaux, électricité bâtiment. Qualités : leadership, sens de l'organisation, travail en équipe. Langues parlées : français, anglais. Basé(e) à Pointe-Noire, mobilité possible sur le territoire national."
D0028,Gloire Bakala,21,Brazzaville,Logistique / Transport,Agent de transit,BAC+2 (BTS/DUT),2,supply chain; conduite poids lourds; douane; manutention portuaire,gestion du temps; autonomie; communication,français; anglais; lingala; kituba,"Agent de transit avec 2 ans d'expérience dans le domaine logistique / transport. Niveau d'études : BAC+2 (BTS/DUT). Compétences principales : supply chain, conduite poids lourds, douane, manutention portuaire. Qualités : gestion du temps, autonomie, communication. Langues parlées : français, anglais, lingala, kituba. Basé(e) à Brazzaville, mobilité possible sur le territoire national."
D0029,Chris Tchicaya,44,Brazzaville,BTP / Construction,Chef de chantier,Master (BAC+5),1,conduite de travaux; voirie; menuiserie; topographie,rigueur; esprit d'analyse; autonomie; gestion du temps,français; lingala; anglais; kituba,"Chef de chantier avec 1 ans d'expérience dans le domaine btp / construction. Niveau d'études : Master (BAC+5). Compétences principales : conduite de travaux, voirie, menuiserie, topographie. Qualités : rigueur, esprit d'analyse, autonomie, gestion du temps. Langues parlées : français, lingala, anglais, kituba. Basé(e) à Brazzaville, mobilité possible sur le territoire national."
D0030,Sarah Itoua,47,Brazzaville,Éducation / Formation,Enseignant,BAC+2 (BTS/DUT),9,enseignement; encadrement scolaire; pédagogie; alphabétisation,autonomie; communication; travail en équipe; leadership,français; kituba; lingala; anglais,"Enseignant avec 9 ans d'expérience dans le domaine éducation / formation. Niveau d'études : BAC+2 (BTS/DUT). Compétences principales : enseignement, encadrement scolaire, pédagogie, alphabétisation. Qualités : autonomie, communication, travail en équipe, leadership. Langues parlées : français, kituba, lingala, anglais. Basé(e) à Brazzaville, mobilité possible sur le territoire national."
D0031,Grâce Ondongo,44,Owando,Santé,Agent de santé communautaire,Master (BAC+5),4,laboratoire médical; sage-femme; pharmacie; santé publique; nutrition; imagerie médicale,esprit d'analyse; prise d'initiative; gestion du temps; sens de l'organisation,français; kituba,"Agent de santé communautaire avec 4 ans d'expérience dans le domaine santé. Niveau d'études : Master (BAC+5). Compétences principales : laboratoire médical, sage-femme, pharmacie, santé publique, nutrition, imagerie médicale. Qualités : esprit d'analyse, prise d'initiative, gestion du temps, sens de l'organisation. Langues parlées : français, kituba. Basé(e) à Owando, mobilité possible sur le territoire national."
D0032,Pierre Akouala,50,Dolisie,Santé,Technicien de laboratoire,Master (BAC+5),1,kinésithérapie; santé publique; conception de programmes; laboratoire médical,autonomie; sens de l'organisation; travail en équipe; prise d'initiative,français; lingala,"Technicien de laboratoire avec 1 ans d'expérience dans le domaine santé. Niveau d'études : Master (BAC+5). Compétences principales : kinésithérapie, santé publique, conception de programmes, laboratoire médical. Qualités : autonomie, sens de l'organisation, travail en équipe, prise d'initiative. Langues parlées : français, lingala. Basé(e) à Dolisie, mobilité possible sur le territoire national."
D0033,Bénédicte Samba,32,Brazzaville,Télécommunications,Technicien fibre optique,Doctorat,1,radiofréquence; fibre optique; voip; transmission; maintenance télécom; réseaux mobiles,rigueur; autonomie; adaptabilité; prise d'initiative,français; kituba; anglais; lingala,"Technicien fibre optique avec 1 ans d'expérience dans le domaine télécommunications. Niveau d'études : Doctorat. Compétences principales : radiofréquence, fibre optique, voip, transmission, maintenance télécom, réseaux mobiles. Qualités : rigueur, autonomie, adaptabilité, prise d'initiative. Langues parlées : français, kituba, anglais, lingala. Basé(e) à Brazzaville, mobilité possible sur le territoire national."
D0034,Destin Akouala,28,Brazzaville,Santé,Sage-femme,BAC,3,nutrition; santé publique; droit du travail; soins infirmiers,autonomie; rigueur,français; lingala; anglais,"Sage-femme avec 3 ans d'expérience dans le domaine santé. Niveau d'études : BAC. Compétences principales : nutrition, santé publique, droit du travail, soins infirmiers. Qualités : autonomie, rigueur. Langues parlées : français, lingala, anglais. Basé(e) à Brazzaville, mobilité possible sur le territoire national."
D0035,Serge Bakala,29,Pointe-Noire,Télécommunications,Technicien fibre optique,BEPC,4,fibre optique; radiofréquence; maintenance télécom; transmission; réseaux mobiles; bss/oss,adaptabilité; leadership; travail en équipe,français; kituba,"Technicien fibre optique avec 4 ans d'expérience dans le domaine télécommunications. Niveau d'études : BEPC. Compétences principales : fibre optique, radiofréquence, maintenance télécom, transmission, réseaux mobiles, bss/oss. Qualités : adaptabilité, leadership, travail en équipe. Langues parlées : français, kituba. Basé(e) à Pointe-Noire, mobilité possible sur le territoire national."
D0036,Rodrigue Nguesso,26,Brazzaville,Banque / Finance,Agent de microfinance,Master (BAC+5),12,audit; gestion de trésorerie; ohada; microfinance; fiscalité,prise d'initiative; rigueur; gestion du temps; sens de l'organisation,français; anglais; kituba,"Agent de microfinance avec 12 ans d'expérience dans le domaine banque / finance. Niveau d'études : Master (BAC+5). Compétences principales : audit, gestion de trésorerie, ohada, microfinance, fiscalité. Qualités : prise d'initiative, rigueur, gestion du temps, sens de l'organisation. Langues parlées : français, anglais, kituba. Basé(e) à Brazzaville, mobilité possible sur le territoire national."
D0037,Pamela Ondongo,34,Dolisie,BTP / Construction,Conducteur de travaux,BAC,0,menuiserie; topographie; conduite de travaux; dessin technique; plomberie,communication; leadership; travail en équipe; rigueur,français; kituba,"Conducteur de travaux avec 0 ans d'expérience dans le domaine btp / construction. Niveau d'études : BAC. Compétences principales : menuiserie, topographie, conduite de travaux, dessin technique, plomberie. Qualités : communication, leadership, travail en équipe, rigueur. Langues parlées : français, kituba. Basé(e) à Dolisie, mobilité possible sur le territoire national."
D0038,Jean Tchicaya,37,Pointe-Noire,Logistique / Transport,Déclarant en douane,BAC,6,manutention portuaire; gestion de flotte; gestion de stock; planification logistique; transit; conduite poids lourds; magasinage,communication; travail en équipe,français; anglais; kituba,"Déclarant en douane avec 6 ans d'expérience dans le domaine logistique / transport. Niveau d'études : BAC. Compétences principales : manutention portuaire, gestion de flotte, gestion de stock, planification logistique, transit, conduite poids lourds, magasinage. Qualités : communication, travail en équipe. Langues parlées : français, anglais, kituba. Basé(e) à Pointe-Noire, mobilité possible sur le territoire national."
D0039,Serge Nguesso,50,Nkayi,Agriculture / Agroalimentaire,Agronome,BAC+2 (BTS/DUT),12,agronomie; gestion coopérative; sylviculture; maraîchage; transformation alimentaire; élevage,autonomie; travail en équipe; communication; esprit d'analyse,français; anglais,"Agronome avec 12 ans d'expérience dans le domaine agriculture / agroalimentaire. Niveau d'études : BAC+2 (BTS/DUT). Compétences principales : agronomie, gestion coopérative, sylviculture, maraîchage, transformation alimentaire, élevage. Qualités : autonomie, travail en équipe, communication, esprit d'analyse. Langues parlées : français, anglais. Basé(e) à Nkayi, mobilité possible sur le territoire national."
D0040,Pamela Itoua,45,Brazzaville,Agriculture / Agroalimentaire,Chef d'exploitation,BAC,3,élevage; gestion coopérative; maraîchage; pêche; agronomie,adaptabilité; gestion du temps; prise d'initiative,français; lingala,"Chef d'exploitation avec 3 ans d'expérience dans le domaine agriculture / agroalimentaire. Niveau d'études : BAC. Compétences principales : élevage, gestion coopérative, maraîchage, pêche, agronomie. Qualités : adaptabilité, gestion du temps, prise d'initiative. Langues parlées : français, lingala. Basé(e) à Brazzaville, mobilité possible sur le territoire national."
D0041,Prince Tchicaya,51,Brazzaville,Agriculture / Agroalimentaire,Agent de transformation,Licence (BAC+3),6,élevage; sylviculture; électromécanique; gestion coopérative; agronomie,sens de l'organisation; esprit d'analyse; gestion du temps; travail en équipe,français; kituba; lingala; anglais,"Agent de transformation avec 6 ans d'expérience dans le domaine agriculture / agroalimentaire. Niveau d'études : Licence (BAC+3). Compétences principales : élevage, sylviculture, électromécanique, gestion coopérative, agronomie. Qualités : sens de l'organisation, esprit d'analyse, gestion du temps, travail en équipe. Langues parlées : français, kituba, lingala, anglais. Basé(e) à Brazzaville, mobilité possible sur le territoire national."
D0042,Pierre Tchicaya,37,Ouesso,Pétrole / Gaz / Énergie,Soudeur qualifié,BAC+2 (BTS/DUT),8,instrumentation; inspection technique; forage; gestion hôtelière,communication; rigueur; prise d'initiative,français; anglais,"Soudeur qualifié avec 8 ans d'expérience dans le domaine pétrole / gaz / énergie. Niveau d'études : BAC+2 (BTS/DUT). Compétences principales : instrumentation, inspection technique, forage, gestion hôtelière. Qualités : communication, rigueur, prise d'initiative. Langues parlées : français, anglais. Basé(e) à Ouesso, mobilité possible sur le territoire national."
D0043,Duval Mbochi,29,Dolisie,Éducation / Formation,Répétiteur,BAC,1,pédagogie; conception de programmes; alphabétisation; encadrement scolaire; enseignement; formation professionnelle,autonomie; gestion du temps,français; kituba,"Répétiteur avec 1 ans d'expérience dans le domaine éducation / formation. Niveau d'études : BAC. Compétences principales : pédagogie, conception de programmes, alphabétisation, encadrement scolaire, enseignement, formation professionnelle. Qualités : autonomie, gestion du temps. Langues parlées : français, kituba. Basé(e) à Dolisie, mobilité possible sur le territoire national."
D0044,Pamela Ngoma,29,Dolisie,Commerce / Vente / Marketing,Responsable des ventes,Licence (BAC+3),10,étude de marché; merchandising; gestion de clientèle; marketing digital; négociation commerciale,rigueur; gestion du temps; prise d'initiative; sens de l'organisation,français; kituba,"Responsable des ventes avec 10 ans d'expérience dans le domaine commerce / vente / marketing. Niveau d'études : Licence (BAC+3). Compétences principales : étude de marché, merchandising, gestion de clientèle, marketing digital, négociation commerciale. Qualités : rigueur, gestion du temps, prise d'initiative, sens de l'organisation. Langues parlées : français, kituba. Basé(e) à Dolisie, mobilité possible sur le territoire national."
D0045,Bénédicte Malonga,45,Pointe-Noire,Commerce / Vente / Marketing,Chargé de marketing,Master (BAC+5),7,service client; étude de marché; merchandising; vente,communication; sens de l'organisation; esprit d'analyse,français; lingala,"Chargé de marketing avec 7 ans d'expérience dans le domaine commerce / vente / marketing. Niveau d'études : Master (BAC+5). Compétences principales : service client, étude de marché, merchandising, vente. Qualités : communication, sens de l'organisation, esprit d'analyse. Langues parlées : français, lingala. Basé(e) à Pointe-Noire, mobilité possible sur le territoire national."
D0046,Ruth Makosso,40,Brazzaville,Télécommunications,Technicien fibre optique,Doctorat,5,laboratoire médical; fibre optique; maintenance télécom; imagerie médicale; réseaux mobiles; transmission,communication; gestion du temps,français; anglais; lingala; kituba,"Technicien fibre optique avec 5 ans d'expérience dans le domaine télécommunications. Niveau d'études : Doctorat. Compétences principales : laboratoire médical, fibre optique, maintenance télécom, imagerie médicale, réseaux mobiles, transmission. Qualités : communication, gestion du temps. Langues parlées : français, anglais, lingala, kituba. Basé(e) à Brazzaville, mobilité possible sur le territoire national."
D0047,Armel Loemba,36,Brazzaville,Informatique / IT,Administrateur réseau,Licence (BAC+3),1,développement mobile; javascript; php; cybersécurité; excel avancé,leadership; prise d'initiative; sens de l'organisation; travail en équipe,français; anglais; lingala,"Administrateur réseau avec 1 ans d'expérience dans le domaine informatique / it. Niveau d'études : Licence (BAC+3). Compétences principales : développement mobile, javascript, php, cybersécurité, excel avancé. Qualités : leadership, prise d'initiative, sens de l'organisation, travail en équipe. Langues parlées : français, anglais, lingala. Basé(e) à Brazzaville, mobilité possible sur le territoire national."
D0048,Merveille Samba,42,Ouesso,Télécommunications,Superviseur réseau,Master (BAC+5),2,community management; voip; maintenance télécom,gestion du temps; autonomie; esprit d'analyse,français; kituba,"Superviseur réseau avec 2 ans d'expérience dans le domaine télécommunications. Niveau d'études : Master (BAC+5). Compétences principales : community management, voip, maintenance télécom. Qualités : gestion du temps, autonomie, esprit d'analyse. Langues parlées : français, kituba. Basé(e) à Ouesso, mobilité possible sur le territoire national."
D0049,Exaucé Koumba,28,Brazzaville,Administration / RH / Juridique,Gestionnaire de paie,Master (BAC+5),10,gestion des ressources humaines; passation de marchés; rédaction juridique; secrétariat; droit du travail,prise d'initiative; travail en équipe,français; lingala; kituba,"Gestionnaire de paie avec 10 ans d'expérience dans le domaine administration / rh / juridique. Niveau d'études : Master (BAC+5). Compétences principales : gestion des ressources humaines, passation de marchés, rédaction juridique, secrétariat, droit du travail. Qualités : prise d'initiative, travail en équipe. Langues parlées : français, lingala, kituba. Basé(e) à Brazzaville, mobilité possible sur le territoire national."
D0050,Antoine Bouity,30,Brazzaville,Télécommunications,Technicien de maintenance télécom,Licence (BAC+3),1,pâtisserie; fibre optique; maintenance télécom; transmission; réseaux mobiles,autonomie; adaptabilité,français; lingala,"Technicien de maintenance télécom avec 1 ans d'expérience dans le domaine télécommunications. Niveau d'études : Licence (BAC+3). Compétences principales : pâtisserie, fibre optique, maintenance télécom, transmission, réseaux mobiles. Qualités : autonomie, adaptabilité. Langues parlées : français, lingala. Basé(e) à Brazzaville, mobilité possible sur le territoire national."
D0051,Jean Bouity,44,Pointe-Noire,Logistique / Transport,Responsable logistique,BAC,12,planification logistique; conduite poids lourds; gestion de flotte; gestion de stock; manutention portuaire; supply chain,rigueur; gestion du temps,français; lingala; kituba,"Responsable logistique avec 12 ans d'expérience dans le domaine logistique / transport. Niveau d'études : BAC. Compétences principales : planification logistique, conduite poids lourds, gestion de flotte, gestion de stock, manutention portuaire, supply chain. Qualités : rigueur, gestion du temps. Langues parlées : français, lingala, kituba. Basé(e) à Pointe-Noire, mobilité possible sur le territoire national."
D0052,Ruth Bakala,27,Owando,Télécommunications,Superviseur réseau,BAC,3,voip; réseaux mobiles; bss/oss,prise d'initiative; sens de l'organisation,français; lingala; anglais; kituba,"Superviseur réseau avec 3 ans d'expérience dans le domaine télécommunications. Niveau d'études : BAC. Compétences principales : voip, réseaux mobiles, bss/oss. Qualités : prise d'initiative, sens de l'organisation. Langues parlées : français, lingala, anglais, kituba. Basé(e) à Owando, mobilité possible sur le territoire national."
D0053,Duval Itoua,46,Pointe-Noire,Banque / Finance,Agent de microfinance,Licence (BAC+3),0,audit; gestion de trésorerie; gestion des risques,gestion du temps; esprit d'analyse,français; kituba; lingala; anglais,"Agent de microfinance avec 0 ans d'expérience dans le domaine banque / finance. Niveau d'études : Licence (BAC+3). Compétences principales : audit, gestion de trésorerie, gestion des risques. Qualités : gestion du temps, esprit d'analyse. Langues parlées : français, kituba, lingala, anglais. Basé(e) à Pointe-Noire, mobilité possible sur le territoire national."
D0054,Exaucé Bakala,21,Brazzaville,Logistique / Transport,Gestionnaire de flotte,BAC,12,manutention portuaire; conduite poids lourds; transit; pédagogie; planification logistique; supply chain,travail en équipe; gestion du temps; autonomie,français; kituba,"Gestionnaire de flotte avec 12 ans d'expérience dans le domaine logistique / transport. Niveau d'études : BAC. Compétences principales : manutention portuaire, conduite poids lourds, transit, pédagogie, planification logistique, supply chain. Qualités : travail en équipe, gestion du temps, autonomie. Langues parlées : français, kituba. Basé(e) à Brazzaville, mobilité possible sur le territoire national."
D0055,Fortuné Nkouka,54,Brazzaville,Informatique / IT,Technicien informatique,BAC,0,javascript; analyse de données; maintenance informatique; php,sens de l'organisation; rigueur,français; anglais,"Technicien informatique avec 0 ans d'expérience dans le domaine informatique / it. Niveau d'études : BAC. Compétences principales : javascript, analyse de données, maintenance informatique, php. Qualités : sens de l'organisation, rigueur. Langues parlées : français, anglais. Basé(e) à Brazzaville, mobilité possible sur le territoire national."
D0056,Paul Moukala,50,Dolisie,Logistique / Transport,Agent de transit,BAC,1,gestion de stock; douane; magasinage,rigueur; adaptabilité; travail en équipe,français; lingala,"Agent de transit avec 1 ans d'expérience dans le domaine logistique / transport. Niveau d'études : BAC. Compétences principales : gestion de stock, douane, magasinage. Qualités : rigueur, adaptabilité, travail en équipe. Langues parlées : français, lingala. Basé(e) à Dolisie, mobilité possible sur le territoire national."
D0057,Jean Mabiala,40,Pointe-Noire,Commerce / Vente / Marketing,Commercial terrain,BAC+2 (BTS/DUT),6,négociation commerciale; caisse; community management; service client; merchandising; vente; marketing digital,sens de l'organisation; autonomie; esprit d'analyse; adaptabilité,français; kituba; lingala,"Commercial terrain avec 6 ans d'expérience dans le domaine commerce / vente / marketing. Niveau d'études : BAC+2 (BTS/DUT). Compétences principales : négociation commerciale, caisse, community management, service client, merchandising, vente, marketing digital. Qualités : sens de l'organisation, autonomie, esprit d'analyse, adaptabilité. Langues parlées : français, kituba, lingala. Basé(e) à Pointe-Noire, mobilité possible sur le territoire national."
D0058,Grâce Mavoungou,49,Pointe-Noire,Administration / RH / Juridique,Gestionnaire de paie,Licence (BAC+3),4,fiscalité; rédaction juridique; passation de marchés; gestion administrative; archivage; droit du travail; secrétariat,prise d'initiative; gestion du temps; communication; sens de l'organisation,français; anglais; lingala; kituba,"Gestionnaire de paie avec 4 ans d'expérience dans le domaine administration / rh / juridique. Niveau d'études : Licence (BAC+3). Compétences principales : fiscalité, rédaction juridique, passation de marchés, gestion administrative, archivage, droit du travail, secrétariat. Qualités : prise d'initiative, gestion du temps, communication, sens de l'organisation. Langues parlées : français, anglais, lingala, kituba. Basé(e) à Pointe-Noire, mobilité possible sur le territoire national."
D0059,Nadège Bouity,55,Brazzaville,Éducation / Formation,Formateur professionnel,Master (BAC+5),6,formation professionnelle; conception de programmes; alphabétisation,autonomie; adaptabilité; leadership; sens de l'organisation,français; kituba,"Formateur professionnel avec 6 ans d'expérience dans le domaine éducation / formation. Niveau d'études : Master (BAC+5). Compétences principales : formation professionnelle, conception de programmes, alphabétisation. Qualités : autonomie, adaptabilité, leadership, sens de l'organisation. Langues parlées : français, kituba. Basé(e) à Brazzaville, mobilité possible sur le territoire national."
D0060,Merveille Bouity,43,Brazzaville,Informatique / IT,Chef de projet IT,BEPC,4,cybersécurité; développement web; bases de données; java; développement mobile; machine learning; analyse de données,travail en équipe; autonomie; sens de l'organisation; leadership,français; lingala; anglais; kituba,"Chef de projet IT avec 4 ans d'expérience dans le domaine informatique / it. Niveau d'études : BEPC. Compétences principales : cybersécurité, développement web, bases de données, java, développement mobile, machine learning, analyse de données. Qualités : travail en équipe, autonomie, sens de l'organisation, leadership. Langues parlées : français, lingala, anglais, kituba. Basé(e) à Brazzaville, mobilité possible sur le territoire national."
D0061,Serge Ngoma,29,Ouesso,Pétrole / Gaz / Énergie,Technicien HSE,BAC,3,maintenance industrielle; soudure; inspection technique; forage; instrumentation; électromécanique; hse,leadership; autonomie,français; lingala,"Technicien HSE avec 3 ans d'expérience dans le domaine pétrole / gaz / énergie. Niveau d'études : BAC. Compétences principales : maintenance industrielle, soudure, inspection technique, forage, instrumentation, électromécanique, hse. Qualités : leadership, autonomie. Langues parlées : français, lingala. Basé(e) à Ouesso, mobilité possible sur le territoire national."
D0062,Serge Koumba,23,Dolisie,Hôtellerie / Restauration,Cuisinier,BAC,1,cuisine; gestion hôtelière; service en salle,gestion du temps; esprit d'analyse; adaptabilité,français; anglais; kituba,"Cuisinier avec 1 ans d'expérience dans le domaine hôtellerie / restauration. Niveau d'études : BAC. Compétences principales : cuisine, gestion hôtelière, service en salle. Qualités : gestion du temps, esprit d'analyse, adaptabilité. Langues parlées : français, anglais, kituba. Basé(e) à Dolisie, mobilité possible sur le territoire national."
D0063,Serge Itoua,39,Pointe-Noire,Banque / Finance,Agent de microfinance,BEPC,4,fiscalité; conformité bancaire; ohada,esprit d'analyse; prise d'initiative; gestion du temps,français; lingala; kituba,"Agent de microfinance avec 4 ans d'expérience dans le domaine banque / finance. Niveau d'études : BEPC. Compétences principales : fiscalité, conformité bancaire, ohada. Qualités : esprit d'analyse, prise d'initiative, gestion du temps. Langues parlées : français, lingala, kituba. Basé(e) à Pointe-Noire, mobilité possible sur le territoire national."
D0064,Pamela Samba,55,Pointe-Noire,Informatique / IT,Chef de projet IT,BAC+2 (BTS/DUT),11,python; excel avancé; php; sql; analyse de données; javascript; linux,adaptabilité; communication; travail en équipe,français; lingala; anglais,"Chef de projet IT avec 11 ans d'expérience dans le domaine informatique / it. Niveau d'études : BAC+2 (BTS/DUT). Compétences principales : python, excel avancé, php, sql, analyse de données, javascript, linux. Qualités : adaptabilité, communication, travail en équipe. Langues parlées : français, lingala, anglais. Basé(e) à Pointe-Noire, mobilité possible sur le territoire national."
D0065,Chris Malonga,49,Brazzaville,Télécommunications,Ingénieur radio,BAC+2 (BTS/DUT),8,bss/oss; voip; fibre optique,travail en équipe; esprit d'analyse; communication,français; anglais; kituba; lingala,"Ingénieur radio avec 8 ans d'expérience dans le domaine télécommunications. Niveau d'études : BAC+2 (BTS/DUT). Compétences principales : bss/oss, voip, fibre optique. Qualités : travail en équipe, esprit d'analyse, communication. Langues parlées : français, anglais, kituba, lingala. Basé(e) à Brazzaville, mobilité possible sur le territoire national."
D0066,Sylvie Bemba,52,Brazzaville,Hôtellerie / Restauration,Cuisinier,BAC,1,housekeeping; cuisine; service en salle,prise d'initiative; gestion du temps; communication,français; anglais; kituba,"Cuisinier avec 1 ans d'expérience dans le domaine hôtellerie / restauration. Niveau d'études : BAC. Compétences principales : housekeeping, cuisine, service en salle. Qualités : prise d'initiative, gestion du temps, communication. Langues parlées : français, anglais, kituba. Basé(e) à Brazzaville, mobilité possible sur le territoire national."
D0067,Serge Bakala,40,Pointe-Noire,Télécommunications,Technicien de maintenance télécom,BAC,5,transmission; bss/oss; fibre optique; réseaux mobiles; transformation alimentaire,leadership; prise d'initiative,français; kituba; anglais; lingala,"Technicien de maintenance télécom avec 5 ans d'expérience dans le domaine télécommunications. Niveau d'études : BAC. Compétences principales : transmission, bss/oss, fibre optique, réseaux mobiles, transformation alimentaire. Qualités : leadership, prise d'initiative. Langues parlées : français, kituba, anglais, lingala. Basé(e) à Pointe-Noire, mobilité possible sur le territoire national."
D0068,Gloire Bakala,52,Ouesso,Banque / Finance,Comptable,BAC+2 (BTS/DUT),0,conformité bancaire; fiscalité; sage comptabilité; comptabilité; analyse financière; gestion des risques,autonomie; esprit d'analyse,français; kituba,"Comptable avec 0 ans d'expérience dans le domaine banque / finance. Niveau d'études : BAC+2 (BTS/DUT). Compétences principales : conformité bancaire, fiscalité, sage comptabilité, comptabilité, analyse financière, gestion des risques. Qualités : autonomie, esprit d'analyse. Langues parlées : français, kituba. Basé(e) à Ouesso, mobilité possible sur le territoire national."
D0069,Jean Ondongo,43,Brazzaville,Éducation / Formation,Formateur professionnel,Master (BAC+5),0,alphabétisation; enseignement; conception de programmes; formation professionnelle; encadrement scolaire; pédagogie,esprit d'analyse; sens de l'organisation; leadership; travail en équipe,français; lingala; anglais; kituba,"Formateur professionnel avec 0 ans d'expérience dans le domaine éducation / formation. Niveau d'études : Master (BAC+5). Compétences principales : alphabétisation, enseignement, conception de programmes, formation professionnelle, encadrement scolaire, pédagogie. Qualités : esprit d'analyse, sens de l'organisation, leadership, travail en équipe. Langues parlées : français, lingala, anglais, kituba. Basé(e) à Brazzaville, mobilité possible sur le territoire national."
D0070,Clarisse Koumba,41,Dolisie,Santé,Technicien de laboratoire,BAC+2 (BTS/DUT),7,imagerie médicale; nutrition; laboratoire médical; santé publique; soins infirmiers; kinésithérapie,adaptabilité; communication; prise d'initiative; travail en équipe,français; kituba; anglais,"Technicien de laboratoire avec 7 ans d'expérience dans le domaine santé. Niveau d'études : BAC+2 (BTS/DUT). Compétences principales : imagerie médicale, nutrition, laboratoire médical, santé publique, soins infirmiers, kinésithérapie. Qualités : adaptabilité, communication, prise d'initiative, travail en équipe. Langues parlées : français, kituba, anglais. Basé(e) à Dolisie, mobilité possible sur le territoire national."
D0071,Chris Bouity,31,Pointe-Noire,Pétrole / Gaz / Énergie,Mécanicien industriel,Licence (BAC+3),6,électromécanique; instrumentation; soudure; hse,communication; autonomie; gestion du temps; adaptabilité,français; anglais; lingala; kituba,"Mécanicien industriel avec 6 ans d'expérience dans le domaine pétrole / gaz / énergie. Niveau d'études : Licence (BAC+3). Compétences principales : électromécanique, instrumentation, soudure, hse. Qualités : communication, autonomie, gestion du temps, adaptabilité. Langues parlées : français, anglais, lingala, kituba. Basé(e) à Pointe-Noire, mobilité possible sur le territoire national."
D0072,Prince Bemba,30,Pointe-Noire,BTP / Construction,Ingénieur génie civil,Master (BAC+5),0,dessin technique; maçonnerie; conduite de travaux; plomberie; topographie; électricité bâtiment,sens de l'organisation; prise d'initiative,français; lingala; kituba; anglais,"Ingénieur génie civil avec 0 ans d'expérience dans le domaine btp / construction. Niveau d'études : Master (BAC+5). Compétences principales : dessin technique, maçonnerie, conduite de travaux, plomberie, topographie, électricité bâtiment. Qualités : sens de l'organisation, prise d'initiative. Langues parlées : français, lingala, kituba, anglais. Basé(e) à Pointe-Noire, mobilité possible sur le territoire national."
D0073,Serge Ondongo,38,Pointe-Noire,Hôtellerie / Restauration,Gouvernante,BAC+2 (BTS/DUT),2,réception hôtelière; service en salle; housekeeping; pâtisserie; gestion hôtelière; cuisine,sens de l'organisation; rigueur,français; kituba,"Gouvernante avec 2 ans d'expérience dans le domaine hôtellerie / restauration. Niveau d'études : BAC+2 (BTS/DUT). Compétences principales : réception hôtelière, service en salle, housekeeping, pâtisserie, gestion hôtelière, cuisine. Qualités : sens de l'organisation, rigueur. Langues parlées : français, kituba. Basé(e) à Pointe-Noire, mobilité possible sur le territoire national."
D0074,Paul Nkouka,25,Pointe-Noire,Éducation / Formation,Répétiteur,BAC,11,pédagogie; alphabétisation; encadrement scolaire; conception de programmes; enseignement; formation professionnelle,sens de l'organisation; communication; prise d'initiative,français; kituba,"Répétiteur avec 11 ans d'expérience dans le domaine éducation / formation. Niveau d'études : BAC. Compétences principales : pédagogie, alphabétisation, encadrement scolaire, conception de programmes, enseignement, formation professionnelle. Qualités : sens de l'organisation, communication, prise d'initiative. Langues parlées : français, kituba. Basé(e) à Pointe-Noire, mobilité possible sur le territoire national."
D0075,Ruth Itoua,50,Brazzaville,BTP / Construction,Ingénieur génie civil,Master (BAC+5),4,génie civil; béton armé; maçonnerie; menuiserie; métré,gestion du temps; communication,français; anglais; kituba; lingala,"Ingénieur génie civil avec 4 ans d'expérience dans le domaine btp / construction. Niveau d'études : Master (BAC+5). Compétences principales : génie civil, béton armé, maçonnerie, menuiserie, métré. Qualités : gestion du temps, communication. Langues parlées : français, anglais, kituba, lingala. Basé(e) à Brazzaville, mobilité possible sur le territoire national."
D0076,Grâce Mavoungou,49,Brazzaville,Commerce / Vente / Marketing,Chargé de marketing,BAC+2 (BTS/DUT),5,vente; community management; négociation commerciale,sens de l'organisation; prise d'initiative,français; lingala; kituba,"Chargé de marketing avec 5 ans d'expérience dans le domaine commerce / vente / marketing. Niveau d'études : BAC+2 (BTS/DUT). Compétences principales : vente, community management, négociation commerciale. Qualités : sens de l'organisation, prise d'initiative. Langues parlées : français, lingala, kituba. Basé(e) à Brazzaville, mobilité possible sur le territoire national."
D0077,Naomi Mabiala,54,Pointe-Noire,Pétrole / Gaz / Énergie,Soudeur qualifié,BAC,0,qhse; inspection technique; gestion de plateforme,leadership; autonomie,français; lingala; anglais,"Soudeur qualifié avec 0 ans d'expérience dans le domaine pétrole / gaz / énergie. Niveau d'études : BAC. Compétences principales : qhse, inspection technique, gestion de plateforme. Qualités : leadership, autonomie. Langues parlées : français, lingala, anglais. Basé(e) à Pointe-Noire, mobilité possible sur le territoire national."
D0078,Naomi Akouala,31,Brazzaville,Agriculture / Agroalimentaire,Chef d'exploitation,BAC,7,gestion coopérative; agronomie; maraîchage; sylviculture; pêche; élevage; transformation alimentaire,travail en équipe; adaptabilité; communication,français; anglais; lingala; kituba,"Chef d'exploitation avec 7 ans d'expérience dans le domaine agriculture / agroalimentaire. Niveau d'études : BAC. Compétences principales : gestion coopérative, agronomie, maraîchage, sylviculture, pêche, élevage, transformation alimentaire. Qualités : travail en équipe, adaptabilité, communication. Langues parlées : français, anglais, lingala, kituba. Basé(e) à Brazzaville, mobilité possible sur le territoire national."
D0079,Antoine Itoua,22,Kinkala,Télécommunications,Technicien de maintenance télécom,Sans diplôme,7,voip; réseaux mobiles; radiofréquence; fibre optique; transmission; maintenance télécom,autonomie; rigueur,français; anglais; kituba,"Technicien de maintenance télécom avec 7 ans d'expérience dans le domaine télécommunications. Niveau d'études : Sans diplôme. Compétences principales : voip, réseaux mobiles, radiofréquence, fibre optique, transmission, maintenance télécom. Qualités : autonomie, rigueur. Langues parlées : français, anglais, kituba. Basé(e) à Kinkala, mobilité possible sur le territoire national."
D0080,Chancelle Elenga,25,Brazzaville,Télécommunications,Technicien de maintenance télécom,Doctorat,5,maintenance télécom; réseaux mobiles; radiofréquence; transmission; bss/oss,esprit d'analyse; gestion du temps; adaptabilité,français; anglais; kituba,"Technicien de maintenance télécom avec 5 ans d'expérience dans le domaine télécommunications. Niveau d'études : Doctorat. Compétences principales : maintenance télécom, réseaux mobiles, radiofréquence, transmission, bss/oss. Qualités : esprit d'analyse, gestion du temps, adaptabilité. Langues parlées : français, anglais, kituba. Basé(e) à Brazzaville, mobilité possible sur le territoire national."
D0081,Naomi Koumba,37,Dolisie,Hôtellerie / Restauration,Gouvernante,Licence (BAC+3),1,gestion hôtelière; service en salle; réception hôtelière; pâtisserie; cuisine; housekeeping,autonomie; prise d'initiative; esprit d'analyse,français; kituba; lingala,"Gouvernante avec 1 ans d'expérience dans le domaine hôtellerie / restauration. Niveau d'études : Licence (BAC+3). Compétences principales : gestion hôtelière, service en salle, réception hôtelière, pâtisserie, cuisine, housekeeping. Qualités : autonomie, prise d'initiative, esprit d'analyse. Langues parlées : français, kituba, lingala. Basé(e) à Dolisie, mobilité possible sur le territoire national."
D0082,Grâce Bakala,43,Brazzaville,Télécommunications,Technicien de maintenance télécom,BEPC,2,fibre optique; voip; bss/oss,sens de l'organisation; leadership; travail en équipe,français; anglais; kituba; lingala,"Technicien de maintenance télécom avec 2 ans d'expérience dans le domaine télécommunications. Niveau d'études : BEPC. Compétences principales : fibre optique, voip, bss/oss. Qualités : sens de l'organisation, leadership, travail en équipe. Langues parlées : français, anglais, kituba, lingala. Basé(e) à Brazzaville, mobilité possible sur le territoire national."
D0083,Dieuveil Itoua,55,Brazzaville,Éducation / Formation,Répétiteur,BAC,0,encadrement scolaire; pédagogie; conception de programmes,adaptabilité; esprit d'analyse; communication,français; kituba; lingala; anglais,"Répétiteur avec 0 ans d'expérience dans le domaine éducation / formation. Niveau d'études : BAC. Compétences principales : encadrement scolaire, pédagogie, conception de programmes. Qualités : adaptabilité, esprit d'analyse, communication. Langues parlées : français, kituba, lingala, anglais. Basé(e) à Brazzaville, mobilité possible sur le territoire national."
D0084,Pamela Mabiala,54,Pointe-Noire,Pétrole / Gaz / Énergie,Soudeur qualifié,BAC+2 (BTS/DUT),2,tuyauterie; maintenance industrielle; instrumentation; qhse; production pétrolière,leadership; communication,français; kituba; lingala; anglais,"Soudeur qualifié avec 2 ans d'expérience dans le domaine pétrole / gaz / énergie. Niveau d'études : BAC+2 (BTS/DUT). Compétences principales : tuyauterie, maintenance industrielle, instrumentation, qhse, production pétrolière. Qualités : leadership, communication. Langues parlées : français, kituba, lingala, anglais. Basé(e) à Pointe-Noire, mobilité possible sur le territoire national."
D0085,Gloire Mabiala,45,Pointe-Noire,Logistique / Transport,Responsable logistique,BAC,5,douane; conduite poids lourds; planification logistique; transit,rigueur; leadership,français; kituba; anglais; lingala,"Responsable logistique avec 5 ans d'expérience dans le domaine logistique / transport. Niveau d'études : BAC. Compétences principales : douane, conduite poids lourds, planification logistique, transit. Qualités : rigueur, leadership. Langues parlées : français, kituba, anglais, lingala. Basé(e) à Pointe-Noire, mobilité possible sur le territoire national."
D0086,Fortuné Nguesso,53,Pointe-Noire,Hôtellerie / Restauration,Cuisinier,BEPC,9,housekeeping; pâtisserie; cuisine; gestion hôtelière; service en salle; réception hôtelière,esprit d'analyse; sens de l'organisation; adaptabilité,français; anglais; lingala; kituba,"Cuisinier avec 9 ans d'expérience dans le domaine hôtellerie / restauration. Niveau d'études : BEPC. Compétences principales : housekeeping, pâtisserie, cuisine, gestion hôtelière, service en salle, réception hôtelière. Qualités : esprit d'analyse, sens de l'organisation, adaptabilité. Langues parlées : français, anglais, lingala, kituba. Basé(e) à Pointe-Noire, mobilité possible sur le territoire national."
D0087,Dieuveil Mbochi,29,Pointe-Noire,Banque / Finance,Agent de microfinance,BEPC,1,contrôle de gestion; gestion de trésorerie; ohada; fiscalité,autonomie; rigueur,français; anglais; lingala,"Agent de microfinance avec 1 ans d'expérience dans le domaine banque / finance. Niveau d'études : BEPC. Compétences principales : contrôle de gestion, gestion de trésorerie, ohada, fiscalité. Qualités : autonomie, rigueur. Langues parlées : français, anglais, lingala. Basé(e) à Pointe-Noire, mobilité possible sur le territoire national."
D0088,Chancelle Ngoma,49,Pointe-Noire,Banque / Finance,Chargé de clientèle,BAC+2 (BTS/DUT),1,contrôle de gestion; sage comptabilité; comptabilité; gestion des risques; conformité bancaire; microfinance; fiscalité,rigueur; gestion du temps; travail en équipe,français; anglais; kituba; lingala,"Chargé de clientèle avec 1 ans d'expérience dans le domaine banque / finance. Niveau d'études : BAC+2 (BTS/DUT). Compétences principales : contrôle de gestion, sage comptabilité, comptabilité, gestion des risques, conformité bancaire, microfinance, fiscalité. Qualités : rigueur, gestion du temps, travail en équipe. Langues parlées : français, anglais, kituba, lingala. Basé(e) à Pointe-Noire, mobilité possible sur le territoire national."
D0089,Paul Akouala,40,Dolisie,Pétrole / Gaz / Énergie,Technicien HSE,Licence (BAC+3),2,tuyauterie; soudure; qhse; inspection technique,adaptabilité; leadership,français; kituba; lingala,"Technicien HSE avec 2 ans d'expérience dans le domaine pétrole / gaz / énergie. Niveau d'études : Licence (BAC+3). Compétences principales : tuyauterie, soudure, qhse, inspection technique. Qualités : adaptabilité, leadership. Langues parlées : français, kituba, lingala. Basé(e) à Dolisie, mobilité possible sur le territoire national."
D0090,Nadège Malonga,30,Madingou,BTP / Construction,Ingénieur génie civil,Master (BAC+5),10,voirie; dessin technique; conduite de travaux; topographie; génie civil,gestion du temps; prise d'initiative; rigueur,français; kituba,"Ingénieur génie civil avec 10 ans d'expérience dans le domaine btp / construction. Niveau d'études : Master (BAC+5). Compétences principales : voirie, dessin technique, conduite de travaux, topographie, génie civil. Qualités : gestion du temps, prise d'initiative, rigueur. Langues parlées : français, kituba. Basé(e) à Madingou, mobilité possible sur le territoire national."
D0091,Fortuné Moukala,28,Pointe-Noire,Commerce / Vente / Marketing,Responsable des ventes,BAC+2 (BTS/DUT),4,caisse; community management; gestion de clientèle; vente; étude de marché; merchandising,esprit d'analyse; rigueur; sens de l'organisation; autonomie,français; anglais; kituba; lingala,"Responsable des ventes avec 4 ans d'expérience dans le domaine commerce / vente / marketing. Niveau d'études : BAC+2 (BTS/DUT). Compétences principales : caisse, community management, gestion de clientèle, vente, étude de marché, merchandising. Qualités : esprit d'analyse, rigueur, sens de l'organisation, autonomie. Langues parlées : français, anglais, kituba, lingala. Basé(e) à Pointe-Noire, mobilité possible sur le territoire national."
D0092,Rodrigue Koumba,28,Nkayi,Logistique / Transport,Agent de transit,BAC,6,conduite poids lourds; gestion de stock; manutention portuaire; supply chain; planification logistique; transit,sens de l'organisation; autonomie; communication,français; anglais; kituba,"Agent de transit avec 6 ans d'expérience dans le domaine logistique / transport. Niveau d'études : BAC. Compétences principales : conduite poids lourds, gestion de stock, manutention portuaire, supply chain, planification logistique, transit. Qualités : sens de l'organisation, autonomie, communication. Langues parlées : français, anglais, kituba. Basé(e) à Nkayi, mobilité possible sur le territoire national."
D0093,Rodrigue Malonga,45,Brazzaville,Pétrole / Gaz / Énergie,Opérateur de production,Licence (BAC+3),11,inspection technique; électromécanique; hse; maintenance industrielle; instrumentation,gestion du temps; sens de l'organisation; travail en équipe; esprit d'analyse,français; kituba; lingala; anglais,"Opérateur de production avec 11 ans d'expérience dans le domaine pétrole / gaz / énergie. Niveau d'études : Licence (BAC+3). Compétences principales : inspection technique, électromécanique, hse, maintenance industrielle, instrumentation. Qualités : gestion du temps, sens de l'organisation, travail en équipe, esprit d'analyse. Langues parlées : français, kituba, lingala, anglais. Basé(e) à Brazzaville, mobilité possible sur le territoire national."
D0094,Serge Tchicaya,50,Sibiti,Administration / RH / Juridique,Assistant RH,Sans diplôme,6,rédaction juridique; gestion administrative; passation de marchés; archivage; secrétariat,prise d'initiative; autonomie; esprit d'analyse; gestion du temps,français; anglais; lingala,"Assistant RH avec 6 ans d'expérience dans le domaine administration / rh / juridique. Niveau d'études : Sans diplôme. Compétences principales : rédaction juridique, gestion administrative, passation de marchés, archivage, secrétariat. Qualités : prise d'initiative, autonomie, esprit d'analyse, gestion du temps. Langues parlées : français, anglais, lingala. Basé(e) à Sibiti, mobilité possible sur le territoire national."
D0095,Nadège Nguesso,53,Owando,Logistique / Transport,Magasinier,BAC,8,manutention portuaire; gestion de stock; planification logistique; magasinage; transit; conduite poids lourds; supply chain,rigueur; travail en équipe; communication; esprit d'analyse,français; lingala; kituba; anglais,"Magasinier avec 8 ans d'expérience dans le domaine logistique / transport. Niveau d'études : BAC. Compétences principales : manutention portuaire, gestion de stock, planification logistique, magasinage, transit, conduite poids lourds, supply chain. Qualités : rigueur, travail en équipe, communication, esprit d'analyse. Langues parlées : français, lingala, kituba, anglais. Basé(e) à Owando, mobilité possible sur le territoire national."
D0096,Ruth Samba,38,Brazzaville,BTP / Construction,Topographe,BAC+2 (BTS/DUT),5,électricité bâtiment; béton armé; métré; conduite de travaux; voirie; autocad,sens de l'organisation; adaptabilité; autonomie,français; lingala,"Topographe avec 5 ans d'expérience dans le domaine btp / construction. Niveau d'études : BAC+2 (BTS/DUT). Compétences principales : électricité bâtiment, béton armé, métré, conduite de travaux, voirie, autocad. Qualités : sens de l'organisation, adaptabilité, autonomie. Langues parlées : français, lingala. Basé(e) à Brazzaville, mobilité possible sur le territoire national."
D0097,Pamela Mabiala,48,Brazzaville,Hôtellerie / Restauration,Serveur,Licence (BAC+3),0,réception hôtelière; housekeeping; pâtisserie; gestion hôtelière; service en salle; cuisine,prise d'initiative; sens de l'organisation,français; kituba,"Serveur avec 0 ans d'expérience dans le domaine hôtellerie / restauration. Niveau d'études : Licence (BAC+3). Compétences principales : réception hôtelière, housekeeping, pâtisserie, gestion hôtelière, service en salle, cuisine. Qualités : prise d'initiative, sens de l'organisation. Langues parlées : français, kituba. Basé(e) à Brazzaville, mobilité possible sur le territoire national."
D0098,Sarah Malonga,26,Brazzaville,Télécommunications,Superviseur réseau,BAC,12,réseaux mobiles; radiofréquence; maintenance télécom; transmission; bss/oss; voip,communication; rigueur,français; anglais; lingala; kituba,"Superviseur réseau avec 12 ans d'expérience dans le domaine télécommunications. Niveau d'études : BAC. Compétences principales : réseaux mobiles, radiofréquence, maintenance télécom, transmission, bss/oss, voip. Qualités : communication, rigueur. Langues parlées : français, anglais, lingala, kituba. Basé(e) à Brazzaville, mobilité possible sur le territoire national."
D0099,Antoine Nguesso,46,Pointe-Noire,Télécommunications,Ingénieur radio,Licence (BAC+3),8,maintenance télécom; réseaux mobiles; bss/oss,esprit d'analyse; prise d'initiative; rigueur; gestion du temps,français; anglais,"Ingénieur radio avec 8 ans d'expérience dans le domaine télécommunications. Niveau d'études : Licence (BAC+3). Compétences principales : maintenance télécom, réseaux mobiles, bss/oss. Qualités : esprit d'analyse, prise d'initiative, rigueur, gestion du temps. Langues parlées : français, anglais. Basé(e) à Pointe-Noire, mobilité possible sur le territoire national."
D0100,Armel Akouala,51,Brazzaville,Banque / Finance,Agent de microfinance,BAC+2 (BTS/DUT),4,microfinance; conformité bancaire; analyse financière,autonomie; travail en équipe; sens de l'organisation; leadership,français; kituba,"Agent de microfinance avec 4 ans d'expérience dans le domaine banque / finance. Niveau d'études : BAC+2 (BTS/DUT). Compétences principales : microfinance, conformité bancaire, analyse financière. Qualités : autonomie, travail en équipe, sens de l'organisation, leadership. Langues parlées : français, kituba. Basé(e) à Brazzaville, mobilité possible sur le territoire national."
D0101,Armel Ngoma,52,Pointe-Noire,Banque / Finance,Analyste financier,BAC+2 (BTS/DUT),4,fiscalité; gestion de trésorerie; audit; contrôle de gestion; gestion des risques; conformité bancaire,autonomie; leadership; travail en équipe,français; lingala,"Analyste financier avec 4 ans d'expérience dans le domaine banque / finance. Niveau d'études : BAC+2 (BTS/DUT). Compétences principales : fiscalité, gestion de trésorerie, audit, contrôle de gestion, gestion des risques, conformité bancaire. Qualités : autonomie, leadership, travail en équipe. Langues parlées : français, lingala. Basé(e) à Pointe-Noire, mobilité possible sur le territoire national."
D0102,Naomi Samba,27,Brazzaville,Santé,Infirmier diplômé d'État,Licence (BAC+3),0,nutrition; kinésithérapie; sage-femme; soins infirmiers,gestion du temps; rigueur; esprit d'analyse,français; kituba; lingala,"Infirmier diplômé d'État avec 0 ans d'expérience dans le domaine santé. Niveau d'études : Licence (BAC+3). Compétences principales : nutrition, kinésithérapie, sage-femme, soins infirmiers. Qualités : gestion du temps, rigueur, esprit d'analyse. Langues parlées : français, kituba, lingala. Basé(e) à Brazzaville, mobilité possible sur le territoire national."
D0103,Chancelle Okemba,25,Dolisie,Commerce / Vente / Marketing,Community manager,BAC+2 (BTS/DUT),8,service client; community management; étude de marché; vente; marketing digital; caisse,rigueur; prise d'initiative; leadership; sens de l'organisation,français; anglais; kituba,"Community manager avec 8 ans d'expérience dans le domaine commerce / vente / marketing. Niveau d'études : BAC+2 (BTS/DUT). Compétences principales : service client, community management, étude de marché, vente, marketing digital, caisse. Qualités : rigueur, prise d'initiative, leadership, sens de l'organisation. Langues parlées : français, anglais, kituba. Basé(e) à Dolisie, mobilité possible sur le territoire national."
D0104,Pierre Mabiala,23,Dolisie,Agriculture / Agroalimentaire,Agent de transformation,BAC,10,agronomie; gestion coopérative; sylviculture; pêche; transformation alimentaire,rigueur; sens de l'organisation; leadership; communication,français; kituba; lingala; anglais,"Agent de transformation avec 10 ans d'expérience dans le domaine agriculture / agroalimentaire. Niveau d'études : BAC. Compétences principales : agronomie, gestion coopérative, sylviculture, pêche, transformation alimentaire. Qualités : rigueur, sens de l'organisation, leadership, communication. Langues parlées : français, kituba, lingala, anglais. Basé(e) à Dolisie, mobilité possible sur le territoire national."
D0105,Destin Mabiala,22,Pointe-Noire,Commerce / Vente / Marketing,Responsable des ventes,BEPC,7,service client; caisse; community management,travail en équipe; gestion du temps; autonomie; sens de l'organisation,français; kituba; lingala,"Responsable des ventes avec 7 ans d'expérience dans le domaine commerce / vente / marketing. Niveau d'études : BEPC. Compétences principales : service client, caisse, community management. Qualités : travail en équipe, gestion du temps, autonomie, sens de l'organisation. Langues parlées : français, kituba, lingala. Basé(e) à Pointe-Noire, mobilité possible sur le territoire national."
D0106,Divine Elenga,34,Kinkala,Logistique / Transport,Magasinier,Licence (BAC+3),5,gestion de flotte; conduite poids lourds; manutention portuaire; magasinage,gestion du temps; communication; leadership,français; lingala; anglais,"Magasinier avec 5 ans d'expérience dans le domaine logistique / transport. Niveau d'études : Licence (BAC+3). Compétences principales : gestion de flotte, conduite poids lourds, manutention portuaire, magasinage. Qualités : gestion du temps, communication, leadership. Langues parlées : français, lingala, anglais. Basé(e) à Kinkala, mobilité possible sur le territoire national."
D0107,Chris Samba,24,Pointe-Noire,Informatique / IT,Technicien informatique,Master (BAC+5),3,administration réseau; bases de données; linux; cybersécurité; développement mobile,gestion du temps; rigueur; sens de l'organisation; esprit d'analyse,français; lingala; anglais; kituba,"Technicien informatique avec 3 ans d'expérience dans le domaine informatique / it. Niveau d'études : Master (BAC+5). Compétences principales : administration réseau, bases de données, linux, cybersécurité, développement mobile. Qualités : gestion du temps, rigueur, sens de l'organisation, esprit d'analyse. Langues parlées : français, lingala, anglais, kituba. Basé(e) à Pointe-Noire, mobilité possible sur le territoire national."
D0108,Ruth Samba,40,Pointe-Noire,Pétrole / Gaz / Énergie,Soudeur qualifié,Licence (BAC+3),7,gestion de plateforme; forage; maintenance industrielle; qhse; inspection technique; soudure,sens de l'organisation; rigueur,français; lingala,"Soudeur qualifié avec 7 ans d'expérience dans le domaine pétrole / gaz / énergie. Niveau d'études : Licence (BAC+3). Compétences principales : gestion de plateforme, forage, maintenance industrielle, qhse, inspection technique, soudure. Qualités : sens de l'organisation, rigueur. Langues parlées : français, lingala. Basé(e) à Pointe-Noire, mobilité possible sur le territoire national."
D0109,Antoine Itoua,42,Pointe-Noire,Administration / RH / Juridique,Assistant RH,Licence (BAC+3),0,secrétariat; droit du travail; paie; gestion administrative; rédaction juridique,autonomie; prise d'initiative; travail en équipe,français; anglais,"Assistant RH avec 0 ans d'expérience dans le domaine administration / rh / juridique. Niveau d'études : Licence (BAC+3). Compétences principales : secrétariat, droit du travail, paie, gestion administrative, rédaction juridique. Qualités : autonomie, prise d'initiative, travail en équipe. Langues parlées : français, anglais. Basé(e) à Pointe-Noire, mobilité possible sur le territoire national."
D0110,Prince Ondongo,55,Ouesso,Télécommunications,Technicien fibre optique,BAC,3,transmission; voip; bss/oss; maintenance télécom; fibre optique; réseaux mobiles; radiofréquence,sens de l'organisation; esprit d'analyse,français; kituba,"Technicien fibre optique avec 3 ans d'expérience dans le domaine télécommunications. Niveau d'études : BAC. Compétences principales : transmission, voip, bss/oss, maintenance télécom, fibre optique, réseaux mobiles, radiofréquence. Qualités : sens de l'organisation, esprit d'analyse. Langues parlées : français, kituba. Basé(e) à Ouesso, mobilité possible sur le territoire national."
D0111,Exaucé Mbochi,50,Owando,Éducation / Formation,Formateur professionnel,BAC,10,encadrement scolaire; pédagogie; conception de programmes; enseignement; alphabétisation; formation professionnelle,communication; esprit d'analyse; adaptabilité,français; kituba; lingala,"Formateur professionnel avec 10 ans d'expérience dans le domaine éducation / formation. Niveau d'études : BAC. Compétences principales : encadrement scolaire, pédagogie, conception de programmes, enseignement, alphabétisation, formation professionnelle. Qualités : communication, esprit d'analyse, adaptabilité. Langues parlées : français, kituba, lingala. Basé(e) à Owando, mobilité possible sur le territoire national."
D0112,Armel Bouity,36,Pointe-Noire,BTP / Construction,Topographe,Master (BAC+5),8,autocad; génie civil; dessin technique; plomberie; topographie,esprit d'analyse; rigueur; sens de l'organisation; prise d'initiative,français; kituba; anglais; lingala,"Topographe avec 8 ans d'expérience dans le domaine btp / construction. Niveau d'études : Master (BAC+5). Compétences principales : autocad, génie civil, dessin technique, plomberie, topographie. Qualités : esprit d'analyse, rigueur, sens de l'organisation, prise d'initiative. Langues parlées : français, kituba, anglais, lingala. Basé(e) à Pointe-Noire, mobilité possible sur le territoire national."
D0113,Exaucé Malonga,44,Brazzaville,Santé,Technicien de laboratoire,BEPC,2,nutrition; soins infirmiers; kinésithérapie; sage-femme; laboratoire médical; imagerie médicale,adaptabilité; gestion du temps; travail en équipe,français; anglais; kituba,"Technicien de laboratoire avec 2 ans d'expérience dans le domaine santé. Niveau d'études : BEPC. Compétences principales : nutrition, soins infirmiers, kinésithérapie, sage-femme, laboratoire médical, imagerie médicale. Qualités : adaptabilité, gestion du temps, travail en équipe. Langues parlées : français, anglais, kituba. Basé(e) à Brazzaville, mobilité possible sur le territoire national."
D0114,Destin Elenga,24,Kinkala,Administration / RH / Juridique,Assistant RH,BAC+2 (BTS/DUT),3,rédaction juridique; droit du travail; secrétariat; archivage; gestion administrative; gestion des ressources humaines,adaptabilité; leadership; sens de l'organisation; prise d'initiative,français; anglais,"Assistant RH avec 3 ans d'expérience dans le domaine administration / rh / juridique. Niveau d'études : BAC+2 (BTS/DUT). Compétences principales : rédaction juridique, droit du travail, secrétariat, archivage, gestion administrative, gestion des ressources humaines. Qualités : adaptabilité, leadership, sens de l'organisation, prise d'initiative. Langues parlées : français, anglais. Basé(e) à Kinkala, mobilité possible sur le territoire national."
D0115,Sarah Makosso,53,Pointe-Noire,Télécommunications,Technicien fibre optique,Master (BAC+5),0,réseaux mobiles; transmission; fibre optique; javascript,esprit d'analyse; adaptabilité; travail en équipe; autonomie,français; kituba; lingala; anglais,"Technicien fibre optique avec 0 ans d'expérience dans le domaine télécommunications. Niveau d'études : Master (BAC+5). Compétences principales : réseaux mobiles, transmission, fibre optique, javascript. Qualités : esprit d'analyse, adaptabilité, travail en équipe, autonomie. Langues parlées : français, kituba, lingala, anglais. Basé(e) à Pointe-Noire, mobilité possible sur le territoire national."
D0116,Divine Mabiala,45,Brazzaville,Hôtellerie / Restauration,Serveur,BAC,0,cuisine; gestion hôtelière; housekeeping; pâtisserie; réception hôtelière,sens de l'organisation; leadership,français; anglais; kituba; lingala,"Serveur avec 0 ans d'expérience dans le domaine hôtellerie / restauration. Niveau d'études : BAC. Compétences principales : cuisine, gestion hôtelière, housekeeping, pâtisserie, réception hôtelière. Qualités : sens de l'organisation, leadership. Langues parlées : français, anglais, kituba, lingala. Basé(e) à Brazzaville, mobilité possible sur le territoire national."
D0117,Pierre Mavoungou,26,Brazzaville,Commerce / Vente / Marketing,Caissier,BEPC,1,community management; négociation commerciale; étude de marché; merchandising,communication; gestion du temps,français; anglais,"Caissier avec 1 ans d'expérience dans le domaine commerce / vente / marketing. Niveau d'études : BEPC. Compétences principales : community management, négociation commerciale, étude de marché, merchandising. Qualités : communication, gestion du temps. Langues parlées : français, anglais. Basé(e) à Brazzaville, mobilité possible sur le territoire national."
D0118,Esther Makosso,29,Madingou,Agriculture / Agroalimentaire,Agronome,Master (BAC+5),8,élevage; pêche; gestion coopérative; maraîchage,travail en équipe; communication; autonomie,français; anglais; lingala; kituba,"Agronome avec 8 ans d'expérience dans le domaine agriculture / agroalimentaire. Niveau d'études : Master (BAC+5). Compétences principales : élevage, pêche, gestion coopérative, maraîchage. Qualités : travail en équipe, communication, autonomie. Langues parlées : français, anglais, lingala, kituba. Basé(e) à Madingou, mobilité possible sur le territoire national."
D0119,Grâce Mabiala,45,Brazzaville,Hôtellerie / Restauration,Serveur,Doctorat,5,réception hôtelière; service en salle; gestion hôtelière,gestion du temps; sens de l'organisation; adaptabilité; rigueur,français; lingala; kituba; anglais,"Serveur avec 5 ans d'expérience dans le domaine hôtellerie / restauration. Niveau d'études : Doctorat. Compétences principales : réception hôtelière, service en salle, gestion hôtelière. Qualités : gestion du temps, sens de l'organisation, adaptabilité, rigueur. Langues parlées : français, lingala, kituba, anglais. Basé(e) à Brazzaville, mobilité possible sur le territoire national."
D0120,Prince Ngoma,44,Brazzaville,Santé,Technicien de laboratoire,BEPC,2,kinésithérapie; supply chain; imagerie médicale; sage-femme,prise d'initiative; gestion du temps,français; kituba; lingala; anglais,"Technicien de laboratoire avec 2 ans d'expérience dans le domaine santé. Niveau d'études : BEPC. Compétences principales : kinésithérapie, supply chain, imagerie médicale, sage-femme. Qualités : prise d'initiative, gestion du temps. Langues parlées : français, kituba, lingala, anglais. Basé(e) à Brazzaville, mobilité possible sur le territoire national."
D0121,Antoine Mabiala,40,Brazzaville,Santé,Agent de santé communautaire,BAC+2 (BTS/DUT),8,soins infirmiers; laboratoire médical; sage-femme,autonomie; communication; leadership,français; kituba; lingala; anglais,"Agent de santé communautaire avec 8 ans d'expérience dans le domaine santé. Niveau d'études : BAC+2 (BTS/DUT). Compétences principales : soins infirmiers, laboratoire médical, sage-femme. Qualités : autonomie, communication, leadership. Langues parlées : français, kituba, lingala, anglais. Basé(e) à Brazzaville, mobilité possible sur le territoire national."
D0122,Ruth Itoua,43,Brazzaville,Éducation / Formation,Enseignant,BEPC,7,conception de programmes; encadrement scolaire; merchandising; pédagogie; négociation commerciale; enseignement; formation professionnelle,autonomie; prise d'initiative; esprit d'analyse,français; kituba,"Enseignant avec 7 ans d'expérience dans le domaine éducation / formation. Niveau d'études : BEPC. Compétences principales : conception de programmes, encadrement scolaire, merchandising, pédagogie, négociation commerciale, enseignement, formation professionnelle. Qualités : autonomie, prise d'initiative, esprit d'analyse. Langues parlées : français, kituba. Basé(e) à Brazzaville, mobilité possible sur le territoire national."
D0123,Pamela Okemba,40,Brazzaville,Logistique / Transport,Déclarant en douane,Master (BAC+5),1,manutention portuaire; supply chain; gestion de stock; transit; douane; gestion de flotte,adaptabilité; gestion du temps; prise d'initiative,français; anglais; lingala; kituba,"Déclarant en douane avec 1 ans d'expérience dans le domaine logistique / transport. Niveau d'études : Master (BAC+5). Compétences principales : manutention portuaire, supply chain, gestion de stock, transit, douane, gestion de flotte. Qualités : adaptabilité, gestion du temps, prise d'initiative. Langues parlées : français, anglais, lingala, kituba. Basé(e) à Brazzaville, mobilité possible sur le territoire national."
D0124,Dieuveil Akouala,49,Kinkala,Banque / Finance,Comptable,Master (BAC+5),6,fiscalité; conformité bancaire; gestion de trésorerie; contrôle de gestion; gestion des risques,gestion du temps; adaptabilité; communication,français; anglais,"Comptable avec 6 ans d'expérience dans le domaine banque / finance. Niveau d'études : Master (BAC+5). Compétences principales : fiscalité, conformité bancaire, gestion de trésorerie, contrôle de gestion, gestion des risques. Qualités : gestion du temps, adaptabilité, communication. Langues parlées : français, anglais. Basé(e) à Kinkala, mobilité possible sur le territoire national."
D0125,Pierre Mbochi,54,Kinkala,Hôtellerie / Restauration,Gouvernante,BAC+2 (BTS/DUT),4,pâtisserie; cuisine; housekeeping; réception hôtelière; service en salle,autonomie; rigueur,français; lingala; kituba,"Gouvernante avec 4 ans d'expérience dans le domaine hôtellerie / restauration. Niveau d'études : BAC+2 (BTS/DUT). Compétences principales : pâtisserie, cuisine, housekeeping, réception hôtelière, service en salle. Qualités : autonomie, rigueur. Langues parlées : français, lingala, kituba. Basé(e) à Kinkala, mobilité possible sur le territoire national."
D0126,Sarah Moukala,26,Sibiti,Agriculture / Agroalimentaire,Technicien agricole,Doctorat,7,gestion coopérative; agronomie; transformation alimentaire; pêche; maraîchage; sylviculture,adaptabilité; leadership; travail en équipe; autonomie,français; anglais; kituba; lingala,"Technicien agricole avec 7 ans d'expérience dans le domaine agriculture / agroalimentaire. Niveau d'études : Doctorat. Compétences principales : gestion coopérative, agronomie, transformation alimentaire, pêche, maraîchage, sylviculture. Qualités : adaptabilité, leadership, travail en équipe, autonomie. Langues parlées : français, anglais, kituba, lingala. Basé(e) à Sibiti, mobilité possible sur le territoire national."
D0127,Nadège Nkouka,39,Ouesso,Logistique / Transport,Responsable logistique,Master (BAC+5),1,magasinage; manutention portuaire; supply chain; douane; gestion de flotte; planification logistique; conduite poids lourds,sens de l'organisation; leadership; adaptabilité; travail en équipe,français; lingala,"Responsable logistique avec 1 ans d'expérience dans le domaine logistique / transport. Niveau d'études : Master (BAC+5). Compétences principales : magasinage, manutention portuaire, supply chain, douane, gestion de flotte, planification logistique, conduite poids lourds. Qualités : sens de l'organisation, leadership, adaptabilité, travail en équipe. Langues parlées : français, lingala. Basé(e) à Ouesso, mobilité possible sur le territoire national."
D0128,Clarisse Bemba,53,Pointe-Noire,Santé,Technicien de laboratoire,BAC,5,nutrition; laboratoire médical; sage-femme; soins infirmiers,esprit d'analyse; adaptabilité; communication,français; lingala; anglais; kituba,"Technicien de laboratoire avec 5 ans d'expérience dans le domaine santé. Niveau d'études : BAC. Compétences principales : nutrition, laboratoire médical, sage-femme, soins infirmiers. Qualités : esprit d'analyse, adaptabilité, communication. Langues parlées : français, lingala, anglais, kituba. Basé(e) à Pointe-Noire, mobilité possible sur le territoire national."
D0129,Pamela Okemba,37,Pointe-Noire,Banque / Finance,Auditeur junior,Master (BAC+5),0,gestion des risques; microfinance; conformité bancaire; gestion de trésorerie; sage comptabilité,leadership; prise d'initiative; gestion du temps,français; anglais; kituba,"Auditeur junior avec 0 ans d'expérience dans le domaine banque / finance. Niveau d'études : Master (BAC+5). Compétences principales : gestion des risques, microfinance, conformité bancaire, gestion de trésorerie, sage comptabilité. Qualités : leadership, prise d'initiative, gestion du temps. Langues parlées : français, anglais, kituba. Basé(e) à Pointe-Noire, mobilité possible sur le territoire national."
D0130,Serge Moukala,42,Pointe-Noire,Hôtellerie / Restauration,Serveur,BEPC,8,gestion hôtelière; cuisine; service en salle,adaptabilité; rigueur; esprit d'analyse,français; kituba; anglais; lingala,"Serveur avec 8 ans d'expérience dans le domaine hôtellerie / restauration. Niveau d'études : BEPC. Compétences principales : gestion hôtelière, cuisine, service en salle. Qualités : adaptabilité, rigueur, esprit d'analyse. Langues parlées : français, kituba, anglais, lingala. Basé(e) à Pointe-Noire, mobilité possible sur le territoire national."
D0131,Dieuveil Itoua,31,Pointe-Noire,Commerce / Vente / Marketing,Chargé de marketing,BAC+2 (BTS/DUT),3,négociation commerciale; marketing digital; caisse; vente; service client,communication; leadership; adaptabilité,français; anglais,"Chargé de marketing avec 3 ans d'expérience dans le domaine commerce / vente / marketing. Niveau d'études : BAC+2 (BTS/DUT). Compétences principales : négociation commerciale, marketing digital, caisse, vente, service client. Qualités : communication, leadership, adaptabilité. Langues parlées : français, anglais. Basé(e) à Pointe-Noire, mobilité possible sur le territoire national."
D0132,Sarah Ondongo,30,Pointe-Noire,Agriculture / Agroalimentaire,Agent de transformation,Master (BAC+5),0,douane; agronomie; sylviculture; transformation alimentaire; magasinage,leadership; rigueur; gestion du temps,français; anglais; kituba; lingala,"Agent de transformation avec 0 ans d'expérience dans le domaine agriculture / agroalimentaire. Niveau d'études : Master (BAC+5). Compétences principales : douane, agronomie, sylviculture, transformation alimentaire, magasinage. Qualités : leadership, rigueur, gestion du temps. Langues parlées : français, anglais, kituba, lingala. Basé(e) à Pointe-Noire, mobilité possible sur le territoire national."
D0133,Sylvie Akouala,54,Brazzaville,Pétrole / Gaz / Énergie,Mécanicien industriel,BAC+2 (BTS/DUT),4,instrumentation; forage; qhse; maintenance industrielle,autonomie; leadership; esprit d'analyse; prise d'initiative,français; anglais,"Mécanicien industriel avec 4 ans d'expérience dans le domaine pétrole / gaz / énergie. Niveau d'études : BAC+2 (BTS/DUT). Compétences principales : instrumentation, forage, qhse, maintenance industrielle. Qualités : autonomie, leadership, esprit d'analyse, prise d'initiative. Langues parlées : français, anglais. Basé(e) à Brazzaville, mobilité possible sur le territoire national."
D0134,Merveille Samba,42,Ouesso,Informatique / IT,Technicien informatique,BAC,0,cybersécurité; php; développement mobile; java; bases de données; machine learning,travail en équipe; esprit d'analyse; autonomie,français; kituba,"Technicien informatique avec 0 ans d'expérience dans le domaine informatique / it. Niveau d'études : BAC. Compétences principales : cybersécurité, php, développement mobile, java, bases de données, machine learning. Qualités : travail en équipe, esprit d'analyse, autonomie. Langues parlées : français, kituba. Basé(e) à Ouesso, mobilité possible sur le territoire national."
D0135,Paul Moukala,46,Impfondo,Hôtellerie / Restauration,Réceptionniste,Licence (BAC+3),1,service en salle; gestion hôtelière; pâtisserie; cuisine; réception hôtelière; housekeeping,adaptabilité; sens de l'organisation; autonomie; esprit d'analyse,français; anglais; kituba,"Réceptionniste avec 1 ans d'expérience dans le domaine hôtellerie / restauration. Niveau d'études : Licence (BAC+3). Compétences principales : service en salle, gestion hôtelière, pâtisserie, cuisine, réception hôtelière, housekeeping. Qualités : adaptabilité, sens de l'organisation, autonomie, esprit d'analyse. Langues parlées : français, anglais, kituba. Basé(e) à Impfondo, mobilité possible sur le territoire national."
D0136,Bénédicte Bakala,44,Pointe-Noire,Informatique / IT,Administrateur réseau,Licence (BAC+3),4,linux; machine learning; javascript; php,adaptabilité; rigueur,français; kituba; anglais; lingala,"Administrateur réseau avec 4 ans d'expérience dans le domaine informatique / it. Niveau d'études : Licence (BAC+3). Compétences principales : linux, machine learning, javascript, php. Qualités : adaptabilité, rigueur. Langues parlées : français, kituba, anglais, lingala. Basé(e) à Pointe-Noire, mobilité possible sur le territoire national."
D0137,Pierre Loemba,38,Nkayi,Commerce / Vente / Marketing,Caissier,Master (BAC+5),0,étude de marché; caisse; soudure; inspection technique; community management,communication; esprit d'analyse,français; kituba; lingala; anglais,"Caissier avec 0 ans d'expérience dans le domaine commerce / vente / marketing. Niveau d'études : Master (BAC+5). Compétences principales : étude de marché, caisse, soudure, inspection technique, community management. Qualités : communication, esprit d'analyse. Langues parlées : français, kituba, lingala, anglais. Basé(e) à Nkayi, mobilité possible sur le territoire national."
D0138,Sarah Okemba,39,Pointe-Noire,Santé,Technicien de laboratoire,Sans diplôme,0,nutrition; imagerie médicale; laboratoire médical; soins infirmiers,communication; esprit d'analyse,français; kituba,"Technicien de laboratoire avec 0 ans d'expérience dans le domaine santé. Niveau d'études : Sans diplôme. Compétences principales : nutrition, imagerie médicale, laboratoire médical, soins infirmiers. Qualités : communication, esprit d'analyse. Langues parlées : français, kituba. Basé(e) à Pointe-Noire, mobilité possible sur le territoire national."
D0139,Gloire Nkouka,34,Brazzaville,Banque / Finance,Agent de microfinance,BAC,2,audit; contrôle de gestion; fiscalité; ohada; analyse financière,leadership; travail en équipe; gestion du temps; adaptabilité,français; lingala; anglais; kituba,"Agent de microfinance avec 2 ans d'expérience dans le domaine banque / finance. Niveau d'études : BAC. Compétences principales : audit, contrôle de gestion, fiscalité, ohada, analyse financière. Qualités : leadership, travail en équipe, gestion du temps, adaptabilité. Langues parlées : français, lingala, anglais, kituba. Basé(e) à Brazzaville, mobilité possible sur le territoire national."
D0140,Chancelle Moukala,40,Brazzaville,Agriculture / Agroalimentaire,Technicien agricole,BAC+2 (BTS/DUT),10,agronomie; pêche; transformation alimentaire,gestion du temps; leadership,français; kituba,"Technicien agricole avec 10 ans d'expérience dans le domaine agriculture / agroalimentaire. Niveau d'études : BAC+2 (BTS/DUT). Compétences principales : agronomie, pêche, transformation alimentaire. Qualités : gestion du temps, leadership. Langues parlées : français, kituba. Basé(e) à Brazzaville, mobilité possible sur le territoire national."
D0141,Sarah Koumba,33,Dolisie,Santé,Pharmacien assistant,BAC,3,imagerie médicale; nutrition; pharmacie; kinésithérapie,sens de l'organisation; travail en équipe,français; anglais,"Pharmacien assistant avec 3 ans d'expérience dans le domaine santé. Niveau d'études : BAC. Compétences principales : imagerie médicale, nutrition, pharmacie, kinésithérapie. Qualités : sens de l'organisation, travail en équipe. Langues parlées : français, anglais. Basé(e) à Dolisie, mobilité possible sur le territoire national."
D0142,Rodrigue Koumba,21,Pointe-Noire,Pétrole / Gaz / Énergie,Mécanicien industriel,BAC,3,production pétrolière; gestion de plateforme; soudure; électromécanique,adaptabilité; leadership; rigueur,français; lingala,"Mécanicien industriel avec 3 ans d'expérience dans le domaine pétrole / gaz / énergie. Niveau d'études : BAC. Compétences principales : production pétrolière, gestion de plateforme, soudure, électromécanique. Qualités : adaptabilité, leadership, rigueur. Langues parlées : français, lingala. Basé(e) à Pointe-Noire, mobilité possible sur le territoire national."
D0143,Rodrigue Mabiala,43,Pointe-Noire,Télécommunications,Technicien fibre optique,BAC+2 (BTS/DUT),12,maintenance télécom; radiofréquence; voip; réseaux mobiles,gestion du temps; autonomie; travail en équipe; prise d'initiative,français; lingala,"Technicien fibre optique avec 12 ans d'expérience dans le domaine télécommunications. Niveau d'études : BAC+2 (BTS/DUT). Compétences principales : maintenance télécom, radiofréquence, voip, réseaux mobiles. Qualités : gestion du temps, autonomie, travail en équipe, prise d'initiative. Langues parlées : français, lingala. Basé(e) à Pointe-Noire, mobilité possible sur le territoire national."
D0144,Paul Mavoungou,45,Pointe-Noire,Santé,Pharmacien assistant,Master (BAC+5),0,laboratoire médical; nutrition; pharmacie; soins infirmiers; santé publique; imagerie médicale; kinésithérapie,rigueur; travail en équipe; sens de l'organisation,français; anglais; kituba,"Pharmacien assistant avec 0 ans d'expérience dans le domaine santé. Niveau d'études : Master (BAC+5). Compétences principales : laboratoire médical, nutrition, pharmacie, soins infirmiers, santé publique, imagerie médicale, kinésithérapie. Qualités : rigueur, travail en équipe, sens de l'organisation. Langues parlées : français, anglais, kituba. Basé(e) à Pointe-Noire, mobilité possible sur le territoire national."
D0145,Nadège Samba,35,Pointe-Noire,Pétrole / Gaz / Énergie,Technicien HSE,Licence (BAC+3),2,gestion de plateforme; hse; instrumentation; production pétrolière; qhse; forage; inspection technique,leadership; sens de l'organisation,français; anglais; lingala; kituba,"Technicien HSE avec 2 ans d'expérience dans le domaine pétrole / gaz / énergie. Niveau d'études : Licence (BAC+3). Compétences principales : gestion de plateforme, hse, instrumentation, production pétrolière, qhse, forage, inspection technique. Qualités : leadership, sens de l'organisation. Langues parlées : français, anglais, lingala, kituba. Basé(e) à Pointe-Noire, mobilité possible sur le territoire national."
D0146,Paul Elenga,30,Impfondo,Pétrole / Gaz / Énergie,Mécanicien industriel,Licence (BAC+3),9,tuyauterie; gestion de plateforme; forage,leadership; communication; travail en équipe,français; lingala; anglais; kituba,"Mécanicien industriel avec 9 ans d'expérience dans le domaine pétrole / gaz / énergie. Niveau d'études : Licence (BAC+3). Compétences principales : tuyauterie, gestion de plateforme, forage. Qualités : leadership, communication, travail en équipe. Langues parlées : français, lingala, anglais, kituba. Basé(e) à Impfondo, mobilité possible sur le territoire national."
D0147,Serge Moukala,52,Dolisie,Santé,Technicien de laboratoire,BAC+2 (BTS/DUT),1,imagerie médicale; santé publique; pharmacie; laboratoire médical; kinésithérapie,communication; esprit d'analyse; sens de l'organisation; autonomie,français; lingala; kituba,"Technicien de laboratoire avec 1 ans d'expérience dans le domaine santé. Niveau d'études : BAC+2 (BTS/DUT). Compétences principales : imagerie médicale, santé publique, pharmacie, laboratoire médical, kinésithérapie. Qualités : communication, esprit d'analyse, sens de l'organisation, autonomie. Langues parlées : français, lingala, kituba. Basé(e) à Dolisie, mobilité possible sur le territoire national."
D0148,Merveille Elenga,31,Pointe-Noire,Informatique / IT,Développeur web,BAC+2 (BTS/DUT),8,linux; analyse de données; excel avancé; javascript; machine learning; python,gestion du temps; rigueur; adaptabilité; communication,français; kituba; anglais; lingala,"Développeur web avec 8 ans d'expérience dans le domaine informatique / it. Niveau d'études : BAC+2 (BTS/DUT). Compétences principales : linux, analyse de données, excel avancé, javascript, machine learning, python. Qualités : gestion du temps, rigueur, adaptabilité, communication. Langues parlées : français, kituba, anglais, lingala. Basé(e) à Pointe-Noire, mobilité possible sur le territoire national."
D0149,Pierre Okemba,35,Brazzaville,BTP / Construction,Chef de chantier,BAC,4,béton armé; topographie; voirie,autonomie; adaptabilité; communication,français; kituba; lingala; anglais,"Chef de chantier avec 4 ans d'expérience dans le domaine btp / construction. Niveau d'études : BAC. Compétences principales : béton armé, topographie, voirie. Qualités : autonomie, adaptabilité, communication. Langues parlées : français, kituba, lingala, anglais. Basé(e) à Brazzaville, mobilité possible sur le territoire national."
D0150,Prince Loemba,22,Sibiti,Banque / Finance,Comptable,Doctorat,4,contrôle de gestion; ohada; comptabilité; gestion de clientèle; vente; microfinance; conformité bancaire,autonomie; communication; rigueur; prise d'initiative,français; kituba; lingala,"Comptable avec 4 ans d'expérience dans le domaine banque / finance. Niveau d'études : Doctorat. Compétences principales : contrôle de gestion, ohada, comptabilité, gestion de clientèle, vente, microfinance, conformité bancaire. Qualités : autonomie, communication, rigueur, prise d'initiative. Langues parlées : français, kituba, lingala. Basé(e) à Sibiti, mobilité possible sur le territoire national."
D0151,Bénédicte Samba,32,Brazzaville,BTP / Construction,Conducteur de travaux,BAC,3,béton armé; métré; voirie; topographie; électricité bâtiment; autocad; plomberie,gestion du temps; communication; travail en équipe; rigueur,français; kituba; anglais,"Conducteur de travaux avec 3 ans d'expérience dans le domaine btp / construction. Niveau d'études : BAC. Compétences principales : béton armé, métré, voirie, topographie, électricité bâtiment, autocad, plomberie. Qualités : gestion du temps, communication, travail en équipe, rigueur. Langues parlées : français, kituba, anglais. Basé(e) à Brazzaville, mobilité possible sur le territoire national."
D0152,Bénédicte Moukala,30,Brazzaville,Banque / Finance,Comptable,Master (BAC+5),3,audit; analyse financière; ohada; sage comptabilité; gestion de trésorerie; microfinance; conformité bancaire,communication; sens de l'organisation; adaptabilité,français; kituba,"Comptable avec 3 ans d'expérience dans le domaine banque / finance. Niveau d'études : Master (BAC+5). Compétences principales : audit, analyse financière, ohada, sage comptabilité, gestion de trésorerie, microfinance, conformité bancaire. Qualités : communication, sens de l'organisation, adaptabilité. Langues parlées : français, kituba. Basé(e) à Brazzaville, mobilité possible sur le territoire national."
D0153,Merveille Nkouka,20,Brazzaville,Télécommunications,Technicien fibre optique,Sans diplôme,4,fibre optique; réseaux mobiles; transmission; voip; radiofréquence; maintenance télécom; bss/oss,sens de l'organisation; travail en équipe; autonomie,français; kituba; lingala,"Technicien fibre optique avec 4 ans d'expérience dans le domaine télécommunications. Niveau d'études : Sans diplôme. Compétences principales : fibre optique, réseaux mobiles, transmission, voip, radiofréquence, maintenance télécom, bss/oss. Qualités : sens de l'organisation, travail en équipe, autonomie. Langues parlées : français, kituba, lingala. Basé(e) à Brazzaville, mobilité possible sur le territoire national."
D0154,Prince Mabiala,27,Pointe-Noire,Informatique / IT,Data Analyst,Doctorat,17,javascript; php; développement mobile; développement web,communication; autonomie; prise d'initiative; travail en équipe,français; anglais,"Data Analyst avec 17 ans d'expérience dans le domaine informatique / it. Niveau d'études : Doctorat. Compétences principales : javascript, php, développement mobile, développement web. Qualités : communication, autonomie, prise d'initiative, travail en équipe. Langues parlées : français, anglais. Basé(e) à Pointe-Noire, mobilité possible sur le territoire national."
D0155,Prince Nguesso,35,Brazzaville,Informatique / IT,Chef de projet IT,BAC,3,javascript; maintenance informatique; développement mobile,gestion du temps; esprit d'analyse; travail en équipe; rigueur,français; kituba,"Chef de projet IT avec 3 ans d'expérience dans le domaine informatique / it. Niveau d'études : BAC. Compétences principales : javascript, maintenance informatique, développement mobile. Qualités : gestion du temps, esprit d'analyse, travail en équipe, rigueur. Langues parlées : français, kituba. Basé(e) à Brazzaville, mobilité possible sur le territoire national."
D0156,Naomi Itoua,42,Nkayi,Télécommunications,Superviseur réseau,Licence (BAC+3),2,maintenance télécom; bss/oss; fibre optique; radiofréquence; réseaux mobiles; transmission,gestion du temps; rigueur,français; lingala; anglais; kituba,"Superviseur réseau avec 2 ans d'expérience dans le domaine télécommunications. Niveau d'études : Licence (BAC+3). Compétences principales : maintenance télécom, bss/oss, fibre optique, radiofréquence, réseaux mobiles, transmission. Qualités : gestion du temps, rigueur. Langues parlées : français, lingala, anglais, kituba. Basé(e) à Nkayi, mobilité possible sur le territoire national."
D0157,Bénédicte Akouala,34,Pointe-Noire,Administration / RH / Juridique,Assistant RH,Doctorat,6,gestion administrative; paie; gestion des ressources humaines; droit du travail; passation de marchés; rédaction juridique,travail en équipe; esprit d'analyse; adaptabilité,français; lingala,"Assistant RH avec 6 ans d'expérience dans le domaine administration / rh / juridique. Niveau d'études : Doctorat. Compétences principales : gestion administrative, paie, gestion des ressources humaines, droit du travail, passation de marchés, rédaction juridique. Qualités : travail en équipe, esprit d'analyse, adaptabilité. Langues parlées : français, lingala. Basé(e) à Pointe-Noire, mobilité possible sur le territoire national."
D0158,Dieuveil Itoua,25,Pointe-Noire,Administration / RH / Juridique,Assistant RH,Master (BAC+5),0,rédaction juridique; passation de marchés; paie; archivage; gestion administrative; droit du travail,adaptabilité; travail en équipe; prise d'initiative,français; lingala; anglais; kituba,"Assistant RH avec 0 ans d'expérience dans le domaine administration / rh / juridique. Niveau d'études : Master (BAC+5). Compétences principales : rédaction juridique, passation de marchés, paie, archivage, gestion administrative, droit du travail. Qualités : adaptabilité, travail en équipe, prise d'initiative. Langues parlées : français, lingala, anglais, kituba. Basé(e) à Pointe-Noire, mobilité possible sur le territoire national."
D0159,Pamela Nkouka,53,Brazzaville,Informatique / IT,Développeur web,Licence (BAC+3),3,python; cybersécurité; administration réseau; excel avancé,prise d'initiative; rigueur; leadership,français; lingala; anglais,"Développeur web avec 3 ans d'expérience dans le domaine informatique / it. Niveau d'études : Licence (BAC+3). Compétences principales : python, cybersécurité, administration réseau, excel avancé. Qualités : prise d'initiative, rigueur, leadership. Langues parlées : français, lingala, anglais. Basé(e) à Brazzaville, mobilité possible sur le territoire national."
D0160,Antoine Koumba,34,Brazzaville,Santé,Sage-femme,Licence (BAC+3),7,imagerie médicale; santé publique; soins infirmiers; laboratoire médical; nutrition,leadership; prise d'initiative; gestion du temps,français; anglais; kituba,"Sage-femme avec 7 ans d'expérience dans le domaine santé. Niveau d'études : Licence (BAC+3). Compétences principales : imagerie médicale, santé publique, soins infirmiers, laboratoire médical, nutrition. Qualités : leadership, prise d'initiative, gestion du temps. Langues parlées : français, anglais, kituba. Basé(e) à Brazzaville, mobilité possible sur le territoire national."
D0161,Chancelle Koumba,26,Brazzaville,Télécommunications,Ingénieur radio,BAC+2 (BTS/DUT),9,bss/oss; transmission; voip; réseaux mobiles,travail en équipe; gestion du temps,français; anglais,"Ingénieur radio avec 9 ans d'expérience dans le domaine télécommunications. Niveau d'études : BAC+2 (BTS/DUT). Compétences principales : bss/oss, transmission, voip, réseaux mobiles. Qualités : travail en équipe, gestion du temps. Langues parlées : français, anglais. Basé(e) à Brazzaville, mobilité possible sur le territoire national."
D0162,Divine Ondongo,30,Brazzaville,Commerce / Vente / Marketing,Responsable des ventes,BAC,0,marketing digital; négociation commerciale; étude de marché; caisse; vente,rigueur; prise d'initiative; communication,français; anglais,"Responsable des ventes avec 0 ans d'expérience dans le domaine commerce / vente / marketing. Niveau d'études : BAC. Compétences principales : marketing digital, négociation commerciale, étude de marché, caisse, vente. Qualités : rigueur, prise d'initiative, communication. Langues parlées : français, anglais. Basé(e) à Brazzaville, mobilité possible sur le territoire national."
D0163,Divine Bemba,55,Brazzaville,Éducation / Formation,Enseignant,Sans diplôme,5,formation professionnelle; encadrement scolaire; conception de programmes; enseignement; pédagogie; alphabétisation,esprit d'analyse; communication,français; lingala; anglais,"Enseignant avec 5 ans d'expérience dans le domaine éducation / formation. Niveau d'études : Sans diplôme. Compétences principales : formation professionnelle, encadrement scolaire, conception de programmes, enseignement, pédagogie, alphabétisation. Qualités : esprit d'analyse, communication. Langues parlées : français, lingala, anglais. Basé(e) à Brazzaville, mobilité possible sur le territoire national."
D0164,Nadège Akouala,38,Pointe-Noire,Pétrole / Gaz / Énergie,Mécanicien industriel,BAC,4,tuyauterie; forage; soudure; hse; instrumentation; maintenance industrielle; production pétrolière,communication; adaptabilité,français; kituba,"Mécanicien industriel avec 4 ans d'expérience dans le domaine pétrole / gaz / énergie. Niveau d'études : BAC. Compétences principales : tuyauterie, forage, soudure, hse, instrumentation, maintenance industrielle, production pétrolière. Qualités : communication, adaptabilité. Langues parlées : français, kituba. Basé(e) à Pointe-Noire, mobilité possible sur le territoire national."
D0165,Dieuveil Bakala,25,Brazzaville,Logistique / Transport,Responsable logistique,Licence (BAC+3),1,gestion de flotte; supply chain; transit,adaptabilité; travail en équipe,français; kituba; lingala; anglais,"Responsable logistique avec 1 ans d'expérience dans le domaine logistique / transport. Niveau d'études : Licence (BAC+3). Compétences principales : gestion de flotte, supply chain, transit. Qualités : adaptabilité, travail en équipe. Langues parlées : français, kituba, lingala, anglais. Basé(e) à Brazzaville, mobilité possible sur le territoire national."
D0166,Bénédicte Ondongo,36,Pointe-Noire,Commerce / Vente / Marketing,Responsable des ventes,BAC,6,merchandising; caisse; gestion de clientèle; étude de marché; marketing digital,sens de l'organisation; gestion du temps,français; kituba; lingala,"Responsable des ventes avec 6 ans d'expérience dans le domaine commerce / vente / marketing. Niveau d'études : BAC. Compétences principales : merchandising, caisse, gestion de clientèle, étude de marché, marketing digital. Qualités : sens de l'organisation, gestion du temps. Langues parlées : français, kituba, lingala. Basé(e) à Pointe-Noire, mobilité possible sur le territoire national."
D0167,Gloire Ngoma,52,Pointe-Noire,BTP / Construction,Conducteur de travaux,BAC+2 (BTS/DUT),8,génie civil; conduite de travaux; topographie; plomberie; métré; béton armé; autocad,prise d'initiative; rigueur; travail en équipe,français; anglais; kituba; lingala,"Conducteur de travaux avec 8 ans d'expérience dans le domaine btp / construction. Niveau d'études : BAC+2 (BTS/DUT). Compétences principales : génie civil, conduite de travaux, topographie, plomberie, métré, béton armé, autocad. Qualités : prise d'initiative, rigueur, travail en équipe. Langues parlées : français, anglais, kituba, lingala. Basé(e) à Pointe-Noire, mobilité possible sur le territoire national."
D0168,Bénédicte Malonga,25,Ouesso,Administration / RH / Juridique,Assistant RH,BEPC,0,droit du travail; gestion des ressources humaines; secrétariat; paie; gestion administrative; passation de marchés; archivage,travail en équipe; gestion du temps,français; kituba; lingala; anglais,"Assistant RH avec 0 ans d'expérience dans le domaine administration / rh / juridique. Niveau d'études : BEPC. Compétences principales : droit du travail, gestion des ressources humaines, secrétariat, paie, gestion administrative, passation de marchés, archivage. Qualités : travail en équipe, gestion du temps. Langues parlées : français, kituba, lingala, anglais. Basé(e) à Ouesso, mobilité possible sur le territoire national."
D0169,Bénédicte Ngoma,50,Owando,Éducation / Formation,Répétiteur,BEPC,9,formation professionnelle; alphabétisation; conception de programmes; enseignement; pédagogie; encadrement scolaire,leadership; prise d'initiative; communication,français; anglais; kituba,"Répétiteur avec 9 ans d'expérience dans le domaine éducation / formation. Niveau d'études : BEPC. Compétences principales : formation professionnelle, alphabétisation, conception de programmes, enseignement, pédagogie, encadrement scolaire. Qualités : leadership, prise d'initiative, communication. Langues parlées : français, anglais, kituba. Basé(e) à Owando, mobilité possible sur le territoire national."
D0170,Ruth Tchicaya,51,Nkayi,Informatique / IT,Data Analyst,Master (BAC+5),2,analyse de données; bases de données; linux,travail en équipe; esprit d'analyse,français; lingala; kituba,"Data Analyst avec 2 ans d'expérience dans le domaine informatique / it. Niveau d'études : Master (BAC+5). Compétences principales : analyse de données, bases de données, linux. Qualités : travail en équipe, esprit d'analyse. Langues parlées : français, lingala, kituba. Basé(e) à Nkayi, mobilité possible sur le territoire national."
D0171,Paul Bemba,39,Nkayi,Hôtellerie / Restauration,Cuisinier,BAC+2 (BTS/DUT),0,service en salle; réception hôtelière; housekeeping; pâtisserie,gestion du temps; communication; rigueur,français; anglais; kituba,"Cuisinier avec 0 ans d'expérience dans le domaine hôtellerie / restauration. Niveau d'études : BAC+2 (BTS/DUT). Compétences principales : service en salle, réception hôtelière, housekeeping, pâtisserie. Qualités : gestion du temps, communication, rigueur. Langues parlées : français, anglais, kituba. Basé(e) à Nkayi, mobilité possible sur le territoire national."
D0172,Bénédicte Bouity,52,Dolisie,Hôtellerie / Restauration,Gouvernante,BAC,8,gestion hôtelière; pâtisserie; cuisine; housekeeping,rigueur; travail en équipe,français; lingala; kituba,"Gouvernante avec 8 ans d'expérience dans le domaine hôtellerie / restauration. Niveau d'études : BAC. Compétences principales : gestion hôtelière, pâtisserie, cuisine, housekeeping. Qualités : rigueur, travail en équipe. Langues parlées : français, lingala, kituba. Basé(e) à Dolisie, mobilité possible sur le territoire national."
D0173,Pamela Mabiala,21,Dolisie,Éducation / Formation,Encadreur pédagogique,BAC+2 (BTS/DUT),9,alphabétisation; enseignement; pédagogie,esprit d'analyse; prise d'initiative; leadership,français; lingala; kituba,"Encadreur pédagogique avec 9 ans d'expérience dans le domaine éducation / formation. Niveau d'études : BAC+2 (BTS/DUT). Compétences principales : alphabétisation, enseignement, pédagogie. Qualités : esprit d'analyse, prise d'initiative, leadership. Langues parlées : français, lingala, kituba. Basé(e) à Dolisie, mobilité possible sur le territoire national."
D0174,Rodrigue Makosso,36,Pointe-Noire,Éducation / Formation,Formateur professionnel,Licence (BAC+3),3,conception de programmes; alphabétisation; pédagogie; formation professionnelle,gestion du temps; sens de l'organisation; travail en équipe; prise d'initiative,français; lingala; kituba; anglais,"Formateur professionnel avec 3 ans d'expérience dans le domaine éducation / formation. Niveau d'études : Licence (BAC+3). Compétences principales : conception de programmes, alphabétisation, pédagogie, formation professionnelle. Qualités : gestion du temps, sens de l'organisation, travail en équipe, prise d'initiative. Langues parlées : français, lingala, kituba, anglais. Basé(e) à Pointe-Noire, mobilité possible sur le territoire national."
D0175,Clarisse Bouity,38,Pointe-Noire,Administration / RH / Juridique,Chargé des marchés publics,BAC,1,gestion administrative; secrétariat; passation de marchés; droit du travail; rédaction juridique,rigueur; esprit d'analyse; autonomie,français; lingala,"Chargé des marchés publics avec 1 ans d'expérience dans le domaine administration / rh / juridique. Niveau d'études : BAC. Compétences principales : gestion administrative, secrétariat, passation de marchés, droit du travail, rédaction juridique. Qualités : rigueur, esprit d'analyse, autonomie. Langues parlées : français, lingala. Basé(e) à Pointe-Noire, mobilité possible sur le territoire national."
D0176,Chancelle Koumba,40,Nkayi,Logistique / Transport,Déclarant en douane,BAC+2 (BTS/DUT),0,transit; conduite poids lourds; douane; supply chain; gestion de flotte; planification logistique,autonomie; rigueur; leadership,français; lingala,"Déclarant en douane avec 0 ans d'expérience dans le domaine logistique / transport. Niveau d'études : BAC+2 (BTS/DUT). Compétences principales : transit, conduite poids lourds, douane, supply chain, gestion de flotte, planification logistique. Qualités : autonomie, rigueur, leadership. Langues parlées : français, lingala. Basé(e) à Nkayi, mobilité possible sur le territoire national."
D0177,Fortuné Bemba,38,Pointe-Noire,Télécommunications,Ingénieur radio,Licence (BAC+3),3,maintenance télécom; radiofréquence; bss/oss; bases de données; fibre optique,prise d'initiative; rigueur; adaptabilité; esprit d'analyse,français; anglais; kituba,"Ingénieur radio avec 3 ans d'expérience dans le domaine télécommunications. Niveau d'études : Licence (BAC+3). Compétences principales : maintenance télécom, radiofréquence, bss/oss, bases de données, fibre optique. Qualités : prise d'initiative, rigueur, adaptabilité, esprit d'analyse. Langues parlées : français, anglais, kituba. Basé(e) à Pointe-Noire, mobilité possible sur le territoire national."
D0178,Jean Moukala,23,Pointe-Noire,Pétrole / Gaz / Énergie,Superviseur QHSE,Licence (BAC+3),0,inspection technique; hse; électromécanique; production pétrolière; tuyauterie,rigueur; autonomie; gestion du temps,français; kituba; anglais,"Superviseur QHSE avec 0 ans d'expérience dans le domaine pétrole / gaz / énergie. Niveau d'études : Licence (BAC+3). Compétences principales : inspection technique, hse, électromécanique, production pétrolière, tuyauterie. Qualités : rigueur, autonomie, gestion du temps. Langues parlées : français, kituba, anglais. Basé(e) à Pointe-Noire, mobilité possible sur le territoire national."
D0179,Dieuveil Mabiala,41,Ouesso,Télécommunications,Superviseur réseau,Doctorat,8,fibre optique; bss/oss; réseaux mobiles; radiofréquence; transmission; maintenance télécom; voip,travail en équipe; leadership; sens de l'organisation,français; lingala; kituba,"Superviseur réseau avec 8 ans d'expérience dans le domaine télécommunications. Niveau d'études : Doctorat. Compétences principales : fibre optique, bss/oss, réseaux mobiles, radiofréquence, transmission, maintenance télécom, voip. Qualités : travail en équipe, leadership, sens de l'organisation. Langues parlées : français, lingala, kituba. Basé(e) à Ouesso, mobilité possible sur le territoire national."
D0180,Armel Mavoungou,47,Pointe-Noire,Télécommunications,Superviseur réseau,BAC+2 (BTS/DUT),4,voip; fibre optique; radiofréquence; bss/oss; réseaux mobiles,leadership; prise d'initiative,français; lingala,"Superviseur réseau avec 4 ans d'expérience dans le domaine télécommunications. Niveau d'études : BAC+2 (BTS/DUT). Compétences principales : voip, fibre optique, radiofréquence, bss/oss, réseaux mobiles. Qualités : leadership, prise d'initiative. Langues parlées : français, lingala. Basé(e) à Pointe-Noire, mobilité possible sur le territoire national."
D0181,Ruth Nkouka,44,Owando,Commerce / Vente / Marketing,Commercial terrain,Licence (BAC+3),5,service client; gestion de clientèle; étude de marché,travail en équipe; adaptabilité; rigueur,français; anglais,"Commercial terrain avec 5 ans d'expérience dans le domaine commerce / vente / marketing. Niveau d'études : Licence (BAC+3). Compétences principales : service client, gestion de clientèle, étude de marché. Qualités : travail en équipe, adaptabilité, rigueur. Langues parlées : français, anglais. Basé(e) à Owando, mobilité possible sur le territoire national."
D0182,Exaucé Bemba,21,Brazzaville,Agriculture / Agroalimentaire,Agent de transformation,BAC+2 (BTS/DUT),5,agronomie; sylviculture; transformation alimentaire; gestion coopérative,sens de l'organisation; prise d'initiative; adaptabilité,français; lingala; kituba; anglais,"Agent de transformation avec 5 ans d'expérience dans le domaine agriculture / agroalimentaire. Niveau d'études : BAC+2 (BTS/DUT). Compétences principales : agronomie, sylviculture, transformation alimentaire, gestion coopérative. Qualités : sens de l'organisation, prise d'initiative, adaptabilité. Langues parlées : français, lingala, kituba, anglais. Basé(e) à Brazzaville, mobilité possible sur le territoire national."
D0183,Armel Makosso,27,Pointe-Noire,BTP / Construction,Conducteur de travaux,BAC,3,dessin technique; génie civil; plomberie; électricité bâtiment,communication; adaptabilité,français; kituba; lingala; anglais,"Conducteur de travaux avec 3 ans d'expérience dans le domaine btp / construction. Niveau d'études : BAC. Compétences principales : dessin technique, génie civil, plomberie, électricité bâtiment. Qualités : communication, adaptabilité. Langues parlées : français, kituba, lingala, anglais. Basé(e) à Pointe-Noire, mobilité possible sur le territoire national."
D0184,Rodrigue Koumba,46,Pointe-Noire,Éducation / Formation,Formateur professionnel,BAC+2 (BTS/DUT),0,encadrement scolaire; formation professionnelle; conception de programmes,leadership; rigueur; travail en équipe; prise d'initiative,français; anglais,"Formateur professionnel avec 0 ans d'expérience dans le domaine éducation / formation. Niveau d'études : BAC+2 (BTS/DUT). Compétences principales : encadrement scolaire, formation professionnelle, conception de programmes. Qualités : leadership, rigueur, travail en équipe, prise d'initiative. Langues parlées : français, anglais. Basé(e) à Pointe-Noire, mobilité possible sur le territoire national."
D0185,Exaucé Itoua,35,Pointe-Noire,Pétrole / Gaz / Énergie,Mécanicien industriel,BAC+2 (BTS/DUT),8,production pétrolière; instrumentation; qhse; inspection technique; maintenance industrielle; tuyauterie; gestion de plateforme,autonomie; sens de l'organisation,français; lingala,"Mécanicien industriel avec 8 ans d'expérience dans le domaine pétrole / gaz / énergie. Niveau d'études : BAC+2 (BTS/DUT). Compétences principales : production pétrolière, instrumentation, qhse, inspection technique, maintenance industrielle, tuyauterie, gestion de plateforme. Qualités : autonomie, sens de l'organisation. Langues parlées : français, lingala. Basé(e) à Pointe-Noire, mobilité possible sur le territoire national."
D0186,Duval Bemba,38,Brazzaville,Informatique / IT,Développeur web,Doctorat,4,sql; javascript; analyse de données; cybersécurité; java; linux,communication; autonomie; rigueur; esprit d'analyse,français; kituba; anglais,"Développeur web avec 4 ans d'expérience dans le domaine informatique / it. Niveau d'études : Doctorat. Compétences principales : sql, javascript, analyse de données, cybersécurité, java, linux. Qualités : communication, autonomie, rigueur, esprit d'analyse. Langues parlées : français, kituba, anglais. Basé(e) à Brazzaville, mobilité possible sur le territoire national."
D0187,Esther Bemba,45,Brazzaville,Santé,Infirmier diplômé d'État,Master (BAC+5),0,imagerie médicale; kinésithérapie; soins infirmiers; nutrition; santé publique,leadership; prise d'initiative,français; anglais; lingala,"Infirmier diplômé d'État avec 0 ans d'expérience dans le domaine santé. Niveau d'études : Master (BAC+5). Compétences principales : imagerie médicale, kinésithérapie, soins infirmiers, nutrition, santé publique. Qualités : leadership, prise d'initiative. Langues parlées : français, anglais, lingala. Basé(e) à Brazzaville, mobilité possible sur le territoire national."
D0188,Serge Itoua,31,Pointe-Noire,Éducation / Formation,Répétiteur,Doctorat,12,conception de programmes; alphabétisation; encadrement scolaire; formation professionnelle; enseignement,leadership; travail en équipe,français; lingala,"Répétiteur avec 12 ans d'expérience dans le domaine éducation / formation. Niveau d'études : Doctorat. Compétences principales : conception de programmes, alphabétisation, encadrement scolaire, formation professionnelle, enseignement. Qualités : leadership, travail en équipe. Langues parlées : français, lingala. Basé(e) à Pointe-Noire, mobilité possible sur le territoire national."
D0189,Pamela Koumba,47,Pointe-Noire,Administration / RH / Juridique,Assistant RH,BAC,7,gestion des ressources humaines; passation de marchés; rédaction juridique; paie; secrétariat,communication; gestion du temps; esprit d'analyse,français; anglais; lingala; kituba,"Assistant RH avec 7 ans d'expérience dans le domaine administration / rh / juridique. Niveau d'études : BAC. Compétences principales : gestion des ressources humaines, passation de marchés, rédaction juridique, paie, secrétariat. Qualités : communication, gestion du temps, esprit d'analyse. Langues parlées : français, anglais, lingala, kituba. Basé(e) à Pointe-Noire, mobilité possible sur le territoire national."
D0190,Esther Samba,37,Dolisie,Télécommunications,Technicien de maintenance télécom,Master (BAC+5),5,transmission; voip; bss/oss; réseaux mobiles; radiofréquence; fibre optique,leadership; sens de l'organisation,français; lingala; anglais,"Technicien de maintenance télécom avec 5 ans d'expérience dans le domaine télécommunications. Niveau d'études : Master (BAC+5). Compétences principales : transmission, voip, bss/oss, réseaux mobiles, radiofréquence, fibre optique. Qualités : leadership, sens de l'organisation. Langues parlées : français, lingala, anglais. Basé(e) à Dolisie, mobilité possible sur le territoire national."
D0191,Destin Akouala,20,Pointe-Noire,Informatique / IT,Chef de projet IT,Licence (BAC+3),0,bases de données; développement mobile; machine learning; php; java; administration réseau; maintenance informatique,esprit d'analyse; communication; prise d'initiative; rigueur,français; lingala,"Chef de projet IT avec 0 ans d'expérience dans le domaine informatique / it. Niveau d'études : Licence (BAC+3). Compétences principales : bases de données, développement mobile, machine learning, php, java, administration réseau, maintenance informatique. Qualités : esprit d'analyse, communication, prise d'initiative, rigueur. Langues parlées : français, lingala. Basé(e) à Pointe-Noire, mobilité possible sur le territoire national."
D0192,Naomi Ondongo,26,Dolisie,Pétrole / Gaz / Énergie,Technicien HSE,Master (BAC+5),15,qhse; instrumentation; inspection technique; maintenance industrielle; électromécanique; soudure; tuyauterie,adaptabilité; travail en équipe; rigueur,français; anglais; kituba,"Technicien HSE avec 15 ans d'expérience dans le domaine pétrole / gaz / énergie. Niveau d'études : Master (BAC+5). Compétences principales : qhse, instrumentation, inspection technique, maintenance industrielle, électromécanique, soudure, tuyauterie. Qualités : adaptabilité, travail en équipe, rigueur. Langues parlées : français, anglais, kituba. Basé(e) à Dolisie, mobilité possible sur le territoire national."
D0193,Exaucé Moukala,33,Pointe-Noire,Télécommunications,Superviseur réseau,Licence (BAC+3),0,transmission; voip; radiofréquence; maintenance télécom; bss/oss,travail en équipe; leadership,français; lingala; kituba,"Superviseur réseau avec 0 ans d'expérience dans le domaine télécommunications. Niveau d'études : Licence (BAC+3). Compétences principales : transmission, voip, radiofréquence, maintenance télécom, bss/oss. Qualités : travail en équipe, leadership. Langues parlées : français, lingala, kituba. Basé(e) à Pointe-Noire, mobilité possible sur le territoire national."
D0194,Chris Elenga,55,Sibiti,Commerce / Vente / Marketing,Commercial terrain,Licence (BAC+3),5,étude de marché; négociation commerciale; merchandising; gestion de clientèle,prise d'initiative; communication,français; kituba; lingala,"Commercial terrain avec 5 ans d'expérience dans le domaine commerce / vente / marketing. Niveau d'études : Licence (BAC+3). Compétences principales : étude de marché, négociation commerciale, merchandising, gestion de clientèle. Qualités : prise d'initiative, communication. Langues parlées : français, kituba, lingala. Basé(e) à Sibiti, mobilité possible sur le territoire national."
D0195,Esther Tchicaya,28,Pointe-Noire,Éducation / Formation,Répétiteur,Licence (BAC+3),0,encadrement scolaire; pédagogie; alphabétisation; formation professionnelle; enseignement; conception de programmes,prise d'initiative; adaptabilité; gestion du temps,français; kituba,"Répétiteur avec 0 ans d'expérience dans le domaine éducation / formation. Niveau d'études : Licence (BAC+3). Compétences principales : encadrement scolaire, pédagogie, alphabétisation, formation professionnelle, enseignement, conception de programmes. Qualités : prise d'initiative, adaptabilité, gestion du temps. Langues parlées : français, kituba. Basé(e) à Pointe-Noire, mobilité possible sur le territoire national."
D0196,Armel Malonga,42,Pointe-Noire,Banque / Finance,Comptable,Licence (BAC+3),7,fiscalité; gestion des risques; contrôle de gestion; gestion de trésorerie; audit; microfinance; ohada,autonomie; adaptabilité; leadership; sens de l'organisation,français; anglais,"Comptable avec 7 ans d'expérience dans le domaine banque / finance. Niveau d'études : Licence (BAC+3). Compétences principales : fiscalité, gestion des risques, contrôle de gestion, gestion de trésorerie, audit, microfinance, ohada. Qualités : autonomie, adaptabilité, leadership, sens de l'organisation. Langues parlées : français, anglais. Basé(e) à Pointe-Noire, mobilité possible sur le territoire national."
D0197,Prince Nguesso,33,Pointe-Noire,Agriculture / Agroalimentaire,Chef d'exploitation,BAC,6,pêche; sylviculture; maraîchage; transformation alimentaire; élevage; agronomie; gestion coopérative,gestion du temps; leadership,français; kituba,"Chef d'exploitation avec 6 ans d'expérience dans le domaine agriculture / agroalimentaire. Niveau d'études : BAC. Compétences principales : pêche, sylviculture, maraîchage, transformation alimentaire, élevage, agronomie, gestion coopérative. Qualités : gestion du temps, leadership. Langues parlées : français, kituba. Basé(e) à Pointe-Noire, mobilité possible sur le territoire national."
D0198,Armel Bakala,54,Nkayi,Agriculture / Agroalimentaire,Chef d'exploitation,Sans diplôme,5,sylviculture; maraîchage; gestion coopérative; pêche; transformation alimentaire; agronomie; élevage,gestion du temps; adaptabilité; travail en équipe,français; lingala; kituba,"Chef d'exploitation avec 5 ans d'expérience dans le domaine agriculture / agroalimentaire. Niveau d'études : Sans diplôme. Compétences principales : sylviculture, maraîchage, gestion coopérative, pêche, transformation alimentaire, agronomie, élevage. Qualités : gestion du temps, adaptabilité, travail en équipe. Langues parlées : français, lingala, kituba. Basé(e) à Nkayi, mobilité possible sur le territoire national."
D0199,Serge Loemba,41,Brazzaville,Hôtellerie / Restauration,Cuisinier,Sans diplôme,4,réception hôtelière; housekeeping; service en salle; pâtisserie,leadership; prise d'initiative,français; anglais; kituba,"Cuisinier avec 4 ans d'expérience dans le domaine hôtellerie / restauration. Niveau d'études : Sans diplôme. Compétences principales : réception hôtelière, housekeeping, service en salle, pâtisserie. Qualités : leadership, prise d'initiative. Langues parlées : français, anglais, kituba. Basé(e) à Brazzaville, mobilité possible sur le territoire national."
D0200,Esther Elenga,31,Nkayi,Commerce / Vente / Marketing,Community manager,BAC+2 (BTS/DUT),2,vente; marketing digital; caisse; community management,prise d'initiative; autonomie,français; anglais; kituba; lingala,"Community manager avec 2 ans d'expérience dans le domaine commerce / vente / marketing. Niveau d'études : BAC+2 (BTS/DUT). Compétences principales : vente, marketing digital, caisse, community management. Qualités : prise d'initiative, autonomie. Langues parlées : français, anglais, kituba, lingala. Basé(e) à Nkayi, mobilité possible sur le territoire national."
D0201,Jean Samba,22,Pointe-Noire,Agriculture / Agroalimentaire,Agronome,BAC+2 (BTS/DUT),6,secrétariat; sylviculture; agronomie; transformation alimentaire; élevage; gestion coopérative; pêche,adaptabilité; prise d'initiative; autonomie,français; anglais; lingala; kituba,"Agronome avec 6 ans d'expérience dans le domaine agriculture / agroalimentaire. Niveau d'études : BAC+2 (BTS/DUT). Compétences principales : secrétariat, sylviculture, agronomie, transformation alimentaire, élevage, gestion coopérative, pêche. Qualités : adaptabilité, prise d'initiative, autonomie. Langues parlées : français, anglais, lingala, kituba. Basé(e) à Pointe-Noire, mobilité possible sur le territoire national."
D0202,Armel Okemba,52,Brazzaville,Télécommunications,Technicien de maintenance télécom,BAC+2 (BTS/DUT),11,radiofréquence; fibre optique; bss/oss; transmission; maintenance télécom; réseaux mobiles,sens de l'organisation; adaptabilité,français; kituba; anglais; lingala,"Technicien de maintenance télécom avec 11 ans d'expérience dans le domaine télécommunications. Niveau d'études : BAC+2 (BTS/DUT). Compétences principales : radiofréquence, fibre optique, bss/oss, transmission, maintenance télécom, réseaux mobiles. Qualités : sens de l'organisation, adaptabilité. Langues parlées : français, kituba, anglais, lingala. Basé(e) à Brazzaville, mobilité possible sur le territoire national."
D0203,Pamela Malonga,25,Brazzaville,Pétrole / Gaz / Énergie,Technicien HSE,Master (BAC+5),6,inspection technique; qhse; forage; production pétrolière,rigueur; gestion du temps,français; kituba; lingala; anglais,"Technicien HSE avec 6 ans d'expérience dans le domaine pétrole / gaz / énergie. Niveau d'études : Master (BAC+5). Compétences principales : inspection technique, qhse, forage, production pétrolière. Qualités : rigueur, gestion du temps. Langues parlées : français, kituba, lingala, anglais. Basé(e) à Brazzaville, mobilité possible sur le territoire national."
D0204,Nadège Koumba,22,Brazzaville,Pétrole / Gaz / Énergie,Technicien HSE,BAC,2,instrumentation; soudure; pharmacie; tuyauterie,gestion du temps; prise d'initiative; adaptabilité; travail en équipe,français; anglais,"Technicien HSE avec 2 ans d'expérience dans le domaine pétrole / gaz / énergie. Niveau d'études : BAC. Compétences principales : instrumentation, soudure, pharmacie, tuyauterie. Qualités : gestion du temps, prise d'initiative, adaptabilité, travail en équipe. Langues parlées : français, anglais. Basé(e) à Brazzaville, mobilité possible sur le territoire national."
D0205,Fortuné Akouala,29,Nkayi,Hôtellerie / Restauration,Serveur,BAC+2 (BTS/DUT),0,gestion hôtelière; cuisine; réception hôtelière; housekeeping; service en salle,communication; autonomie; esprit d'analyse; rigueur,français; lingala; anglais; kituba,"Serveur avec 0 ans d'expérience dans le domaine hôtellerie / restauration. Niveau d'études : BAC+2 (BTS/DUT). Compétences principales : gestion hôtelière, cuisine, réception hôtelière, housekeeping, service en salle. Qualités : communication, autonomie, esprit d'analyse, rigueur. Langues parlées : français, lingala, anglais, kituba. Basé(e) à Nkayi, mobilité possible sur le territoire national."
D0206,Armel Elenga,30,Pointe-Noire,Logistique / Transport,Magasinier,BAC,8,gestion de stock; douane; magasinage; gestion de flotte; conduite poids lourds,prise d'initiative; gestion du temps; communication; leadership,français; anglais; kituba; lingala,"Magasinier avec 8 ans d'expérience dans le domaine logistique / transport. Niveau d'études : BAC. Compétences principales : gestion de stock, douane, magasinage, gestion de flotte, conduite poids lourds. Qualités : prise d'initiative, gestion du temps, communication, leadership. Langues parlées : français, anglais, kituba, lingala. Basé(e) à Pointe-Noire, mobilité possible sur le territoire national."
D0207,Armel Samba,38,Brazzaville,Banque / Finance,Comptable,BAC,3,gestion de trésorerie; audit; analyse financière; comptabilité; microfinance,esprit d'analyse; sens de l'organisation; communication; leadership,français; kituba; anglais; lingala,"Comptable avec 3 ans d'expérience dans le domaine banque / finance. Niveau d'études : BAC. Compétences principales : gestion de trésorerie, audit, analyse financière, comptabilité, microfinance. Qualités : esprit d'analyse, sens de l'organisation, communication, leadership. Langues parlées : français, kituba, anglais, lingala. Basé(e) à Brazzaville, mobilité possible sur le territoire national."
D0208,Sarah Loemba,28,Dolisie,Administration / RH / Juridique,Gestionnaire de paie,BAC,2,rédaction juridique; gestion administrative; droit du travail; métré; passation de marchés; archivage,gestion du temps; leadership; travail en équipe,français; anglais,"Gestionnaire de paie avec 2 ans d'expérience dans le domaine administration / rh / juridique. Niveau d'études : BAC. Compétences principales : rédaction juridique, gestion administrative, droit du travail, métré, passation de marchés, archivage. Qualités : gestion du temps, leadership, travail en équipe. Langues parlées : français, anglais. Basé(e) à Dolisie, mobilité possible sur le territoire national."
D0209,Chris Elenga,45,Dolisie,Télécommunications,Technicien fibre optique,BEPC,9,bss/oss; radiofréquence; transmission; maintenance télécom; réseaux mobiles; fibre optique,prise d'initiative; communication,français; lingala; kituba; anglais,"Technicien fibre optique avec 9 ans d'expérience dans le domaine télécommunications. Niveau d'études : BEPC. Compétences principales : bss/oss, radiofréquence, transmission, maintenance télécom, réseaux mobiles, fibre optique. Qualités : prise d'initiative, communication. Langues parlées : français, lingala, kituba, anglais. Basé(e) à Dolisie, mobilité possible sur le territoire national."
D0210,Paul Mabiala,43,Pointe-Noire,Administration / RH / Juridique,Assistant juridique,BAC,0,gestion administrative; archivage; passation de marchés,leadership; adaptabilité; gestion du temps,français; anglais; kituba; lingala,"Assistant juridique avec 0 ans d'expérience dans le domaine administration / rh / juridique. Niveau d'études : BAC. Compétences principales : gestion administrative, archivage, passation de marchés. Qualités : leadership, adaptabilité, gestion du temps. Langues parlées : français, anglais, kituba, lingala. Basé(e) à Pointe-Noire, mobilité possible sur le territoire national."
D0211,Bénédicte Bouity,22,Brazzaville,Agriculture / Agroalimentaire,Agronome,BAC,4,menuiserie; transformation alimentaire; maraîchage; élevage,prise d'initiative; leadership,français; kituba,"Agronome avec 4 ans d'expérience dans le domaine agriculture / agroalimentaire. Niveau d'études : BAC. Compétences principales : menuiserie, transformation alimentaire, maraîchage, élevage. Qualités : prise d'initiative, leadership. Langues parlées : français, kituba. Basé(e) à Brazzaville, mobilité possible sur le territoire national."
D0212,Naomi Mbochi,53,Pointe-Noire,Télécommunications,Technicien fibre optique,Licence (BAC+3),0,bss/oss; radiofréquence; voip; fibre optique; maintenance télécom,adaptabilité; communication; autonomie; gestion du temps,français; anglais; lingala; kituba,"Technicien fibre optique avec 0 ans d'expérience dans le domaine télécommunications. Niveau d'études : Licence (BAC+3). Compétences principales : bss/oss, radiofréquence, voip, fibre optique, maintenance télécom. Qualités : adaptabilité, communication, autonomie, gestion du temps. Langues parlées : français, anglais, lingala, kituba. Basé(e) à Pointe-Noire, mobilité possible sur le territoire national."
D0213,Naomi Koumba,34,Brazzaville,Logistique / Transport,Agent de transit,BAC+2 (BTS/DUT),2,magasinage; gestion de flotte; douane; supply chain,esprit d'analyse; travail en équipe; leadership,français; lingala; anglais,"Agent de transit avec 2 ans d'expérience dans le domaine logistique / transport. Niveau d'études : BAC+2 (BTS/DUT). Compétences principales : magasinage, gestion de flotte, douane, supply chain. Qualités : esprit d'analyse, travail en équipe, leadership. Langues parlées : français, lingala, anglais. Basé(e) à Brazzaville, mobilité possible sur le territoire national."
D0214,Serge Mbochi,28,Brazzaville,Éducation / Formation,Formateur professionnel,Licence (BAC+3),6,conception de programmes; alphabétisation; encadrement scolaire,prise d'initiative; leadership,français; lingala; anglais,"Formateur professionnel avec 6 ans d'expérience dans le domaine éducation / formation. Niveau d'études : Licence (BAC+3). Compétences principales : conception de programmes, alphabétisation, encadrement scolaire. Qualités : prise d'initiative, leadership. Langues parlées : français, lingala, anglais. Basé(e) à Brazzaville, mobilité possible sur le territoire national."
D0215,Chancelle Mbochi,52,Pointe-Noire,Télécommunications,Ingénieur radio,BAC+2 (BTS/DUT),1,réseaux mobiles; fibre optique; radiofréquence; transmission; voip; maintenance télécom; bss/oss,autonomie; communication; rigueur; esprit d'analyse,français; kituba,"Ingénieur radio avec 1 ans d'expérience dans le domaine télécommunications. Niveau d'études : BAC+2 (BTS/DUT). Compétences principales : réseaux mobiles, fibre optique, radiofréquence, transmission, voip, maintenance télécom, bss/oss. Qualités : autonomie, communication, rigueur, esprit d'analyse. Langues parlées : français, kituba. Basé(e) à Pointe-Noire, mobilité possible sur le territoire national."
D0216,Dieuveil Itoua,22,Pointe-Noire,Logistique / Transport,Gestionnaire de flotte,Master (BAC+5),2,réception hôtelière; transit; manutention portuaire; gestion de flotte; magasinage; housekeeping; gestion de stock,rigueur; sens de l'organisation,français; anglais; kituba; lingala,"Gestionnaire de flotte avec 2 ans d'expérience dans le domaine logistique / transport. Niveau d'études : Master (BAC+5). Compétences principales : réception hôtelière, transit, manutention portuaire, gestion de flotte, magasinage, housekeeping, gestion de stock. Qualités : rigueur, sens de l'organisation. Langues parlées : français, anglais, kituba, lingala. Basé(e) à Pointe-Noire, mobilité possible sur le territoire national."
D0217,Divine Bouity,47,Nkayi,Agriculture / Agroalimentaire,Technicien agricole,Licence (BAC+3),0,agronomie; maraîchage; élevage,sens de l'organisation; travail en équipe; gestion du temps; autonomie,français; lingala; kituba,"Technicien agricole avec 0 ans d'expérience dans le domaine agriculture / agroalimentaire. Niveau d'études : Licence (BAC+3). Compétences principales : agronomie, maraîchage, élevage. Qualités : sens de l'organisation, travail en équipe, gestion du temps, autonomie. Langues parlées : français, lingala, kituba. Basé(e) à Nkayi, mobilité possible sur le territoire national."
D0218,Armel Okemba,46,Brazzaville,Banque / Finance,Chargé de clientèle,BAC+2 (BTS/DUT),8,audit; fiscalité; gestion des risques; microfinance,rigueur; travail en équipe; sens de l'organisation,français; anglais,"Chargé de clientèle avec 8 ans d'expérience dans le domaine banque / finance. Niveau d'études : BAC+2 (BTS/DUT). Compétences principales : audit, fiscalité, gestion des risques, microfinance. Qualités : rigueur, travail en équipe, sens de l'organisation. Langues parlées : français, anglais. Basé(e) à Brazzaville, mobilité possible sur le territoire national."
D0219,Clarisse Moukala,48,Ouesso,Santé,Technicien de laboratoire,Doctorat,0,imagerie médicale; kinésithérapie; santé publique; community management; sage-femme; pharmacie; service client,sens de l'organisation; esprit d'analyse; leadership; prise d'initiative,français; kituba; anglais; lingala,"Technicien de laboratoire avec 0 ans d'expérience dans le domaine santé. Niveau d'études : Doctorat. Compétences principales : imagerie médicale, kinésithérapie, santé publique, community management, sage-femme, pharmacie, service client. Qualités : sens de l'organisation, esprit d'analyse, leadership, prise d'initiative. Langues parlées : français, kituba, anglais, lingala. Basé(e) à Ouesso, mobilité possible sur le territoire national."
D0220,Rodrigue Mavoungou,24,Pointe-Noire,Hôtellerie / Restauration,Cuisinier,BAC,3,service en salle; gestion hôtelière; housekeeping,sens de l'organisation; travail en équipe; leadership,français; lingala; anglais; kituba,"Cuisinier avec 3 ans d'expérience dans le domaine hôtellerie / restauration. Niveau d'études : BAC. Compétences principales : service en salle, gestion hôtelière, housekeeping. Qualités : sens de l'organisation, travail en équipe, leadership. Langues parlées : français, lingala, anglais, kituba. Basé(e) à Pointe-Noire, mobilité possible sur le territoire national."
D0221,Paul Tchicaya,22,Madingou,Logistique / Transport,Magasinier,BAC+2 (BTS/DUT),7,gestion de stock; gestion de flotte; manutention portuaire,sens de l'organisation; autonomie; travail en équipe; gestion du temps,français; anglais,"Magasinier avec 7 ans d'expérience dans le domaine logistique / transport. Niveau d'études : BAC+2 (BTS/DUT). Compétences principales : gestion de stock, gestion de flotte, manutention portuaire. Qualités : sens de l'organisation, autonomie, travail en équipe, gestion du temps. Langues parlées : français, anglais. Basé(e) à Madingou, mobilité possible sur le territoire national."
D0222,Divine Mbochi,53,Pointe-Noire,Administration / RH / Juridique,Secrétaire de direction,BEPC,0,droit du travail; rédaction juridique; gestion des ressources humaines; archivage,travail en équipe; leadership,français; kituba; anglais,"Secrétaire de direction avec 0 ans d'expérience dans le domaine administration / rh / juridique. Niveau d'études : BEPC. Compétences principales : droit du travail, rédaction juridique, gestion des ressources humaines, archivage. Qualités : travail en équipe, leadership. Langues parlées : français, kituba, anglais. Basé(e) à Pointe-Noire, mobilité possible sur le territoire national."
D0223,Serge Makosso,31,Madingou,Informatique / IT,Data Analyst,BAC+2 (BTS/DUT),8,excel avancé; java; cybersécurité,sens de l'organisation; adaptabilité; prise d'initiative,français; kituba,"Data Analyst avec 8 ans d'expérience dans le domaine informatique / it. Niveau d'études : BAC+2 (BTS/DUT). Compétences principales : excel avancé, java, cybersécurité. Qualités : sens de l'organisation, adaptabilité, prise d'initiative. Langues parlées : français, kituba. Basé(e) à Madingou, mobilité possible sur le territoire national."
D0224,Jean Ondongo,50,Sibiti,Éducation / Formation,Enseignant,BAC+2 (BTS/DUT),4,enseignement; encadrement scolaire; formation professionnelle; pédagogie; alphabétisation; conception de programmes,prise d'initiative; autonomie; esprit d'analyse; rigueur,français; kituba,"Enseignant avec 4 ans d'expérience dans le domaine éducation / formation. Niveau d'études : BAC+2 (BTS/DUT). Compétences principales : enseignement, encadrement scolaire, formation professionnelle, pédagogie, alphabétisation, conception de programmes. Qualités : prise d'initiative, autonomie, esprit d'analyse, rigueur. Langues parlées : français, kituba. Basé(e) à Sibiti, mobilité possible sur le territoire national."
D0225,Naomi Okemba,37,Pointe-Noire,Pétrole / Gaz / Énergie,Soudeur qualifié,Licence (BAC+3),4,qhse; maintenance industrielle; gestion de plateforme; électromécanique; inspection technique; hse,sens de l'organisation; travail en équipe; autonomie; communication,français; lingala; anglais,"Soudeur qualifié avec 4 ans d'expérience dans le domaine pétrole / gaz / énergie. Niveau d'études : Licence (BAC+3). Compétences principales : qhse, maintenance industrielle, gestion de plateforme, électromécanique, inspection technique, hse. Qualités : sens de l'organisation, travail en équipe, autonomie, communication. Langues parlées : français, lingala, anglais. Basé(e) à Pointe-Noire, mobilité possible sur le territoire national."
D0226,Gloire Itoua,20,Brazzaville,Banque / Finance,Agent de microfinance,Master (BAC+5),8,conformité bancaire; gestion de trésorerie; sage comptabilité; gestion des risques,rigueur; prise d'initiative; sens de l'organisation,français; kituba; lingala; anglais,"Agent de microfinance avec 8 ans d'expérience dans le domaine banque / finance. Niveau d'études : Master (BAC+5). Compétences principales : conformité bancaire, gestion de trésorerie, sage comptabilité, gestion des risques. Qualités : rigueur, prise d'initiative, sens de l'organisation. Langues parlées : français, kituba, lingala, anglais. Basé(e) à Brazzaville, mobilité possible sur le territoire national."
D0227,Divine Bemba,27,Pointe-Noire,Agriculture / Agroalimentaire,Agent de transformation,BEPC,0,transformation alimentaire; gestion coopérative; sylviculture; maraîchage; pêche; élevage,leadership; sens de l'organisation; autonomie,français; kituba; anglais; lingala,"Agent de transformation avec 0 ans d'expérience dans le domaine agriculture / agroalimentaire. Niveau d'études : BEPC. Compétences principales : transformation alimentaire, gestion coopérative, sylviculture, maraîchage, pêche, élevage. Qualités : leadership, sens de l'organisation, autonomie. Langues parlées : français, kituba, anglais, lingala. Basé(e) à Pointe-Noire, mobilité possible sur le territoire national."
D0228,Pierre Koumba,43,Brazzaville,Hôtellerie / Restauration,Serveur,BAC,8,pâtisserie; cuisine; gestion hôtelière; réception hôtelière; housekeeping,prise d'initiative; communication; adaptabilité,français; lingala; kituba,"Serveur avec 8 ans d'expérience dans le domaine hôtellerie / restauration. Niveau d'études : BAC. Compétences principales : pâtisserie, cuisine, gestion hôtelière, réception hôtelière, housekeeping. Qualités : prise d'initiative, communication, adaptabilité. Langues parlées : français, lingala, kituba. Basé(e) à Brazzaville, mobilité possible sur le territoire national."
D0229,Exaucé Nkouka,50,Ouesso,Banque / Finance,Auditeur junior,Licence (BAC+3),11,microfinance; contrôle de gestion; sage comptabilité; ohada,esprit d'analyse; leadership; sens de l'organisation,français; kituba; lingala; anglais,"Auditeur junior avec 11 ans d'expérience dans le domaine banque / finance. Niveau d'études : Licence (BAC+3). Compétences principales : microfinance, contrôle de gestion, sage comptabilité, ohada. Qualités : esprit d'analyse, leadership, sens de l'organisation. Langues parlées : français, kituba, lingala, anglais. Basé(e) à Ouesso, mobilité possible sur le territoire national."
D0230,Esther Loemba,43,Pointe-Noire,Informatique / IT,Data Analyst,BAC,4,bases de données; élevage; sql; excel avancé; cybersécurité; maintenance informatique; python,communication; leadership; travail en équipe,français; kituba; lingala,"Data Analyst avec 4 ans d'expérience dans le domaine informatique / it. Niveau d'études : BAC. Compétences principales : bases de données, élevage, sql, excel avancé, cybersécurité, maintenance informatique, python. Qualités : communication, leadership, travail en équipe. Langues parlées : français, kituba, lingala. Basé(e) à Pointe-Noire, mobilité possible sur le territoire national."
D0231,Jean Bakala,30,Pointe-Noire,Agriculture / Agroalimentaire,Agronome,BAC+2 (BTS/DUT),4,transformation alimentaire; agronomie; maraîchage; pêche; élevage,prise d'initiative; rigueur; leadership; gestion du temps,français; kituba; lingala; anglais,"Agronome avec 4 ans d'expérience dans le domaine agriculture / agroalimentaire. Niveau d'études : BAC+2 (BTS/DUT). Compétences principales : transformation alimentaire, agronomie, maraîchage, pêche, élevage. Qualités : prise d'initiative, rigueur, leadership, gestion du temps. Langues parlées : français, kituba, lingala, anglais. Basé(e) à Pointe-Noire, mobilité possible sur le territoire national."
D0232,Rodrigue Bakala,37,Dolisie,Télécommunications,Superviseur réseau,BAC,8,bss/oss; voip; maintenance télécom; radiofréquence; fibre optique,leadership; adaptabilité,français; anglais; kituba,"Superviseur réseau avec 8 ans d'expérience dans le domaine télécommunications. Niveau d'études : BAC. Compétences principales : bss/oss, voip, maintenance télécom, radiofréquence, fibre optique. Qualités : leadership, adaptabilité. Langues parlées : français, anglais, kituba. Basé(e) à Dolisie, mobilité possible sur le territoire national."
D0233,Merveille Moukala,50,Brazzaville,Commerce / Vente / Marketing,Commercial terrain,Licence (BAC+3),0,service client; caisse; gestion de clientèle; négociation commerciale; étude de marché,leadership; rigueur,français; lingala,"Commercial terrain avec 0 ans d'expérience dans le domaine commerce / vente / marketing. Niveau d'études : Licence (BAC+3). Compétences principales : service client, caisse, gestion de clientèle, négociation commerciale, étude de marché. Qualités : leadership, rigueur. Langues parlées : français, lingala. Basé(e) à Brazzaville, mobilité possible sur le territoire national."
D0234,Duval Bemba,22,Brazzaville,Agriculture / Agroalimentaire,Technicien agricole,Licence (BAC+3),0,gestion coopérative; transformation alimentaire; agronomie,gestion du temps; autonomie; rigueur; communication,français; anglais; lingala,"Technicien agricole avec 0 ans d'expérience dans le domaine agriculture / agroalimentaire. Niveau d'études : Licence (BAC+3). Compétences principales : gestion coopérative, transformation alimentaire, agronomie. Qualités : gestion du temps, autonomie, rigueur, communication. Langues parlées : français, anglais, lingala. Basé(e) à Brazzaville, mobilité possible sur le territoire national."
D0235,Grâce Mabiala,39,Pointe-Noire,Télécommunications,Superviseur réseau,Licence (BAC+3),1,radiofréquence; bss/oss; voip; transmission; maintenance télécom,leadership; sens de l'organisation; prise d'initiative,français; kituba; anglais; lingala,"Superviseur réseau avec 1 ans d'expérience dans le domaine télécommunications. Niveau d'études : Licence (BAC+3). Compétences principales : radiofréquence, bss/oss, voip, transmission, maintenance télécom. Qualités : leadership, sens de l'organisation, prise d'initiative. Langues parlées : français, kituba, anglais, lingala. Basé(e) à Pointe-Noire, mobilité possible sur le territoire national."
D0236,Sylvie Itoua,20,Madingou,Santé,Sage-femme,BAC+2 (BTS/DUT),2,santé publique; soins infirmiers; imagerie médicale; nutrition,adaptabilité; autonomie,français; anglais,"Sage-femme avec 2 ans d'expérience dans le domaine santé. Niveau d'études : BAC+2 (BTS/DUT). Compétences principales : santé publique, soins infirmiers, imagerie médicale, nutrition. Qualités : adaptabilité, autonomie. Langues parlées : français, anglais. Basé(e) à Madingou, mobilité possible sur le territoire national."
D0237,Antoine Loemba,32,Pointe-Noire,Éducation / Formation,Répétiteur,BEPC,6,pédagogie; enseignement; formation professionnelle; encadrement scolaire; alphabétisation; conception de programmes,rigueur; leadership; gestion du temps,français; lingala; kituba; anglais,"Répétiteur avec 6 ans d'expérience dans le domaine éducation / formation. Niveau d'études : BEPC. Compétences principales : pédagogie, enseignement, formation professionnelle, encadrement scolaire, alphabétisation, conception de programmes. Qualités : rigueur, leadership, gestion du temps. Langues parlées : français, lingala, kituba, anglais. Basé(e) à Pointe-Noire, mobilité possible sur le territoire national."
D0238,Ruth Loemba,48,Sibiti,Pétrole / Gaz / Énergie,Opérateur de production,Master (BAC+5),2,gestion de plateforme; tuyauterie; instrumentation; kinésithérapie; pharmacie; maintenance industrielle,travail en équipe; leadership; prise d'initiative,français; lingala,"Opérateur de production avec 2 ans d'expérience dans le domaine pétrole / gaz / énergie. Niveau d'études : Master (BAC+5). Compétences principales : gestion de plateforme, tuyauterie, instrumentation, kinésithérapie, pharmacie, maintenance industrielle. Qualités : travail en équipe, leadership, prise d'initiative. Langues parlées : français, lingala. Basé(e) à Sibiti, mobilité possible sur le territoire national."
D0239,Duval Loemba,20,Brazzaville,Hôtellerie / Restauration,Gouvernante,BEPC,10,housekeeping; réception hôtelière; forage; hse; pâtisserie; service en salle,travail en équipe; adaptabilité; communication,français; lingala; kituba,"Gouvernante avec 10 ans d'expérience dans le domaine hôtellerie / restauration. Niveau d'études : BEPC. Compétences principales : housekeeping, réception hôtelière, forage, hse, pâtisserie, service en salle. Qualités : travail en équipe, adaptabilité, communication. Langues parlées : français, lingala, kituba. Basé(e) à Brazzaville, mobilité possible sur le territoire national."
D0240,Ruth Malonga,22,Pointe-Noire,Pétrole / Gaz / Énergie,Opérateur de production,BAC+2 (BTS/DUT),0,soudure; tuyauterie; maintenance industrielle; forage,esprit d'analyse; communication,français; kituba,"Opérateur de production avec 0 ans d'expérience dans le domaine pétrole / gaz / énergie. Niveau d'études : BAC+2 (BTS/DUT). Compétences principales : soudure, tuyauterie, maintenance industrielle, forage. Qualités : esprit d'analyse, communication. Langues parlées : français, kituba. Basé(e) à Pointe-Noire, mobilité possible sur le territoire national."
D0241,Grâce Makosso,50,Pointe-Noire,Hôtellerie / Restauration,Cuisinier,Sans diplôme,5,cuisine; réception hôtelière; housekeeping; gestion hôtelière; service en salle; pâtisserie,travail en équipe; rigueur; communication,français; anglais; lingala,"Cuisinier avec 5 ans d'expérience dans le domaine hôtellerie / restauration. Niveau d'études : Sans diplôme. Compétences principales : cuisine, réception hôtelière, housekeeping, gestion hôtelière, service en salle, pâtisserie. Qualités : travail en équipe, rigueur, communication. Langues parlées : français, anglais, lingala. Basé(e) à Pointe-Noire, mobilité possible sur le territoire national."
D0242,Merveille Nkouka,34,Pointe-Noire,Hôtellerie / Restauration,Gouvernante,BAC,9,cuisine; service en salle; gestion hôtelière; housekeeping; pâtisserie,prise d'initiative; adaptabilité; travail en équipe; esprit d'analyse,français; anglais,"Gouvernante avec 9 ans d'expérience dans le domaine hôtellerie / restauration. Niveau d'études : BAC. Compétences principales : cuisine, service en salle, gestion hôtelière, housekeeping, pâtisserie. Qualités : prise d'initiative, adaptabilité, travail en équipe, esprit d'analyse. Langues parlées : français, anglais. Basé(e) à Pointe-Noire, mobilité possible sur le territoire national."
D0243,Esther Ondongo,55,Pointe-Noire,Santé,Sage-femme,BAC,0,nutrition; kinésithérapie; pharmacie; soins infirmiers; sage-femme,leadership; autonomie; travail en équipe,français; kituba; lingala; anglais,"Sage-femme avec 0 ans d'expérience dans le domaine santé. Niveau d'études : BAC. Compétences principales : nutrition, kinésithérapie, pharmacie, soins infirmiers, sage-femme. Qualités : leadership, autonomie, travail en équipe. Langues parlées : français, kituba, lingala, anglais. Basé(e) à Pointe-Noire, mobilité possible sur le territoire national."
D0244,Clarisse Akouala,32,Dolisie,Banque / Finance,Analyste financier,Licence (BAC+3),5,gestion des risques; contrôle de gestion; conformité bancaire; comptabilité; autocad,leadership; travail en équipe; adaptabilité,français; kituba,"Analyste financier avec 5 ans d'expérience dans le domaine banque / finance. Niveau d'études : Licence (BAC+3). Compétences principales : gestion des risques, contrôle de gestion, conformité bancaire, comptabilité, autocad. Qualités : leadership, travail en équipe, adaptabilité. Langues parlées : français, kituba. Basé(e) à Dolisie, mobilité possible sur le territoire national."
D0245,Exaucé Moukala,44,Brazzaville,Agriculture / Agroalimentaire,Technicien agricole,BAC,14,élevage; gestion coopérative; transformation alimentaire; pêche; sylviculture; maraîchage; agronomie,sens de l'organisation; communication,français; lingala,"Technicien agricole avec 14 ans d'expérience dans le domaine agriculture / agroalimentaire. Niveau d'études : BAC. Compétences principales : élevage, gestion coopérative, transformation alimentaire, pêche, sylviculture, maraîchage, agronomie. Qualités : sens de l'organisation, communication. Langues parlées : français, lingala. Basé(e) à Brazzaville, mobilité possible sur le territoire national."
D0246,Destin Bouity,43,Nkayi,Télécommunications,Superviseur réseau,Master (BAC+5),7,voip; maintenance télécom; transmission; fibre optique; réseaux mobiles; bss/oss; radiofréquence,rigueur; esprit d'analyse,français; kituba,"Superviseur réseau avec 7 ans d'expérience dans le domaine télécommunications. Niveau d'études : Master (BAC+5). Compétences principales : voip, maintenance télécom, transmission, fibre optique, réseaux mobiles, bss/oss, radiofréquence. Qualités : rigueur, esprit d'analyse. Langues parlées : français, kituba. Basé(e) à Nkayi, mobilité possible sur le territoire national."
D0247,Grâce Mbochi,55,Pointe-Noire,Hôtellerie / Restauration,Réceptionniste,BAC+2 (BTS/DUT),10,service en salle; gestion administrative; réception hôtelière,rigueur; sens de l'organisation,français; lingala,"Réceptionniste avec 10 ans d'expérience dans le domaine hôtellerie / restauration. Niveau d'études : BAC+2 (BTS/DUT). Compétences principales : service en salle, gestion administrative, réception hôtelière. Qualités : rigueur, sens de l'organisation. Langues parlées : français, lingala. Basé(e) à Pointe-Noire, mobilité possible sur le territoire national."
D0248,Rodrigue Ondongo,40,Pointe-Noire,Hôtellerie / Restauration,Serveur,Licence (BAC+3),8,pâtisserie; gestion hôtelière; réception hôtelière,esprit d'analyse; gestion du temps; communication; prise d'initiative,français; kituba; anglais; lingala,"Serveur avec 8 ans d'expérience dans le domaine hôtellerie / restauration. Niveau d'études : Licence (BAC+3). Compétences principales : pâtisserie, gestion hôtelière, réception hôtelière. Qualités : esprit d'analyse, gestion du temps, communication, prise d'initiative. Langues parlées : français, kituba, anglais, lingala. Basé(e) à Pointe-Noire, mobilité possible sur le territoire national."
D0249,Chris Nguesso,21,Impfondo,Agriculture / Agroalimentaire,Chef d'exploitation,Licence (BAC+3),1,sylviculture; transformation alimentaire; maraîchage; gestion coopérative; pêche,prise d'initiative; rigueur; sens de l'organisation,français; kituba; anglais,"Chef d'exploitation avec 1 ans d'expérience dans le domaine agriculture / agroalimentaire. Niveau d'études : Licence (BAC+3). Compétences principales : sylviculture, transformation alimentaire, maraîchage, gestion coopérative, pêche. Qualités : prise d'initiative, rigueur, sens de l'organisation. Langues parlées : français, kituba, anglais. Basé(e) à Impfondo, mobilité possible sur le territoire national."
D0250,Naomi Mbochi,34,Brazzaville,Agriculture / Agroalimentaire,Agronome,BEPC,8,maraîchage; pêche; agronomie; gestion de stock,sens de l'organisation; prise d'initiative; leadership,français; kituba; lingala,"Agronome avec 8 ans d'expérience dans le domaine agriculture / agroalimentaire. Niveau d'études : BEPC. Compétences principales : maraîchage, pêche, agronomie, gestion de stock. Qualités : sens de l'organisation, prise d'initiative, leadership. Langues parlées : français, kituba, lingala. Basé(e) à Brazzaville, mobilité possible sur le territoire national."
D0251,Serge Ngoma,23,Dolisie,Logistique / Transport,Agent de transit,Licence (BAC+3),8,gestion de flotte; manutention portuaire; conduite poids lourds,adaptabilité; esprit d'analyse,français; lingala; kituba; anglais,"Agent de transit avec 8 ans d'expérience dans le domaine logistique / transport. Niveau d'études : Licence (BAC+3). Compétences principales : gestion de flotte, manutention portuaire, conduite poids lourds. Qualités : adaptabilité, esprit d'analyse. Langues parlées : français, lingala, kituba, anglais. Basé(e) à Dolisie, mobilité possible sur le territoire national."
D0252,Grâce Nkouka,45,Pointe-Noire,Santé,Infirmier diplômé d'État,Sans diplôme,11,imagerie médicale; nutrition; soins infirmiers; pharmacie; kinésithérapie; laboratoire médical,gestion du temps; travail en équipe; autonomie; esprit d'analyse,français; anglais; lingala; kituba,"Infirmier diplômé d'État avec 11 ans d'expérience dans le domaine santé. Niveau d'études : Sans diplôme. Compétences principales : imagerie médicale, nutrition, soins infirmiers, pharmacie, kinésithérapie, laboratoire médical. Qualités : gestion du temps, travail en équipe, autonomie, esprit d'analyse. Langues parlées : français, anglais, lingala, kituba. Basé(e) à Pointe-Noire, mobilité possible sur le territoire national."
D0253,Sylvie Nkouka,50,Pointe-Noire,Commerce / Vente / Marketing,Community manager,BAC+2 (BTS/DUT),0,service client; négociation commerciale; caisse; gestion de clientèle; marketing digital; étude de marché; vente,adaptabilité; communication,français; lingala; kituba,"Community manager avec 0 ans d'expérience dans le domaine commerce / vente / marketing. Niveau d'études : BAC+2 (BTS/DUT). Compétences principales : service client, négociation commerciale, caisse, gestion de clientèle, marketing digital, étude de marché, vente. Qualités : adaptabilité, communication. Langues parlées : français, lingala, kituba. Basé(e) à Pointe-Noire, mobilité possible sur le territoire national."
D0254,Esther Bouity,39,Brazzaville,Agriculture / Agroalimentaire,Technicien agricole,BEPC,5,encadrement scolaire; maraîchage; élevage; agronomie,gestion du temps; adaptabilité; communication,français; kituba; anglais,"Technicien agricole avec 5 ans d'expérience dans le domaine agriculture / agroalimentaire. Niveau d'études : BEPC. Compétences principales : encadrement scolaire, maraîchage, élevage, agronomie. Qualités : gestion du temps, adaptabilité, communication. Langues parlées : français, kituba, anglais. Basé(e) à Brazzaville, mobilité possible sur le territoire national."
D0255,Pamela Moukala,48,Brazzaville,Banque / Finance,Chargé de clientèle,Licence (BAC+3),4,conformité bancaire; sage comptabilité; analyse financière; ohada; comptabilité; audit; contrôle de gestion,adaptabilité; leadership; communication; travail en équipe,français; kituba,"Chargé de clientèle avec 4 ans d'expérience dans le domaine banque / finance. Niveau d'études : Licence (BAC+3). Compétences principales : conformité bancaire, sage comptabilité, analyse financière, ohada, comptabilité, audit, contrôle de gestion. Qualités : adaptabilité, leadership, communication, travail en équipe. Langues parlées : français, kituba. Basé(e) à Brazzaville, mobilité possible sur le territoire national."
D0256,Ruth Okemba,37,Brazzaville,Commerce / Vente / Marketing,Chargé de marketing,BAC+2 (BTS/DUT),2,gestion de clientèle; service client; maçonnerie; community management,esprit d'analyse; leadership; travail en équipe; rigueur,français; anglais; lingala; kituba,"Chargé de marketing avec 2 ans d'expérience dans le domaine commerce / vente / marketing. Niveau d'études : BAC+2 (BTS/DUT). Compétences principales : gestion de clientèle, service client, maçonnerie, community management. Qualités : esprit d'analyse, leadership, travail en équipe, rigueur. Langues parlées : français, anglais, lingala, kituba. Basé(e) à Brazzaville, mobilité possible sur le territoire national."
D0257,Pierre Koumba,25,Owando,Informatique / IT,Chef de projet IT,BAC,2,java; développement mobile; bases de données,adaptabilité; communication; travail en équipe,français; anglais; lingala,"Chef de projet IT avec 2 ans d'expérience dans le domaine informatique / it. Niveau d'études : BAC. Compétences principales : java, développement mobile, bases de données. Qualités : adaptabilité, communication, travail en équipe. Langues parlées : français, anglais, lingala. Basé(e) à Owando, mobilité possible sur le territoire national."
D0258,Naomi Bakala,35,Pointe-Noire,Banque / Finance,Chargé de clientèle,Licence (BAC+3),12,comptabilité; gestion de trésorerie; gestion des risques,adaptabilité; esprit d'analyse; gestion du temps,français; kituba,"Chargé de clientèle avec 12 ans d'expérience dans le domaine banque / finance. Niveau d'études : Licence (BAC+3). Compétences principales : comptabilité, gestion de trésorerie, gestion des risques. Qualités : adaptabilité, esprit d'analyse, gestion du temps. Langues parlées : français, kituba. Basé(e) à Pointe-Noire, mobilité possible sur le territoire national."
D0259,Paul Koumba,46,Dolisie,Agriculture / Agroalimentaire,Agronome,BAC,5,pêche; transformation alimentaire; maraîchage,sens de l'organisation; autonomie,français; lingala,"Agronome avec 5 ans d'expérience dans le domaine agriculture / agroalimentaire. Niveau d'études : BAC. Compétences principales : pêche, transformation alimentaire, maraîchage. Qualités : sens de l'organisation, autonomie. Langues parlées : français, lingala. Basé(e) à Dolisie, mobilité possible sur le territoire national."
D0260,Sylvie Nkouka,30,Kinkala,BTP / Construction,Chef de chantier,BEPC,8,autocad; plomberie; métré; voirie; conduite de travaux; topographie,leadership; sens de l'organisation; rigueur; gestion du temps,français; anglais; lingala; kituba,"Chef de chantier avec 8 ans d'expérience dans le domaine btp / construction. Niveau d'études : BEPC. Compétences principales : autocad, plomberie, métré, voirie, conduite de travaux, topographie. Qualités : leadership, sens de l'organisation, rigueur, gestion du temps. Langues parlées : français, anglais, lingala, kituba. Basé(e) à Kinkala, mobilité possible sur le territoire national."
D0261,Grâce Makosso,25,Pointe-Noire,Santé,Sage-femme,BAC,5,laboratoire médical; soins infirmiers; kinésithérapie; sage-femme; imagerie médicale,esprit d'analyse; autonomie; leadership,français; anglais; kituba; lingala,"Sage-femme avec 5 ans d'expérience dans le domaine santé. Niveau d'études : BAC. Compétences principales : laboratoire médical, soins infirmiers, kinésithérapie, sage-femme, imagerie médicale. Qualités : esprit d'analyse, autonomie, leadership. Langues parlées : français, anglais, kituba, lingala. Basé(e) à Pointe-Noire, mobilité possible sur le territoire national."
D0262,Sarah Makosso,46,Brazzaville,Hôtellerie / Restauration,Serveur,BAC+2 (BTS/DUT),3,gestion hôtelière; pâtisserie; housekeeping; réception hôtelière,adaptabilité; leadership; gestion du temps; rigueur,français; lingala,"Serveur avec 3 ans d'expérience dans le domaine hôtellerie / restauration. Niveau d'études : BAC+2 (BTS/DUT). Compétences principales : gestion hôtelière, pâtisserie, housekeeping, réception hôtelière. Qualités : adaptabilité, leadership, gestion du temps, rigueur. Langues parlées : français, lingala. Basé(e) à Brazzaville, mobilité possible sur le territoire national."
D0263,Nadège Mbochi,54,Pointe-Noire,BTP / Construction,Chef de chantier,BAC+2 (BTS/DUT),0,dessin technique; topographie; conduite de travaux; voirie,esprit d'analyse; adaptabilité; prise d'initiative; communication,français; anglais; kituba,"Chef de chantier avec 0 ans d'expérience dans le domaine btp / construction. Niveau d'études : BAC+2 (BTS/DUT). Compétences principales : dessin technique, topographie, conduite de travaux, voirie. Qualités : esprit d'analyse, adaptabilité, prise d'initiative, communication. Langues parlées : français, anglais, kituba. Basé(e) à Pointe-Noire, mobilité possible sur le territoire national."
D0264,Sylvie Bakala,32,Pointe-Noire,Agriculture / Agroalimentaire,Technicien agricole,Doctorat,8,gestion coopérative; agronomie; maraîchage,travail en équipe; rigueur; gestion du temps,français; anglais,"Technicien agricole avec 8 ans d'expérience dans le domaine agriculture / agroalimentaire. Niveau d'études : Doctorat. Compétences principales : gestion coopérative, agronomie, maraîchage. Qualités : travail en équipe, rigueur, gestion du temps. Langues parlées : français, anglais. Basé(e) à Pointe-Noire, mobilité possible sur le territoire national."
D0265,Pamela Akouala,45,Dolisie,Logistique / Transport,Magasinier,Licence (BAC+3),7,planification logistique; supply chain; transit; manutention portuaire; douane,travail en équipe; sens de l'organisation; leadership; rigueur,français; lingala,"Magasinier avec 7 ans d'expérience dans le domaine logistique / transport. Niveau d'études : Licence (BAC+3). Compétences principales : planification logistique, supply chain, transit, manutention portuaire, douane. Qualités : travail en équipe, sens de l'organisation, leadership, rigueur. Langues parlées : français, lingala. Basé(e) à Dolisie, mobilité possible sur le territoire national."
D0266,Jean Bakala,25,Brazzaville,Éducation / Formation,Encadreur pédagogique,Licence (BAC+3),1,pédagogie; conception de programmes; alphabétisation,communication; autonomie; adaptabilité,français; lingala; anglais; kituba,"Encadreur pédagogique avec 1 ans d'expérience dans le domaine éducation / formation. Niveau d'études : Licence (BAC+3). Compétences principales : pédagogie, conception de programmes, alphabétisation. Qualités : communication, autonomie, adaptabilité. Langues parlées : français, lingala, anglais, kituba. Basé(e) à Brazzaville, mobilité possible sur le territoire national."
D0267,Prince Okemba,36,Brazzaville,Agriculture / Agroalimentaire,Technicien agricole,BAC,5,gestion coopérative; élevage; maraîchage; sylviculture; agronomie; transformation alimentaire; pêche,leadership; prise d'initiative; sens de l'organisation; communication,français; kituba; anglais; lingala,"Technicien agricole avec 5 ans d'expérience dans le domaine agriculture / agroalimentaire. Niveau d'études : BAC. Compétences principales : gestion coopérative, élevage, maraîchage, sylviculture, agronomie, transformation alimentaire, pêche. Qualités : leadership, prise d'initiative, sens de l'organisation, communication. Langues parlées : français, kituba, anglais, lingala. Basé(e) à Brazzaville, mobilité possible sur le territoire national."
D0268,Antoine Loemba,55,Brazzaville,Informatique / IT,Chef de projet IT,BAC+2 (BTS/DUT),3,cybersécurité; analyse de données; python; maintenance informatique; administration réseau; php,prise d'initiative; esprit d'analyse,français; lingala; anglais,"Chef de projet IT avec 3 ans d'expérience dans le domaine informatique / it. Niveau d'études : BAC+2 (BTS/DUT). Compétences principales : cybersécurité, analyse de données, python, maintenance informatique, administration réseau, php. Qualités : prise d'initiative, esprit d'analyse. Langues parlées : français, lingala, anglais. Basé(e) à Brazzaville, mobilité possible sur le territoire national."
D0269,Naomi Nguesso,39,Dolisie,BTP / Construction,Conducteur de travaux,BAC,8,conduite de travaux; génie civil; menuiserie,prise d'initiative; autonomie; adaptabilité; travail en équipe,français; kituba; lingala; anglais,"Conducteur de travaux avec 8 ans d'expérience dans le domaine btp / construction. Niveau d'études : BAC. Compétences principales : conduite de travaux, génie civil, menuiserie. Qualités : prise d'initiative, autonomie, adaptabilité, travail en équipe. Langues parlées : français, kituba, lingala, anglais. Basé(e) à Dolisie, mobilité possible sur le territoire national."
D0270,Rodrigue Nguesso,53,Pointe-Noire,Santé,Infirmier diplômé d'État,BAC,6,pharmacie; imagerie médicale; sage-femme; santé publique; soins infirmiers; nutrition,leadership; communication; autonomie,français; anglais; lingala,"Infirmier diplômé d'État avec 6 ans d'expérience dans le domaine santé. Niveau d'études : BAC. Compétences principales : pharmacie, imagerie médicale, sage-femme, santé publique, soins infirmiers, nutrition. Qualités : leadership, communication, autonomie. Langues parlées : français, anglais, lingala. Basé(e) à Pointe-Noire, mobilité possible sur le territoire national."
D0271,Jean Bakala,33,Brazzaville,Pétrole / Gaz / Énergie,Technicien HSE,BAC+2 (BTS/DUT),2,instrumentation; soudure; électromécanique; qhse; tuyauterie; gestion de plateforme; inspection technique,leadership; esprit d'analyse; sens de l'organisation,français; kituba; lingala; anglais,"Technicien HSE avec 2 ans d'expérience dans le domaine pétrole / gaz / énergie. Niveau d'études : BAC+2 (BTS/DUT). Compétences principales : instrumentation, soudure, électromécanique, qhse, tuyauterie, gestion de plateforme, inspection technique. Qualités : leadership, esprit d'analyse, sens de l'organisation. Langues parlées : français, kituba, lingala, anglais. Basé(e) à Brazzaville, mobilité possible sur le territoire national."
D0272,Merveille Malonga,45,Dolisie,Administration / RH / Juridique,Gestionnaire de paie,BEPC,5,gestion des ressources humaines; droit du travail; passation de marchés; gestion administrative; paie; archivage,rigueur; autonomie; sens de l'organisation; gestion du temps,français; anglais; kituba,"Gestionnaire de paie avec 5 ans d'expérience dans le domaine administration / rh / juridique. Niveau d'études : BEPC. Compétences principales : gestion des ressources humaines, droit du travail, passation de marchés, gestion administrative, paie, archivage. Qualités : rigueur, autonomie, sens de l'organisation, gestion du temps. Langues parlées : français, anglais, kituba. Basé(e) à Dolisie, mobilité possible sur le territoire national."
D0273,Destin Elenga,40,Madingou,Hôtellerie / Restauration,Serveur,Licence (BAC+3),2,service en salle; pâtisserie; réception hôtelière,esprit d'analyse; prise d'initiative; travail en équipe,français; kituba; anglais; lingala,"Serveur avec 2 ans d'expérience dans le domaine hôtellerie / restauration. Niveau d'études : Licence (BAC+3). Compétences principales : service en salle, pâtisserie, réception hôtelière. Qualités : esprit d'analyse, prise d'initiative, travail en équipe. Langues parlées : français, kituba, anglais, lingala. Basé(e) à Madingou, mobilité possible sur le territoire national."
D0274,Divine Bemba,39,Pointe-Noire,Agriculture / Agroalimentaire,Technicien agricole,Master (BAC+5),1,gestion coopérative; pêche; transformation alimentaire; sylviculture,leadership; autonomie,français; kituba; lingala,"Technicien agricole avec 1 ans d'expérience dans le domaine agriculture / agroalimentaire. Niveau d'études : Master (BAC+5). Compétences principales : gestion coopérative, pêche, transformation alimentaire, sylviculture. Qualités : leadership, autonomie. Langues parlées : français, kituba, lingala. Basé(e) à Pointe-Noire, mobilité possible sur le territoire national."
D0275,Destin Okemba,48,Brazzaville,Hôtellerie / Restauration,Cuisinier,BAC+2 (BTS/DUT),6,réception hôtelière; housekeeping; cuisine,rigueur; adaptabilité; esprit d'analyse,français; lingala,"Cuisinier avec 6 ans d'expérience dans le domaine hôtellerie / restauration. Niveau d'études : BAC+2 (BTS/DUT). Compétences principales : réception hôtelière, housekeeping, cuisine. Qualités : rigueur, adaptabilité, esprit d'analyse. Langues parlées : français, lingala. Basé(e) à Brazzaville, mobilité possible sur le territoire national."
D0276,Jean Ngoma,20,Dolisie,Agriculture / Agroalimentaire,Technicien agricole,Master (BAC+5),2,pêche; service client; marketing digital; gestion coopérative,adaptabilité; leadership; communication,français; anglais; lingala; kituba,"Technicien agricole avec 2 ans d'expérience dans le domaine agriculture / agroalimentaire. Niveau d'études : Master (BAC+5). Compétences principales : pêche, service client, marketing digital, gestion coopérative. Qualités : adaptabilité, leadership, communication. Langues parlées : français, anglais, lingala, kituba. Basé(e) à Dolisie, mobilité possible sur le territoire national."
D0277,Dieuveil Loemba,20,Brazzaville,Logistique / Transport,Agent de transit,BAC,6,transit; conduite poids lourds; manutention portuaire; gestion de stock; supply chain; douane; planification logistique,autonomie; rigueur; adaptabilité; communication,français; anglais; lingala,"Agent de transit avec 6 ans d'expérience dans le domaine logistique / transport. Niveau d'études : BAC. Compétences principales : transit, conduite poids lourds, manutention portuaire, gestion de stock, supply chain, douane, planification logistique. Qualités : autonomie, rigueur, adaptabilité, communication. Langues parlées : français, anglais, lingala. Basé(e) à Brazzaville, mobilité possible sur le territoire national."
D0278,Esther Akouala,23,Brazzaville,Administration / RH / Juridique,Assistant juridique,Licence (BAC+3),8,secrétariat; gestion administrative; droit du travail,adaptabilité; autonomie; leadership; prise d'initiative,français; lingala; anglais; kituba,"Assistant juridique avec 8 ans d'expérience dans le domaine administration / rh / juridique. Niveau d'études : Licence (BAC+3). Compétences principales : secrétariat, gestion administrative, droit du travail. Qualités : adaptabilité, autonomie, leadership, prise d'initiative. Langues parlées : français, lingala, anglais, kituba. Basé(e) à Brazzaville, mobilité possible sur le territoire national."
D0279,Gloire Ondongo,49,Pointe-Noire,Banque / Finance,Comptable,Licence (BAC+3),7,comptabilité; audit; microfinance; ohada; analyse financière; conformité bancaire,adaptabilité; autonomie; prise d'initiative; gestion du temps,français; kituba,"Comptable avec 7 ans d'expérience dans le domaine banque / finance. Niveau d'études : Licence (BAC+3). Compétences principales : comptabilité, audit, microfinance, ohada, analyse financière, conformité bancaire. Qualités : adaptabilité, autonomie, prise d'initiative, gestion du temps. Langues parlées : français, kituba. Basé(e) à Pointe-Noire, mobilité possible sur le territoire national."
D0280,Pierre Moukala,50,Brazzaville,Logistique / Transport,Responsable logistique,Licence (BAC+3),11,supply chain; manutention portuaire; transit; gestion de flotte; planification logistique; douane,gestion du temps; leadership; adaptabilité,français; kituba; anglais,"Responsable logistique avec 11 ans d'expérience dans le domaine logistique / transport. Niveau d'études : Licence (BAC+3). Compétences principales : supply chain, manutention portuaire, transit, gestion de flotte, planification logistique, douane. Qualités : gestion du temps, leadership, adaptabilité. Langues parlées : français, kituba, anglais. Basé(e) à Brazzaville, mobilité possible sur le territoire national."
D0281,Dieuveil Itoua,24,Brazzaville,Commerce / Vente / Marketing,Responsable des ventes,BAC+2 (BTS/DUT),3,étude de marché; marketing digital; community management; vente; gestion de clientèle,communication; adaptabilité; prise d'initiative; gestion du temps,français; anglais,"Responsable des ventes avec 3 ans d'expérience dans le domaine commerce / vente / marketing. Niveau d'études : BAC+2 (BTS/DUT). Compétences principales : étude de marché, marketing digital, community management, vente, gestion de clientèle. Qualités : communication, adaptabilité, prise d'initiative, gestion du temps. Langues parlées : français, anglais. Basé(e) à Brazzaville, mobilité possible sur le territoire national."
D0282,Dieuveil Tchicaya,24,Nkayi,Santé,Pharmacien assistant,BEPC,9,imagerie médicale; nutrition; sage-femme; santé publique; laboratoire médical; kinésithérapie; soins infirmiers,communication; esprit d'analyse,français; kituba; anglais; lingala,"Pharmacien assistant avec 9 ans d'expérience dans le domaine santé. Niveau d'études : BEPC. Compétences principales : imagerie médicale, nutrition, sage-femme, santé publique, laboratoire médical, kinésithérapie, soins infirmiers. Qualités : communication, esprit d'analyse. Langues parlées : français, kituba, anglais, lingala. Basé(e) à Nkayi, mobilité possible sur le territoire national."
D0283,Esther Tchicaya,39,Pointe-Noire,Administration / RH / Juridique,Chargé des marchés publics,BAC+2 (BTS/DUT),1,archivage; gestion des ressources humaines; paie; bss/oss; passation de marchés,travail en équipe; leadership; sens de l'organisation; rigueur,français; lingala,"Chargé des marchés publics avec 1 ans d'expérience dans le domaine administration / rh / juridique. Niveau d'études : BAC+2 (BTS/DUT). Compétences principales : archivage, gestion des ressources humaines, paie, bss/oss, passation de marchés. Qualités : travail en équipe, leadership, sens de l'organisation, rigueur. Langues parlées : français, lingala. Basé(e) à Pointe-Noire, mobilité possible sur le territoire national."
D0284,Ruth Makosso,47,Brazzaville,Éducation / Formation,Formateur professionnel,BAC,4,enseignement; encadrement scolaire; alphabétisation; formation professionnelle; pédagogie,autonomie; travail en équipe,français; lingala; anglais; kituba,"Formateur professionnel avec 4 ans d'expérience dans le domaine éducation / formation. Niveau d'études : BAC. Compétences principales : enseignement, encadrement scolaire, alphabétisation, formation professionnelle, pédagogie. Qualités : autonomie, travail en équipe. Langues parlées : français, lingala, anglais, kituba. Basé(e) à Brazzaville, mobilité possible sur le territoire national."
D0285,Clarisse Nkouka,20,Kinkala,Hôtellerie / Restauration,Réceptionniste,Master (BAC+5),6,pâtisserie; housekeeping; gestion hôtelière; service en salle; réception hôtelière,rigueur; leadership; esprit d'analyse; communication,français; lingala; kituba,"Réceptionniste avec 6 ans d'expérience dans le domaine hôtellerie / restauration. Niveau d'études : Master (BAC+5). Compétences principales : pâtisserie, housekeeping, gestion hôtelière, service en salle, réception hôtelière. Qualités : rigueur, leadership, esprit d'analyse, communication. Langues parlées : français, lingala, kituba. Basé(e) à Kinkala, mobilité possible sur le territoire national."
D0286,Sarah Akouala,44,Pointe-Noire,Pétrole / Gaz / Énergie,Superviseur QHSE,Master (BAC+5),8,tuyauterie; soudure; hse; production pétrolière,gestion du temps; esprit d'analyse,français; anglais; kituba; lingala,"Superviseur QHSE avec 8 ans d'expérience dans le domaine pétrole / gaz / énergie. Niveau d'études : Master (BAC+5). Compétences principales : tuyauterie, soudure, hse, production pétrolière. Qualités : gestion du temps, esprit d'analyse. Langues parlées : français, anglais, kituba, lingala. Basé(e) à Pointe-Noire, mobilité possible sur le territoire national."
D0287,Nadège Elenga,49,Brazzaville,Santé,Sage-femme,BEPC,0,soins infirmiers; santé publique; sage-femme; pharmacie; laboratoire médical; imagerie médicale,prise d'initiative; adaptabilité; travail en équipe; esprit d'analyse,français; anglais; lingala,"Sage-femme avec 0 ans d'expérience dans le domaine santé. Niveau d'études : BEPC. Compétences principales : soins infirmiers, santé publique, sage-femme, pharmacie, laboratoire médical, imagerie médicale. Qualités : prise d'initiative, adaptabilité, travail en équipe, esprit d'analyse. Langues parlées : français, anglais, lingala. Basé(e) à Brazzaville, mobilité possible sur le territoire national."
D0288,Chancelle Tchicaya,30,Sibiti,Agriculture / Agroalimentaire,Chef d'exploitation,BAC+2 (BTS/DUT),2,élevage; gestion coopérative; fibre optique; agronomie; transformation alimentaire; pêche,esprit d'analyse; sens de l'organisation; prise d'initiative,français; kituba; anglais,"Chef d'exploitation avec 2 ans d'expérience dans le domaine agriculture / agroalimentaire. Niveau d'études : BAC+2 (BTS/DUT). Compétences principales : élevage, gestion coopérative, fibre optique, agronomie, transformation alimentaire, pêche. Qualités : esprit d'analyse, sens de l'organisation, prise d'initiative. Langues parlées : français, kituba, anglais. Basé(e) à Sibiti, mobilité possible sur le territoire national."
D0289,Chancelle Loemba,28,Brazzaville,Informatique / IT,Data Analyst,BAC+2 (BTS/DUT),4,linux; sql; excel avancé; maintenance informatique; machine learning; python; administration réseau,leadership; travail en équipe; autonomie; gestion du temps,français; anglais,"Data Analyst avec 4 ans d'expérience dans le domaine informatique / it. Niveau d'études : BAC+2 (BTS/DUT). Compétences principales : linux, sql, excel avancé, maintenance informatique, machine learning, python, administration réseau. Qualités : leadership, travail en équipe, autonomie, gestion du temps. Langues parlées : français, anglais. Basé(e) à Brazzaville, mobilité possible sur le territoire national."
D0290,Fortuné Nguesso,25,Nkayi,Administration / RH / Juridique,Gestionnaire de paie,BAC,4,gestion des ressources humaines; rédaction juridique; archivage; gestion administrative; paie,leadership; esprit d'analyse; adaptabilité; gestion du temps,français; lingala; kituba; anglais,"Gestionnaire de paie avec 4 ans d'expérience dans le domaine administration / rh / juridique. Niveau d'études : BAC. Compétences principales : gestion des ressources humaines, rédaction juridique, archivage, gestion administrative, paie. Qualités : leadership, esprit d'analyse, adaptabilité, gestion du temps. Langues parlées : français, lingala, kituba, anglais. Basé(e) à Nkayi, mobilité possible sur le territoire national."
D0291,Divine Itoua,50,Brazzaville,Banque / Finance,Chargé de clientèle,Licence (BAC+3),4,conformité bancaire; microfinance; sage comptabilité; gestion de trésorerie,esprit d'analyse; leadership; rigueur; autonomie,français; lingala,"Chargé de clientèle avec 4 ans d'expérience dans le domaine banque / finance. Niveau d'études : Licence (BAC+3). Compétences principales : conformité bancaire, microfinance, sage comptabilité, gestion de trésorerie. Qualités : esprit d'analyse, leadership, rigueur, autonomie. Langues parlées : français, lingala. Basé(e) à Brazzaville, mobilité possible sur le territoire national."
D0292,Armel Bouity,37,Madingou,Hôtellerie / Restauration,Gouvernante,BAC+2 (BTS/DUT),1,service en salle; housekeeping; gestion hôtelière; pâtisserie; réception hôtelière; cuisine,gestion du temps; travail en équipe; autonomie; prise d'initiative,français; kituba; lingala; anglais,"Gouvernante avec 1 ans d'expérience dans le domaine hôtellerie / restauration. Niveau d'études : BAC+2 (BTS/DUT). Compétences principales : service en salle, housekeeping, gestion hôtelière, pâtisserie, réception hôtelière, cuisine. Qualités : gestion du temps, travail en équipe, autonomie, prise d'initiative. Langues parlées : français, kituba, lingala, anglais. Basé(e) à Madingou, mobilité possible sur le territoire national."
D0293,Duval Mabiala,46,Pointe-Noire,Santé,Infirmier diplômé d'État,Doctorat,0,santé publique; kinésithérapie; nutrition,esprit d'analyse; rigueur; sens de l'organisation,français; anglais; lingala,"Infirmier diplômé d'État avec 0 ans d'expérience dans le domaine santé. Niveau d'études : Doctorat. Compétences principales : santé publique, kinésithérapie, nutrition. Qualités : esprit d'analyse, rigueur, sens de l'organisation. Langues parlées : français, anglais, lingala. Basé(e) à Pointe-Noire, mobilité possible sur le territoire national."
D0294,Merveille Mabiala,28,Dolisie,Pétrole / Gaz / Énergie,Soudeur qualifié,BEPC,4,électromécanique; maintenance industrielle; instrumentation; inspection technique; production pétrolière; forage,prise d'initiative; communication,français; anglais; lingala; kituba,"Soudeur qualifié avec 4 ans d'expérience dans le domaine pétrole / gaz / énergie. Niveau d'études : BEPC. Compétences principales : électromécanique, maintenance industrielle, instrumentation, inspection technique, production pétrolière, forage. Qualités : prise d'initiative, communication. Langues parlées : français, anglais, lingala, kituba. Basé(e) à Dolisie, mobilité possible sur le territoire national."
D0295,Bénédicte Nguesso,44,Nkayi,Éducation / Formation,Répétiteur,Licence (BAC+3),0,pédagogie; enseignement; alphabétisation; conception de programmes; formation professionnelle; encadrement scolaire,communication; esprit d'analyse; autonomie; gestion du temps,français; kituba; lingala,"Répétiteur avec 0 ans d'expérience dans le domaine éducation / formation. Niveau d'études : Licence (BAC+3). Compétences principales : pédagogie, enseignement, alphabétisation, conception de programmes, formation professionnelle, encadrement scolaire. Qualités : communication, esprit d'analyse, autonomie, gestion du temps. Langues parlées : français, kituba, lingala. Basé(e) à Nkayi, mobilité possible sur le territoire national."
D0296,Sarah Okemba,26,Pointe-Noire,Santé,Agent de santé communautaire,BAC,8,santé publique; pharmacie; sage-femme; soins infirmiers; kinésithérapie,prise d'initiative; gestion du temps,français; lingala; anglais,"Agent de santé communautaire avec 8 ans d'expérience dans le domaine santé. Niveau d'études : BAC. Compétences principales : santé publique, pharmacie, sage-femme, soins infirmiers, kinésithérapie. Qualités : prise d'initiative, gestion du temps. Langues parlées : français, lingala, anglais. Basé(e) à Pointe-Noire, mobilité possible sur le territoire national."
D0297,Divine Mbochi,52,Dolisie,Commerce / Vente / Marketing,Commercial terrain,Master (BAC+5),8,vente; négociation commerciale; service client,autonomie; esprit d'analyse; travail en équipe; rigueur,français; kituba; anglais; lingala,"Commercial terrain avec 8 ans d'expérience dans le domaine commerce / vente / marketing. Niveau d'études : Master (BAC+5). Compétences principales : vente, négociation commerciale, service client. Qualités : autonomie, esprit d'analyse, travail en équipe, rigueur. Langues parlées : français, kituba, anglais, lingala. Basé(e) à Dolisie, mobilité possible sur le territoire national."
D0298,Armel Bakala,43,Pointe-Noire,Hôtellerie / Restauration,Cuisinier,BEPC,9,housekeeping; pâtisserie; gestion hôtelière; réception hôtelière; cuisine; service en salle,gestion du temps; esprit d'analyse,français; kituba; anglais; lingala,"Cuisinier avec 9 ans d'expérience dans le domaine hôtellerie / restauration. Niveau d'études : BEPC. Compétences principales : housekeeping, pâtisserie, gestion hôtelière, réception hôtelière, cuisine, service en salle. Qualités : gestion du temps, esprit d'analyse. Langues parlées : français, kituba, anglais, lingala. Basé(e) à Pointe-Noire, mobilité possible sur le territoire national."
D0299,Jean Okemba,22,Owando,Agriculture / Agroalimentaire,Agronome,Licence (BAC+3),2,agronomie; maraîchage; transformation alimentaire; élevage; sylviculture,travail en équipe; gestion du temps; rigueur; leadership,français; kituba; lingala,"Agronome avec 2 ans d'expérience dans le domaine agriculture / agroalimentaire. Niveau d'études : Licence (BAC+3). Compétences principales : agronomie, maraîchage, transformation alimentaire, élevage, sylviculture. Qualités : travail en équipe, gestion du temps, rigueur, leadership. Langues parlées : français, kituba, lingala. Basé(e) à Owando, mobilité possible sur le territoire national."
D0300,Armel Elenga,54,Brazzaville,BTP / Construction,Dessinateur projeteur,BEPC,0,topographie; réseaux mobiles; électricité bâtiment; menuiserie; autocad; voirie,esprit d'analyse; travail en équipe; sens de l'organisation; leadership,français; lingala; kituba; anglais,"Dessinateur projeteur avec 0 ans d'expérience dans le domaine btp / construction. Niveau d'études : BEPC. Compétences principales : topographie, réseaux mobiles, électricité bâtiment, menuiserie, autocad, voirie. Qualités : esprit d'analyse, travail en équipe, sens de l'organisation, leadership. Langues parlées : français, lingala, kituba, anglais. Basé(e) à Brazzaville, mobilité possible sur le territoire national."
D0301,Merveille Ondongo,30,Nkayi,Banque / Finance,Agent de microfinance,BAC,4,audit; comptabilité; analyse financière; conformité bancaire,travail en équipe; esprit d'analyse; prise d'initiative; communication,français; kituba,"Agent de microfinance avec 4 ans d'expérience dans le domaine banque / finance. Niveau d'études : BAC. Compétences principales : audit, comptabilité, analyse financière, conformité bancaire. Qualités : travail en équipe, esprit d'analyse, prise d'initiative, communication. Langues parlées : français, kituba. Basé(e) à Nkayi, mobilité possible sur le territoire national."
D0302,Chancelle Okemba,31,Ouesso,Administration / RH / Juridique,Assistant RH,BAC+2 (BTS/DUT),2,tuyauterie; secrétariat; paie; passation de marchés; archivage; production pétrolière; droit du travail,gestion du temps; adaptabilité; communication; sens de l'organisation,français; kituba,"Assistant RH avec 2 ans d'expérience dans le domaine administration / rh / juridique. Niveau d'études : BAC+2 (BTS/DUT). Compétences principales : tuyauterie, secrétariat, paie, passation de marchés, archivage, production pétrolière, droit du travail. Qualités : gestion du temps, adaptabilité, communication, sens de l'organisation. Langues parlées : français, kituba. Basé(e) à Ouesso, mobilité possible sur le territoire national."
D0303,Gloire Makosso,31,Owando,Santé,Infirmier diplômé d'État,Licence (BAC+3),9,kinésithérapie; douane; laboratoire médical; sage-femme,prise d'initiative; travail en équipe,français; lingala; anglais,"Infirmier diplômé d'État avec 9 ans d'expérience dans le domaine santé. Niveau d'études : Licence (BAC+3). Compétences principales : kinésithérapie, douane, laboratoire médical, sage-femme. Qualités : prise d'initiative, travail en équipe. Langues parlées : français, lingala, anglais. Basé(e) à Owando, mobilité possible sur le territoire national."
D0304,Pierre Koumba,39,Brazzaville,Pétrole / Gaz / Énergie,Technicien HSE,BAC+2 (BTS/DUT),10,instrumentation; soudure; tuyauterie; hse; production pétrolière; gestion de plateforme; inspection technique,esprit d'analyse; gestion du temps; rigueur; communication,français; anglais,"Technicien HSE avec 10 ans d'expérience dans le domaine pétrole / gaz / énergie. Niveau d'études : BAC+2 (BTS/DUT). Compétences principales : instrumentation, soudure, tuyauterie, hse, production pétrolière, gestion de plateforme, inspection technique. Qualités : esprit d'analyse, gestion du temps, rigueur, communication. Langues parlées : français, anglais. Basé(e) à Brazzaville, mobilité possible sur le territoire national."
D0305,Pierre Itoua,30,Pointe-Noire,Santé,Technicien de laboratoire,BEPC,3,sage-femme; pharmacie; soins infirmiers; santé publique; kinésithérapie; laboratoire médical; imagerie médicale,sens de l'organisation; rigueur; esprit d'analyse; gestion du temps,français; lingala,"Technicien de laboratoire avec 3 ans d'expérience dans le domaine santé. Niveau d'études : BEPC. Compétences principales : sage-femme, pharmacie, soins infirmiers, santé publique, kinésithérapie, laboratoire médical, imagerie médicale. Qualités : sens de l'organisation, rigueur, esprit d'analyse, gestion du temps. Langues parlées : français, lingala. Basé(e) à Pointe-Noire, mobilité possible sur le territoire national."
D0306,Antoine Bemba,21,Dolisie,Télécommunications,Ingénieur radio,BAC,3,voip; transmission; radiofréquence,gestion du temps; autonomie,français; lingala; anglais,"Ingénieur radio avec 3 ans d'expérience dans le domaine télécommunications. Niveau d'études : BAC. Compétences principales : voip, transmission, radiofréquence. Qualités : gestion du temps, autonomie. Langues parlées : français, lingala, anglais. Basé(e) à Dolisie, mobilité possible sur le territoire national."
D0307,Sarah Okemba,34,Brazzaville,Commerce / Vente / Marketing,Responsable des ventes,Licence (BAC+3),3,gestion de clientèle; caisse; community management,adaptabilité; gestion du temps; rigueur; prise d'initiative,français; lingala; anglais,"Responsable des ventes avec 3 ans d'expérience dans le domaine commerce / vente / marketing. Niveau d'études : Licence (BAC+3). Compétences principales : gestion de clientèle, caisse, community management. Qualités : adaptabilité, gestion du temps, rigueur, prise d'initiative. Langues parlées : français, lingala, anglais. Basé(e) à Brazzaville, mobilité possible sur le territoire national."
D0308,Prince Nguesso,23,Brazzaville,Pétrole / Gaz / Énergie,Soudeur qualifié,BEPC,1,forage; soudure; hse; maintenance industrielle; instrumentation; tuyauterie,gestion du temps; adaptabilité,français; lingala; kituba; anglais,"Soudeur qualifié avec 1 ans d'expérience dans le domaine pétrole / gaz / énergie. Niveau d'études : BEPC. Compétences principales : forage, soudure, hse, maintenance industrielle, instrumentation, tuyauterie. Qualités : gestion du temps, adaptabilité. Langues parlées : français, lingala, kituba, anglais. Basé(e) à Brazzaville, mobilité possible sur le territoire national."
D0309,Jean Loemba,47,Pointe-Noire,Logistique / Transport,Agent de transit,Master (BAC+5),0,conduite poids lourds; manutention portuaire; planification logistique; douane,prise d'initiative; leadership; rigueur; travail en équipe,français; anglais,"Agent de transit avec 0 ans d'expérience dans le domaine logistique / transport. Niveau d'études : Master (BAC+5). Compétences principales : conduite poids lourds, manutention portuaire, planification logistique, douane. Qualités : prise d'initiative, leadership, rigueur, travail en équipe. Langues parlées : français, anglais. Basé(e) à Pointe-Noire, mobilité possible sur le territoire national."
D0310,Nadège Elenga,47,Kinkala,Hôtellerie / Restauration,Cuisinier,BAC+2 (BTS/DUT),7,réception hôtelière; housekeeping; service en salle; pâtisserie,prise d'initiative; travail en équipe,français; lingala,"Cuisinier avec 7 ans d'expérience dans le domaine hôtellerie / restauration. Niveau d'études : BAC+2 (BTS/DUT). Compétences principales : réception hôtelière, housekeeping, service en salle, pâtisserie. Qualités : prise d'initiative, travail en équipe. Langues parlées : français, lingala. Basé(e) à Kinkala, mobilité possible sur le territoire national."
D0311,Gloire Makosso,39,Pointe-Noire,Agriculture / Agroalimentaire,Agent de transformation,BAC,3,maraîchage; sylviculture; élevage,sens de l'organisation; travail en équipe,français; kituba; lingala,"Agent de transformation avec 3 ans d'expérience dans le domaine agriculture / agroalimentaire. Niveau d'études : BAC. Compétences principales : maraîchage, sylviculture, élevage. Qualités : sens de l'organisation, travail en équipe. Langues parlées : français, kituba, lingala. Basé(e) à Pointe-Noire, mobilité possible sur le territoire national."
D0312,Pamela Malonga,22,Brazzaville,Banque / Finance,Agent de microfinance,Licence (BAC+3),1,sage comptabilité; comptabilité; conformité bancaire; gestion des risques; microfinance; audit; gestion de trésorerie,adaptabilité; esprit d'analyse,français; anglais,"Agent de microfinance avec 1 ans d'expérience dans le domaine banque / finance. Niveau d'études : Licence (BAC+3). Compétences principales : sage comptabilité, comptabilité, conformité bancaire, gestion des risques, microfinance, audit, gestion de trésorerie. Qualités : adaptabilité, esprit d'analyse. Langues parlées : français, anglais. Basé(e) à Brazzaville, mobilité possible sur le territoire national."
D0313,Pamela Mabiala,33,Pointe-Noire,Logistique / Transport,Gestionnaire de flotte,BAC+2 (BTS/DUT),7,magasinage; manutention portuaire; gestion de flotte; conduite poids lourds; gestion de stock,adaptabilité; travail en équipe; prise d'initiative; sens de l'organisation,français; kituba; lingala,"Gestionnaire de flotte avec 7 ans d'expérience dans le domaine logistique / transport. Niveau d'études : BAC+2 (BTS/DUT). Compétences principales : magasinage, manutention portuaire, gestion de flotte, conduite poids lourds, gestion de stock. Qualités : adaptabilité, travail en équipe, prise d'initiative, sens de l'organisation. Langues parlées : français, kituba, lingala. Basé(e) à Pointe-Noire, mobilité possible sur le territoire national."
D0314,Naomi Ondongo,52,Brazzaville,Banque / Finance,Analyste financier,BAC+2 (BTS/DUT),7,gestion des risques; audit; conformité bancaire; gestion de trésorerie,rigueur; adaptabilité; sens de l'organisation; leadership,français; kituba; lingala,"Analyste financier avec 7 ans d'expérience dans le domaine banque / finance. Niveau d'études : BAC+2 (BTS/DUT). Compétences principales : gestion des risques, audit, conformité bancaire, gestion de trésorerie. Qualités : rigueur, adaptabilité, sens de l'organisation, leadership. Langues parlées : français, kituba, lingala. Basé(e) à Brazzaville, mobilité possible sur le territoire national."
D0315,Merveille Nkouka,29,Brazzaville,Agriculture / Agroalimentaire,Agent de transformation,BAC,12,pêche; gestion coopérative; sylviculture; transformation alimentaire; élevage; maraîchage,communication; rigueur; esprit d'analyse; travail en équipe,français; lingala,"Agent de transformation avec 12 ans d'expérience dans le domaine agriculture / agroalimentaire. Niveau d'études : BAC. Compétences principales : pêche, gestion coopérative, sylviculture, transformation alimentaire, élevage, maraîchage. Qualités : communication, rigueur, esprit d'analyse, travail en équipe. Langues parlées : français, lingala. Basé(e) à Brazzaville, mobilité possible sur le territoire national."
D0316,Chris Samba,41,Brazzaville,BTP / Construction,Chef de chantier,BAC+2 (BTS/DUT),9,autocad; béton armé; électricité bâtiment,esprit d'analyse; adaptabilité,français; anglais; lingala; kituba,"Chef de chantier avec 9 ans d'expérience dans le domaine btp / construction. Niveau d'études : BAC+2 (BTS/DUT). Compétences principales : autocad, béton armé, électricité bâtiment. Qualités : esprit d'analyse, adaptabilité. Langues parlées : français, anglais, lingala, kituba. Basé(e) à Brazzaville, mobilité possible sur le territoire national."
D0317,Jean Bemba,54,Brazzaville,Éducation / Formation,Formateur professionnel,Doctorat,4,conception de programmes; encadrement scolaire; alphabétisation; pédagogie; formation professionnelle,leadership; autonomie; prise d'initiative; gestion du temps,français; lingala,"Formateur professionnel avec 4 ans d'expérience dans le domaine éducation / formation. Niveau d'études : Doctorat. Compétences principales : conception de programmes, encadrement scolaire, alphabétisation, pédagogie, formation professionnelle. Qualités : leadership, autonomie, prise d'initiative, gestion du temps. Langues parlées : français, lingala. Basé(e) à Brazzaville, mobilité possible sur le territoire national."
D0318,Prince Bouity,54,Sibiti,Logistique / Transport,Déclarant en douane,BAC,9,manutention portuaire; transit; gestion de stock; conduite poids lourds,leadership; esprit d'analyse; autonomie; prise d'initiative,français; anglais; lingala; kituba,"Déclarant en douane avec 9 ans d'expérience dans le domaine logistique / transport. Niveau d'études : BAC. Compétences principales : manutention portuaire, transit, gestion de stock, conduite poids lourds. Qualités : leadership, esprit d'analyse, autonomie, prise d'initiative. Langues parlées : français, anglais, lingala, kituba. Basé(e) à Sibiti, mobilité possible sur le territoire national."
D0319,Sylvie Mbochi,48,Owando,Banque / Finance,Auditeur junior,BAC+2 (BTS/DUT),10,comptabilité; microfinance; conformité bancaire,esprit d'analyse; adaptabilité,français; kituba; anglais; lingala,"Auditeur junior avec 10 ans d'expérience dans le domaine banque / finance. Niveau d'études : BAC+2 (BTS/DUT). Compétences principales : comptabilité, microfinance, conformité bancaire. Qualités : esprit d'analyse, adaptabilité. Langues parlées : français, kituba, anglais, lingala. Basé(e) à Owando, mobilité possible sur le territoire national."
D0320,Armel Okemba,53,Brazzaville,Santé,Agent de santé communautaire,BAC+2 (BTS/DUT),13,soins infirmiers; pharmacie; kinésithérapie; santé publique; nutrition; imagerie médicale,gestion du temps; rigueur,français; kituba,"Agent de santé communautaire avec 13 ans d'expérience dans le domaine santé. Niveau d'études : BAC+2 (BTS/DUT). Compétences principales : soins infirmiers, pharmacie, kinésithérapie, santé publique, nutrition, imagerie médicale. Qualités : gestion du temps, rigueur. Langues parlées : français, kituba. Basé(e) à Brazzaville, mobilité possible sur le territoire national."
D0321,Prince Mavoungou,44,Brazzaville,BTP / Construction,Topographe,BAC+2 (BTS/DUT),0,dessin technique; génie civil; topographie; électricité bâtiment; voirie,communication; sens de l'organisation; gestion du temps; prise d'initiative,français; anglais,"Topographe avec 0 ans d'expérience dans le domaine btp / construction. Niveau d'études : BAC+2 (BTS/DUT). Compétences principales : dessin technique, génie civil, topographie, électricité bâtiment, voirie. Qualités : communication, sens de l'organisation, gestion du temps, prise d'initiative. Langues parlées : français, anglais. Basé(e) à Brazzaville, mobilité possible sur le territoire national."
D0322,Ruth Itoua,41,Brazzaville,Santé,Agent de santé communautaire,Licence (BAC+3),5,formation professionnelle; pharmacie; sage-femme; kinésithérapie; nutrition; imagerie médicale,autonomie; leadership; gestion du temps,français; lingala; anglais,"Agent de santé communautaire avec 5 ans d'expérience dans le domaine santé. Niveau d'études : Licence (BAC+3). Compétences principales : formation professionnelle, pharmacie, sage-femme, kinésithérapie, nutrition, imagerie médicale. Qualités : autonomie, leadership, gestion du temps. Langues parlées : français, lingala, anglais. Basé(e) à Brazzaville, mobilité possible sur le territoire national."
D0323,Pierre Nguesso,39,Brazzaville,Pétrole / Gaz / Énergie,Mécanicien industriel,BEPC,3,soudure; production pétrolière; forage; qhse; électromécanique; hse; maintenance industrielle,sens de l'organisation; esprit d'analyse,français; kituba,"Mécanicien industriel avec 3 ans d'expérience dans le domaine pétrole / gaz / énergie. Niveau d'études : BEPC. Compétences principales : soudure, production pétrolière, forage, qhse, électromécanique, hse, maintenance industrielle. Qualités : sens de l'organisation, esprit d'analyse. Langues parlées : français, kituba. Basé(e) à Brazzaville, mobilité possible sur le territoire national."
D0324,Sylvie Loemba,24,Brazzaville,Commerce / Vente / Marketing,Responsable des ventes,BAC+2 (BTS/DUT),0,gestion de clientèle; vente; merchandising; caisse; négociation commerciale; marketing digital,esprit d'analyse; communication; autonomie,français; anglais; lingala,"Responsable des ventes avec 0 ans d'expérience dans le domaine commerce / vente / marketing. Niveau d'études : BAC+2 (BTS/DUT). Compétences principales : gestion de clientèle, vente, merchandising, caisse, négociation commerciale, marketing digital. Qualités : esprit d'analyse, communication, autonomie. Langues parlées : français, anglais, lingala. Basé(e) à Brazzaville, mobilité possible sur le territoire national."
D0325,Naomi Mavoungou,23,Brazzaville,Administration / RH / Juridique,Gestionnaire de paie,BAC,5,archivage; gestion administrative; secrétariat; droit du travail; rédaction juridique; passation de marchés; gestion des ressources humaines,sens de l'organisation; travail en équipe; autonomie,français; lingala; kituba; anglais,"Gestionnaire de paie avec 5 ans d'expérience dans le domaine administration / rh / juridique. Niveau d'études : BAC. Compétences principales : archivage, gestion administrative, secrétariat, droit du travail, rédaction juridique, passation de marchés, gestion des ressources humaines. Qualités : sens de l'organisation, travail en équipe, autonomie. Langues parlées : français, lingala, kituba, anglais. Basé(e) à Brazzaville, mobilité possible sur le territoire national."
D0326,Pamela Bouity,54,Brazzaville,Logistique / Transport,Agent de transit,BAC,6,magasinage; manutention portuaire; gestion de flotte,leadership; communication; prise d'initiative; autonomie,français; anglais; kituba,"Agent de transit avec 6 ans d'expérience dans le domaine logistique / transport. Niveau d'études : BAC. Compétences principales : magasinage, manutention portuaire, gestion de flotte. Qualités : leadership, communication, prise d'initiative, autonomie. Langues parlées : français, anglais, kituba. Basé(e) à Brazzaville, mobilité possible sur le territoire national."
D0327,Gloire Moukala,21,Pointe-Noire,Administration / RH / Juridique,Secrétaire de direction,BAC,7,gestion des ressources humaines; paie; gestion administrative; droit du travail,esprit d'analyse; gestion du temps; adaptabilité,français; lingala; anglais; kituba,"Secrétaire de direction avec 7 ans d'expérience dans le domaine administration / rh / juridique. Niveau d'études : BAC. Compétences principales : gestion des ressources humaines, paie, gestion administrative, droit du travail. Qualités : esprit d'analyse, gestion du temps, adaptabilité. Langues parlées : français, lingala, anglais, kituba. Basé(e) à Pointe-Noire, mobilité possible sur le territoire national."
D0328,Pamela Nkouka,39,Brazzaville,Commerce / Vente / Marketing,Community manager,Licence (BAC+3),3,marketing digital; caisse; community management; merchandising; service client,autonomie; travail en équipe,français; lingala,"Community manager avec 3 ans d'expérience dans le domaine commerce / vente / marketing. Niveau d'études : Licence (BAC+3). Compétences principales : marketing digital, caisse, community management, merchandising, service client. Qualités : autonomie, travail en équipe. Langues parlées : français, lingala. Basé(e) à Brazzaville, mobilité possible sur le territoire national."
D0329,Bénédicte Nguesso,39,Brazzaville,Banque / Finance,Comptable,Licence (BAC+3),6,microfinance; audit; sage comptabilité,esprit d'analyse; gestion du temps,français; anglais; lingala; kituba,"Comptable avec 6 ans d'expérience dans le domaine banque / finance. Niveau d'études : Licence (BAC+3). Compétences principales : microfinance, audit, sage comptabilité. Qualités : esprit d'analyse, gestion du temps. Langues parlées : français, anglais, lingala, kituba. Basé(e) à Brazzaville, mobilité possible sur le territoire national."
D0330,Fortuné Elenga,52,Brazzaville,Télécommunications,Ingénieur radio,Master (BAC+5),5,bss/oss; transmission; voip; production pétrolière,communication; leadership,français; anglais; kituba,"Ingénieur radio avec 5 ans d'expérience dans le domaine télécommunications. Niveau d'études : Master (BAC+5). Compétences principales : bss/oss, transmission, voip, production pétrolière. Qualités : communication, leadership. Langues parlées : français, anglais, kituba. Basé(e) à Brazzaville, mobilité possible sur le territoire national."
D0331,Divine Mavoungou,52,Ouesso,Administration / RH / Juridique,Secrétaire de direction,BAC+2 (BTS/DUT),1,secrétariat; fibre optique; gestion administrative; paie; archivage; gestion des ressources humaines; rédaction juridique,sens de l'organisation; esprit d'analyse,français; lingala,"Secrétaire de direction avec 1 ans d'expérience dans le domaine administration / rh / juridique. Niveau d'études : BAC+2 (BTS/DUT). Compétences principales : secrétariat, fibre optique, gestion administrative, paie, archivage, gestion des ressources humaines, rédaction juridique. Qualités : sens de l'organisation, esprit d'analyse. Langues parlées : français, lingala. Basé(e) à Ouesso, mobilité possible sur le territoire national."
D0332,Rodrigue Tchicaya,34,Brazzaville,BTP / Construction,Dessinateur projeteur,BEPC,8,topographie; voirie; maçonnerie; électricité bâtiment; conduite de travaux,adaptabilité; autonomie; travail en équipe,français; lingala; kituba,"Dessinateur projeteur avec 8 ans d'expérience dans le domaine btp / construction. Niveau d'études : BEPC. Compétences principales : topographie, voirie, maçonnerie, électricité bâtiment, conduite de travaux. Qualités : adaptabilité, autonomie, travail en équipe. Langues parlées : français, lingala, kituba. Basé(e) à Brazzaville, mobilité possible sur le territoire national."
D0333,Dieuveil Mabiala,32,Dolisie,Agriculture / Agroalimentaire,Chef d'exploitation,BEPC,0,élevage; agronomie; maraîchage; transformation alimentaire; pêche; gestion coopérative,esprit d'analyse; communication; gestion du temps; rigueur,français; kituba; lingala,"Chef d'exploitation avec 0 ans d'expérience dans le domaine agriculture / agroalimentaire. Niveau d'études : BEPC. Compétences principales : élevage, agronomie, maraîchage, transformation alimentaire, pêche, gestion coopérative. Qualités : esprit d'analyse, communication, gestion du temps, rigueur. Langues parlées : français, kituba, lingala. Basé(e) à Dolisie, mobilité possible sur le territoire national."
D0334,Jean Moukala,36,Brazzaville,Santé,Infirmier diplômé d'État,BAC+2 (BTS/DUT),4,pharmacie; nutrition; sage-femme; kinésithérapie; laboratoire médical; santé publique,prise d'initiative; autonomie; gestion du temps; leadership,français; kituba; anglais; lingala,"Infirmier diplômé d'État avec 4 ans d'expérience dans le domaine santé. Niveau d'études : BAC+2 (BTS/DUT). Compétences principales : pharmacie, nutrition, sage-femme, kinésithérapie, laboratoire médical, santé publique. Qualités : prise d'initiative, autonomie, gestion du temps, leadership. Langues parlées : français, kituba, anglais, lingala. Basé(e) à Brazzaville, mobilité possible sur le territoire national."
D0335,Merveille Mabiala,51,Pointe-Noire,Commerce / Vente / Marketing,Chargé de marketing,Licence (BAC+3),8,vente; négociation commerciale; étude de marché; service client,esprit d'analyse; travail en équipe,français; kituba,"Chargé de marketing avec 8 ans d'expérience dans le domaine commerce / vente / marketing. Niveau d'études : Licence (BAC+3). Compétences principales : vente, négociation commerciale, étude de marché, service client. Qualités : esprit d'analyse, travail en équipe. Langues parlées : français, kituba. Basé(e) à Pointe-Noire, mobilité possible sur le territoire national."
D0336,Destin Bemba,39,Pointe-Noire,Commerce / Vente / Marketing,Chargé de marketing,BAC,4,caisse; community management; service client; marketing digital; merchandising; vente,gestion du temps; communication,français; kituba; anglais,"Chargé de marketing avec 4 ans d'expérience dans le domaine commerce / vente / marketing. Niveau d'études : BAC. Compétences principales : caisse, community management, service client, marketing digital, merchandising, vente. Qualités : gestion du temps, communication. Langues parlées : français, kituba, anglais. Basé(e) à Pointe-Noire, mobilité possible sur le territoire national."
D0337,Naomi Tchicaya,23,Pointe-Noire,Hôtellerie / Restauration,Serveur,BAC,7,formation professionnelle; pédagogie; cuisine; gestion hôtelière; housekeeping; réception hôtelière,sens de l'organisation; esprit d'analyse; prise d'initiative; autonomie,français; anglais; kituba,"Serveur avec 7 ans d'expérience dans le domaine hôtellerie / restauration. Niveau d'études : BAC. Compétences principales : formation professionnelle, pédagogie, cuisine, gestion hôtelière, housekeeping, réception hôtelière. Qualités : sens de l'organisation, esprit d'analyse, prise d'initiative, autonomie. Langues parlées : français, anglais, kituba. Basé(e) à Pointe-Noire, mobilité possible sur le territoire national."
D0338,Grâce Samba,39,Brazzaville,Informatique / IT,Technicien informatique,BAC+2 (BTS/DUT),1,machine learning; développement web; excel avancé; linux,travail en équipe; adaptabilité; gestion du temps; prise d'initiative,français; kituba; anglais,"Technicien informatique avec 1 ans d'expérience dans le domaine informatique / it. Niveau d'études : BAC+2 (BTS/DUT). Compétences principales : machine learning, développement web, excel avancé, linux. Qualités : travail en équipe, adaptabilité, gestion du temps, prise d'initiative. Langues parlées : français, kituba, anglais. Basé(e) à Brazzaville, mobilité possible sur le territoire national."
D0339,Merveille Itoua,33,Brazzaville,Administration / RH / Juridique,Assistant RH,Sans diplôme,9,droit du travail; gestion des ressources humaines; rédaction juridique; instrumentation; secrétariat,gestion du temps; sens de l'organisation; prise d'initiative; leadership,français; kituba; anglais,"Assistant RH avec 9 ans d'expérience dans le domaine administration / rh / juridique. Niveau d'études : Sans diplôme. Compétences principales : droit du travail, gestion des ressources humaines, rédaction juridique, instrumentation, secrétariat. Qualités : gestion du temps, sens de l'organisation, prise d'initiative, leadership. Langues parlées : français, kituba, anglais. Basé(e) à Brazzaville, mobilité possible sur le territoire national."
D0340,Serge Ngoma,25,Brazzaville,Santé,Technicien de laboratoire,Master (BAC+5),5,laboratoire médical; santé publique; nutrition; kinésithérapie; sage-femme,esprit d'analyse; communication,français; lingala; kituba; anglais,"Technicien de laboratoire avec 5 ans d'expérience dans le domaine santé. Niveau d'études : Master (BAC+5). Compétences principales : laboratoire médical, santé publique, nutrition, kinésithérapie, sage-femme. Qualités : esprit d'analyse, communication. Langues parlées : français, lingala, kituba, anglais. Basé(e) à Brazzaville, mobilité possible sur le territoire national."
D0341,Esther Okemba,45,Pointe-Noire,Hôtellerie / Restauration,Gouvernante,Licence (BAC+3),2,gestion hôtelière; réception hôtelière; pâtisserie,prise d'initiative; sens de l'organisation,français; kituba; anglais; lingala,"Gouvernante avec 2 ans d'expérience dans le domaine hôtellerie / restauration. Niveau d'études : Licence (BAC+3). Compétences principales : gestion hôtelière, réception hôtelière, pâtisserie. Qualités : prise d'initiative, sens de l'organisation. Langues parlées : français, kituba, anglais, lingala. Basé(e) à Pointe-Noire, mobilité possible sur le territoire national."
D0342,Naomi Ondongo,35,Pointe-Noire,Logistique / Transport,Magasinier,Master (BAC+5),5,magasinage; douane; gestion de stock; conduite poids lourds; planification logistique; transit,esprit d'analyse; rigueur; prise d'initiative; leadership,français; anglais; kituba; lingala,"Magasinier avec 5 ans d'expérience dans le domaine logistique / transport. Niveau d'études : Master (BAC+5). Compétences principales : magasinage, douane, gestion de stock, conduite poids lourds, planification logistique, transit. Qualités : esprit d'analyse, rigueur, prise d'initiative, leadership. Langues parlées : français, anglais, kituba, lingala. Basé(e) à Pointe-Noire, mobilité possible sur le territoire national."
D0343,Exaucé Makosso,39,Brazzaville,Banque / Finance,Auditeur junior,BAC,7,microfinance; ohada; contrôle de gestion; audit; gestion des risques,gestion du temps; autonomie,français; lingala; kituba; anglais,"Auditeur junior avec 7 ans d'expérience dans le domaine banque / finance. Niveau d'études : BAC. Compétences principales : microfinance, ohada, contrôle de gestion, audit, gestion des risques. Qualités : gestion du temps, autonomie. Langues parlées : français, lingala, kituba, anglais. Basé(e) à Brazzaville, mobilité possible sur le territoire national."
D0344,Nadège Itoua,23,Ouesso,Commerce / Vente / Marketing,Commercial terrain,Licence (BAC+3),0,merchandising; vente; négociation commerciale; service client; marketing digital; étude de marché,autonomie; prise d'initiative,français; anglais,"Commercial terrain avec 0 ans d'expérience dans le domaine commerce / vente / marketing. Niveau d'études : Licence (BAC+3). Compétences principales : merchandising, vente, négociation commerciale, service client, marketing digital, étude de marché. Qualités : autonomie, prise d'initiative. Langues parlées : français, anglais. Basé(e) à Ouesso, mobilité possible sur le territoire national."
D0345,Grâce Koumba,40,Owando,Pétrole / Gaz / Énergie,Technicien HSE,BAC+2 (BTS/DUT),4,production pétrolière; soudure; électromécanique; qhse; maintenance industrielle,leadership; rigueur; communication; autonomie,français; anglais; kituba; lingala,"Technicien HSE avec 4 ans d'expérience dans le domaine pétrole / gaz / énergie. Niveau d'études : BAC+2 (BTS/DUT). Compétences principales : production pétrolière, soudure, électromécanique, qhse, maintenance industrielle. Qualités : leadership, rigueur, communication, autonomie. Langues parlées : français, anglais, kituba, lingala. Basé(e) à Owando, mobilité possible sur le territoire national."
D0346,Merveille Malonga,47,Pointe-Noire,Santé,Agent de santé communautaire,BAC+2 (BTS/DUT),0,sage-femme; nutrition; pharmacie; kinésithérapie; soins infirmiers; imagerie médicale,autonomie; esprit d'analyse,français; lingala; kituba; anglais,"Agent de santé communautaire avec 0 ans d'expérience dans le domaine santé. Niveau d'études : BAC+2 (BTS/DUT). Compétences principales : sage-femme, nutrition, pharmacie, kinésithérapie, soins infirmiers, imagerie médicale. Qualités : autonomie, esprit d'analyse. Langues parlées : français, lingala, kituba, anglais. Basé(e) à Pointe-Noire, mobilité possible sur le territoire national."
D0347,Clarisse Moukala,35,Owando,Commerce / Vente / Marketing,Chargé de marketing,BAC,2,marketing digital; étude de marché; gestion de clientèle; caisse; service client,travail en équipe; prise d'initiative; sens de l'organisation,français; kituba; anglais; lingala,"Chargé de marketing avec 2 ans d'expérience dans le domaine commerce / vente / marketing. Niveau d'études : BAC. Compétences principales : marketing digital, étude de marché, gestion de clientèle, caisse, service client. Qualités : travail en équipe, prise d'initiative, sens de l'organisation. Langues parlées : français, kituba, anglais, lingala. Basé(e) à Owando, mobilité possible sur le territoire national."
D0348,Duval Itoua,46,Ouesso,Commerce / Vente / Marketing,Responsable des ventes,Master (BAC+5),0,community management; service client; vente; négociation commerciale; marketing digital; étude de marché,esprit d'analyse; adaptabilité,français; kituba; lingala; anglais,"Responsable des ventes avec 0 ans d'expérience dans le domaine commerce / vente / marketing. Niveau d'études : Master (BAC+5). Compétences principales : community management, service client, vente, négociation commerciale, marketing digital, étude de marché. Qualités : esprit d'analyse, adaptabilité. Langues parlées : français, kituba, lingala, anglais. Basé(e) à Ouesso, mobilité possible sur le territoire national."
D0349,Chancelle Bakala,20,Pointe-Noire,Santé,Technicien de laboratoire,BAC,4,laboratoire médical; kinésithérapie; nutrition,communication; adaptabilité; gestion du temps; autonomie,français; lingala; anglais; kituba,"Technicien de laboratoire avec 4 ans d'expérience dans le domaine santé. Niveau d'études : BAC. Compétences principales : laboratoire médical, kinésithérapie, nutrition. Qualités : communication, adaptabilité, gestion du temps, autonomie. Langues parlées : français, lingala, anglais, kituba. Basé(e) à Pointe-Noire, mobilité possible sur le territoire national."
D0350,Nadège Nkouka,31,Pointe-Noire,Éducation / Formation,Encadreur pédagogique,Master (BAC+5),0,formation professionnelle; encadrement scolaire; enseignement; conception de programmes; alphabétisation,sens de l'organisation; leadership,français; kituba; anglais; lingala,"Encadreur pédagogique avec 0 ans d'expérience dans le domaine éducation / formation. Niveau d'études : Master (BAC+5). Compétences principales : formation professionnelle, encadrement scolaire, enseignement, conception de programmes, alphabétisation. Qualités : sens de l'organisation, leadership. Langues parlées : français, kituba, anglais, lingala. Basé(e) à Pointe-Noire, mobilité possible sur le territoire national."
D0351,Armel Samba,49,Pointe-Noire,Télécommunications,Technicien fibre optique,BAC,12,radiofréquence; transmission; réseaux mobiles; fibre optique; maintenance télécom,leadership; gestion du temps; sens de l'organisation,français; anglais,"Technicien fibre optique avec 12 ans d'expérience dans le domaine télécommunications. Niveau d'études : BAC. Compétences principales : radiofréquence, transmission, réseaux mobiles, fibre optique, maintenance télécom. Qualités : leadership, gestion du temps, sens de l'organisation. Langues parlées : français, anglais. Basé(e) à Pointe-Noire, mobilité possible sur le territoire national."
D0352,Jean Itoua,34,Dolisie,BTP / Construction,Conducteur de travaux,BAC,2,génie civil; béton armé; plomberie; menuiserie,autonomie; leadership; communication; sens de l'organisation,français; lingala; anglais; kituba,"Conducteur de travaux avec 2 ans d'expérience dans le domaine btp / construction. Niveau d'études : BAC. Compétences principales : génie civil, béton armé, plomberie, menuiserie. Qualités : autonomie, leadership, communication, sens de l'organisation. Langues parlées : français, lingala, anglais, kituba. Basé(e) à Dolisie, mobilité possible sur le territoire national."
D0353,Chris Tchicaya,35,Nkayi,Hôtellerie / Restauration,Serveur,Licence (BAC+3),8,réception hôtelière; housekeeping; gestion hôtelière; cuisine; service en salle,prise d'initiative; rigueur,français; lingala; kituba,"Serveur avec 8 ans d'expérience dans le domaine hôtellerie / restauration. Niveau d'études : Licence (BAC+3). Compétences principales : réception hôtelière, housekeeping, gestion hôtelière, cuisine, service en salle. Qualités : prise d'initiative, rigueur. Langues parlées : français, lingala, kituba. Basé(e) à Nkayi, mobilité possible sur le territoire national."
D0354,Pamela Ngoma,36,Pointe-Noire,Administration / RH / Juridique,Assistant juridique,BEPC,4,rédaction juridique; gestion administrative; archivage; secrétariat,travail en équipe; esprit d'analyse,français; anglais; kituba,"Assistant juridique avec 4 ans d'expérience dans le domaine administration / rh / juridique. Niveau d'études : BEPC. Compétences principales : rédaction juridique, gestion administrative, archivage, secrétariat. Qualités : travail en équipe, esprit d'analyse. Langues parlées : français, anglais, kituba. Basé(e) à Pointe-Noire, mobilité possible sur le territoire national."
D0355,Bénédicte Bemba,51,Pointe-Noire,Pétrole / Gaz / Énergie,Soudeur qualifié,BAC,2,tuyauterie; électromécanique; gestion de plateforme; qhse,travail en équipe; prise d'initiative; autonomie; esprit d'analyse,français; lingala; anglais,"Soudeur qualifié avec 2 ans d'expérience dans le domaine pétrole / gaz / énergie. Niveau d'études : BAC. Compétences principales : tuyauterie, électromécanique, gestion de plateforme, qhse. Qualités : travail en équipe, prise d'initiative, autonomie, esprit d'analyse. Langues parlées : français, lingala, anglais. Basé(e) à Pointe-Noire, mobilité possible sur le territoire national."
D0356,Duval Loemba,47,Owando,Santé,Sage-femme,BAC,2,pharmacie; laboratoire médical; kinésithérapie; santé publique,leadership; autonomie; communication,français; kituba,"Sage-femme avec 2 ans d'expérience dans le domaine santé. Niveau d'études : BAC. Compétences principales : pharmacie, laboratoire médical, kinésithérapie, santé publique. Qualités : leadership, autonomie, communication. Langues parlées : français, kituba. Basé(e) à Owando, mobilité possible sur le territoire national."
D0357,Sarah Moukala,22,Dolisie,Logistique / Transport,Déclarant en douane,BAC,5,planification logistique; conduite poids lourds; manutention portuaire; transit; douane,esprit d'analyse; leadership; prise d'initiative; travail en équipe,français; kituba; lingala,"Déclarant en douane avec 5 ans d'expérience dans le domaine logistique / transport. Niveau d'études : BAC. Compétences principales : planification logistique, conduite poids lourds, manutention portuaire, transit, douane. Qualités : esprit d'analyse, leadership, prise d'initiative, travail en équipe. Langues parlées : français, kituba, lingala. Basé(e) à Dolisie, mobilité possible sur le territoire national."
D0358,Bénédicte Mbochi,33,Pointe-Noire,Commerce / Vente / Marketing,Chargé de marketing,BAC,6,caisse; service client; gestion de clientèle; vente; négociation commerciale; étude de marché; community management,rigueur; autonomie,français; anglais,"Chargé de marketing avec 6 ans d'expérience dans le domaine commerce / vente / marketing. Niveau d'études : BAC. Compétences principales : caisse, service client, gestion de clientèle, vente, négociation commerciale, étude de marché, community management. Qualités : rigueur, autonomie. Langues parlées : français, anglais. Basé(e) à Pointe-Noire, mobilité possible sur le territoire national."
D0359,Merveille Malonga,21,Pointe-Noire,Administration / RH / Juridique,Secrétaire de direction,Licence (BAC+3),5,droit du travail; secrétariat; gestion des ressources humaines,esprit d'analyse; communication,français; lingala; kituba; anglais,"Secrétaire de direction avec 5 ans d'expérience dans le domaine administration / rh / juridique. Niveau d'études : Licence (BAC+3). Compétences principales : droit du travail, secrétariat, gestion des ressources humaines. Qualités : esprit d'analyse, communication. Langues parlées : français, lingala, kituba, anglais. Basé(e) à Pointe-Noire, mobilité possible sur le territoire national."
D0360,Antoine Koumba,25,Dolisie,Pétrole / Gaz / Énergie,Superviseur QHSE,Master (BAC+5),4,tuyauterie; instrumentation; forage; électromécanique; inspection technique; qhse,esprit d'analyse; adaptabilité; leadership; communication,français; kituba; anglais; lingala,"Superviseur QHSE avec 4 ans d'expérience dans le domaine pétrole / gaz / énergie. Niveau d'études : Master (BAC+5). Compétences principales : tuyauterie, instrumentation, forage, électromécanique, inspection technique, qhse. Qualités : esprit d'analyse, adaptabilité, leadership, communication. Langues parlées : français, kituba, anglais, lingala. Basé(e) à Dolisie, mobilité possible sur le territoire national."
D0361,Sarah Tchicaya,42,Pointe-Noire,Éducation / Formation,Formateur professionnel,Licence (BAC+3),3,conception de programmes; enseignement; encadrement scolaire; alphabétisation,gestion du temps; prise d'initiative,français; kituba,"Formateur professionnel avec 3 ans d'expérience dans le domaine éducation / formation. Niveau d'études : Licence (BAC+3). Compétences principales : conception de programmes, enseignement, encadrement scolaire, alphabétisation. Qualités : gestion du temps, prise d'initiative. Langues parlées : français, kituba. Basé(e) à Pointe-Noire, mobilité possible sur le territoire national."
D0362,Paul Malonga,34,Brazzaville,Télécommunications,Superviseur réseau,BAC+2 (BTS/DUT),11,radiofréquence; sage-femme; transmission; maintenance télécom; voip; bss/oss,gestion du temps; adaptabilité,français; anglais; kituba,"Superviseur réseau avec 11 ans d'expérience dans le domaine télécommunications. Niveau d'études : BAC+2 (BTS/DUT). Compétences principales : radiofréquence, sage-femme, transmission, maintenance télécom, voip, bss/oss. Qualités : gestion du temps, adaptabilité. Langues parlées : français, anglais, kituba. Basé(e) à Brazzaville, mobilité possible sur le territoire national."
D0363,Duval Samba,38,Owando,Télécommunications,Superviseur réseau,BEPC,8,bss/oss; maintenance télécom; voip; fibre optique,esprit d'analyse; gestion du temps; communication,français; anglais,"Superviseur réseau avec 8 ans d'expérience dans le domaine télécommunications. Niveau d'études : BEPC. Compétences principales : bss/oss, maintenance télécom, voip, fibre optique. Qualités : esprit d'analyse, gestion du temps, communication. Langues parlées : français, anglais. Basé(e) à Owando, mobilité possible sur le territoire national."
D0364,Jean Bemba,45,Dolisie,Administration / RH / Juridique,Secrétaire de direction,BAC,2,forage; passation de marchés; inspection technique,esprit d'analyse; autonomie,français; lingala; anglais; kituba,"Secrétaire de direction avec 2 ans d'expérience dans le domaine administration / rh / juridique. Niveau d'études : BAC. Compétences principales : forage, passation de marchés, inspection technique. Qualités : esprit d'analyse, autonomie. Langues parlées : français, lingala, anglais, kituba. Basé(e) à Dolisie, mobilité possible sur le territoire national."
D0365,Chris Ngoma,20,Pointe-Noire,Informatique / IT,Développeur web,Master (BAC+5),4,excel avancé; cybersécurité; développement web; machine learning; analyse de données; javascript,leadership; communication,français; kituba,"Développeur web avec 4 ans d'expérience dans le domaine informatique / it. Niveau d'études : Master (BAC+5). Compétences principales : excel avancé, cybersécurité, développement web, machine learning, analyse de données, javascript. Qualités : leadership, communication. Langues parlées : français, kituba. Basé(e) à Pointe-Noire, mobilité possible sur le territoire national."
D0366,Chris Okemba,33,Brazzaville,Banque / Finance,Comptable,BEPC,0,microfinance; sage comptabilité; conformité bancaire; fiscalité; gestion des risques; ohada,gestion du temps; autonomie; communication,français; lingala,"Comptable avec 0 ans d'expérience dans le domaine banque / finance. Niveau d'études : BEPC. Compétences principales : microfinance, sage comptabilité, conformité bancaire, fiscalité, gestion des risques, ohada. Qualités : gestion du temps, autonomie, communication. Langues parlées : français, lingala. Basé(e) à Brazzaville, mobilité possible sur le territoire national."
D0367,Jean Mbochi,32,Brazzaville,Commerce / Vente / Marketing,Community manager,BAC,7,merchandising; gestion de clientèle; vente; marketing digital,leadership; esprit d'analyse; gestion du temps,français; kituba; anglais; lingala,"Community manager avec 7 ans d'expérience dans le domaine commerce / vente / marketing. Niveau d'études : BAC. Compétences principales : merchandising, gestion de clientèle, vente, marketing digital. Qualités : leadership, esprit d'analyse, gestion du temps. Langues parlées : français, kituba, anglais, lingala. Basé(e) à Brazzaville, mobilité possible sur le territoire national."
D0368,Destin Elenga,47,Brazzaville,Logistique / Transport,Agent de transit,Sans diplôme,5,gestion de stock; conduite poids lourds; magasinage; gestion de flotte; manutention portuaire; planification logistique,prise d'initiative; sens de l'organisation; autonomie,français; kituba; anglais,"Agent de transit avec 5 ans d'expérience dans le domaine logistique / transport. Niveau d'études : Sans diplôme. Compétences principales : gestion de stock, conduite poids lourds, magasinage, gestion de flotte, manutention portuaire, planification logistique. Qualités : prise d'initiative, sens de l'organisation, autonomie. Langues parlées : français, kituba, anglais. Basé(e) à Brazzaville, mobilité possible sur le territoire national."
D0369,Paul Samba,41,Pointe-Noire,Administration / RH / Juridique,Chargé des marchés publics,BAC,0,gestion administrative; rédaction juridique; secrétariat,communication; esprit d'analyse; adaptabilité,français; lingala; kituba; anglais,"Chargé des marchés publics avec 0 ans d'expérience dans le domaine administration / rh / juridique. Niveau d'études : BAC. Compétences principales : gestion administrative, rédaction juridique, secrétariat. Qualités : communication, esprit d'analyse, adaptabilité. Langues parlées : français, lingala, kituba, anglais. Basé(e) à Pointe-Noire, mobilité possible sur le territoire national."
D0370,Exaucé Bemba,51,Brazzaville,Administration / RH / Juridique,Chargé des marchés publics,BAC,6,droit du travail; archivage; rédaction juridique; secrétariat; gestion administrative; passation de marchés,adaptabilité; esprit d'analyse; leadership; autonomie,français; anglais; lingala; kituba,"Chargé des marchés publics avec 6 ans d'expérience dans le domaine administration / rh / juridique. Niveau d'études : BAC. Compétences principales : droit du travail, archivage, rédaction juridique, secrétariat, gestion administrative, passation de marchés. Qualités : adaptabilité, esprit d'analyse, leadership, autonomie. Langues parlées : français, anglais, lingala, kituba. Basé(e) à Brazzaville, mobilité possible sur le territoire national."
D0371,Rodrigue Samba,55,Pointe-Noire,Pétrole / Gaz / Énergie,Technicien HSE,Sans diplôme,8,instrumentation; maintenance industrielle; gestion de plateforme; forage; tuyauterie; hse,adaptabilité; leadership; sens de l'organisation,français; kituba,"Technicien HSE avec 8 ans d'expérience dans le domaine pétrole / gaz / énergie. Niveau d'études : Sans diplôme. Compétences principales : instrumentation, maintenance industrielle, gestion de plateforme, forage, tuyauterie, hse. Qualités : adaptabilité, leadership, sens de l'organisation. Langues parlées : français, kituba. Basé(e) à Pointe-Noire, mobilité possible sur le territoire national."
D0372,Rodrigue Moukala,22,Nkayi,BTP / Construction,Chef de chantier,Licence (BAC+3),0,métré; génie civil; électricité bâtiment; autocad; conduite de travaux,sens de l'organisation; communication; travail en équipe; rigueur,français; lingala,"Chef de chantier avec 0 ans d'expérience dans le domaine btp / construction. Niveau d'études : Licence (BAC+3). Compétences principales : métré, génie civil, électricité bâtiment, autocad, conduite de travaux. Qualités : sens de l'organisation, communication, travail en équipe, rigueur. Langues parlées : français, lingala. Basé(e) à Nkayi, mobilité possible sur le territoire national."
D0373,Chancelle Itoua,38,Brazzaville,Agriculture / Agroalimentaire,Chef d'exploitation,Master (BAC+5),3,transformation alimentaire; gestion coopérative; pêche; maraîchage; cuisine,communication; leadership; adaptabilité,français; kituba; lingala,"Chef d'exploitation avec 3 ans d'expérience dans le domaine agriculture / agroalimentaire. Niveau d'études : Master (BAC+5). Compétences principales : transformation alimentaire, gestion coopérative, pêche, maraîchage, cuisine. Qualités : communication, leadership, adaptabilité. Langues parlées : français, kituba, lingala. Basé(e) à Brazzaville, mobilité possible sur le territoire national."
D0374,Jean Nkouka,53,Impfondo,Agriculture / Agroalimentaire,Technicien agricole,BAC+2 (BTS/DUT),6,maraîchage; transformation alimentaire; sylviculture; gestion coopérative; gestion de flotte,leadership; gestion du temps,français; kituba; anglais,"Technicien agricole avec 6 ans d'expérience dans le domaine agriculture / agroalimentaire. Niveau d'études : BAC+2 (BTS/DUT). Compétences principales : maraîchage, transformation alimentaire, sylviculture, gestion coopérative, gestion de flotte. Qualités : leadership, gestion du temps. Langues parlées : français, kituba, anglais. Basé(e) à Impfondo, mobilité possible sur le territoire national."
D0375,Jean Bakala,54,Dolisie,Pétrole / Gaz / Énergie,Opérateur de production,BAC,4,forage; soudure; pédagogie; hse; qhse; instrumentation,gestion du temps; sens de l'organisation; autonomie,français; anglais; lingala,"Opérateur de production avec 4 ans d'expérience dans le domaine pétrole / gaz / énergie. Niveau d'études : BAC. Compétences principales : forage, soudure, pédagogie, hse, qhse, instrumentation. Qualités : gestion du temps, sens de l'organisation, autonomie. Langues parlées : français, anglais, lingala. Basé(e) à Dolisie, mobilité possible sur le territoire national."
D0376,Paul Akouala,53,Brazzaville,Administration / RH / Juridique,Gestionnaire de paie,BAC,1,rédaction juridique; passation de marchés; archivage; secrétariat; paie; gestion administrative,travail en équipe; sens de l'organisation,français; anglais; lingala; kituba,"Gestionnaire de paie avec 1 ans d'expérience dans le domaine administration / rh / juridique. Niveau d'études : BAC. Compétences principales : rédaction juridique, passation de marchés, archivage, secrétariat, paie, gestion administrative. Qualités : travail en équipe, sens de l'organisation. Langues parlées : français, anglais, lingala, kituba. Basé(e) à Brazzaville, mobilité possible sur le territoire national."
D0377,Sylvie Bakala,48,Brazzaville,Santé,Infirmier diplômé d'État,BEPC,6,soins infirmiers; nutrition; santé publique; kinésithérapie,rigueur; autonomie; gestion du temps,français; kituba; anglais,"Infirmier diplômé d'État avec 6 ans d'expérience dans le domaine santé. Niveau d'études : BEPC. Compétences principales : soins infirmiers, nutrition, santé publique, kinésithérapie. Qualités : rigueur, autonomie, gestion du temps. Langues parlées : français, kituba, anglais. Basé(e) à Brazzaville, mobilité possible sur le territoire national."
D0378,Grâce Moukala,53,Pointe-Noire,Logistique / Transport,Responsable logistique,BAC,4,supply chain; conduite poids lourds; transit,prise d'initiative; sens de l'organisation; rigueur; leadership,français; anglais; lingala; kituba,"Responsable logistique avec 4 ans d'expérience dans le domaine logistique / transport. Niveau d'études : BAC. Compétences principales : supply chain, conduite poids lourds, transit. Qualités : prise d'initiative, sens de l'organisation, rigueur, leadership. Langues parlées : français, anglais, lingala, kituba. Basé(e) à Pointe-Noire, mobilité possible sur le territoire national."
D0379,Armel Mavoungou,51,Pointe-Noire,Administration / RH / Juridique,Assistant juridique,BAC,0,passation de marchés; soins infirmiers; paie; gestion des ressources humaines,gestion du temps; leadership,français; kituba; anglais; lingala,"Assistant juridique avec 0 ans d'expérience dans le domaine administration / rh / juridique. Niveau d'études : BAC. Compétences principales : passation de marchés, soins infirmiers, paie, gestion des ressources humaines. Qualités : gestion du temps, leadership. Langues parlées : français, kituba, anglais, lingala. Basé(e) à Pointe-Noire, mobilité possible sur le territoire national."
D0380,Naomi Moukala,46,Impfondo,Hôtellerie / Restauration,Chef pâtissier,BAC,5,service en salle; gestion hôtelière; pâtisserie; housekeeping,esprit d'analyse; leadership; communication; adaptabilité,français; lingala; anglais,"Chef pâtissier avec 5 ans d'expérience dans le domaine hôtellerie / restauration. Niveau d'études : BAC. Compétences principales : service en salle, gestion hôtelière, pâtisserie, housekeeping. Qualités : esprit d'analyse, leadership, communication, adaptabilité. Langues parlées : français, lingala, anglais. Basé(e) à Impfondo, mobilité possible sur le territoire national."
D0381,Nadège Itoua,27,Brazzaville,Pétrole / Gaz / Énergie,Technicien HSE,Master (BAC+5),5,hse; production pétrolière; électromécanique; instrumentation; qhse; gestion de plateforme; fibre optique,travail en équipe; leadership; sens de l'organisation,français; kituba; lingala,"Technicien HSE avec 5 ans d'expérience dans le domaine pétrole / gaz / énergie. Niveau d'études : Master (BAC+5). Compétences principales : hse, production pétrolière, électromécanique, instrumentation, qhse, gestion de plateforme, fibre optique. Qualités : travail en équipe, leadership, sens de l'organisation. Langues parlées : français, kituba, lingala. Basé(e) à Brazzaville, mobilité possible sur le territoire national."
D0382,Paul Bakala,48,Dolisie,Agriculture / Agroalimentaire,Agent de transformation,Licence (BAC+3),0,maraîchage; sylviculture; gestion coopérative,prise d'initiative; esprit d'analyse; adaptabilité,français; anglais; lingala,"Agent de transformation avec 0 ans d'expérience dans le domaine agriculture / agroalimentaire. Niveau d'études : Licence (BAC+3). Compétences principales : maraîchage, sylviculture, gestion coopérative. Qualités : prise d'initiative, esprit d'analyse, adaptabilité. Langues parlées : français, anglais, lingala. Basé(e) à Dolisie, mobilité possible sur le territoire national."
D0383,Serge Bakala,55,Dolisie,Télécommunications,Technicien de maintenance télécom,Master (BAC+5),0,fibre optique; maintenance télécom; voip; bss/oss; réseaux mobiles,gestion du temps; adaptabilité,français; kituba; lingala; anglais,"Technicien de maintenance télécom avec 0 ans d'expérience dans le domaine télécommunications. Niveau d'études : Master (BAC+5). Compétences principales : fibre optique, maintenance télécom, voip, bss/oss, réseaux mobiles. Qualités : gestion du temps, adaptabilité. Langues parlées : français, kituba, lingala, anglais. Basé(e) à Dolisie, mobilité possible sur le territoire national."
D0384,Grâce Mbochi,25,Nkayi,Télécommunications,Superviseur réseau,BAC,2,élevage; fibre optique; maintenance télécom; radiofréquence; réseaux mobiles; bss/oss; transmission,communication; sens de l'organisation,français; kituba,"Superviseur réseau avec 2 ans d'expérience dans le domaine télécommunications. Niveau d'études : BAC. Compétences principales : élevage, fibre optique, maintenance télécom, radiofréquence, réseaux mobiles, bss/oss, transmission. Qualités : communication, sens de l'organisation. Langues parlées : français, kituba. Basé(e) à Nkayi, mobilité possible sur le territoire national."
D0385,Ruth Nkouka,36,Pointe-Noire,Agriculture / Agroalimentaire,Agronome,BAC,7,gestion coopérative; agronomie; maraîchage; pêche; élevage; transformation alimentaire,gestion du temps; travail en équipe,français; lingala,"Agronome avec 7 ans d'expérience dans le domaine agriculture / agroalimentaire. Niveau d'études : BAC. Compétences principales : gestion coopérative, agronomie, maraîchage, pêche, élevage, transformation alimentaire. Qualités : gestion du temps, travail en équipe. Langues parlées : français, lingala. Basé(e) à Pointe-Noire, mobilité possible sur le territoire national."
D0386,Sylvie Koumba,35,Brazzaville,Pétrole / Gaz / Énergie,Soudeur qualifié,BAC,2,électromécanique; hse; forage; qhse; instrumentation; soudure; gestion de plateforme,leadership; gestion du temps; adaptabilité,français; lingala,"Soudeur qualifié avec 2 ans d'expérience dans le domaine pétrole / gaz / énergie. Niveau d'études : BAC. Compétences principales : électromécanique, hse, forage, qhse, instrumentation, soudure, gestion de plateforme. Qualités : leadership, gestion du temps, adaptabilité. Langues parlées : français, lingala. Basé(e) à Brazzaville, mobilité possible sur le territoire national."
D0387,Antoine Bakala,39,Brazzaville,Commerce / Vente / Marketing,Community manager,Master (BAC+5),2,merchandising; négociation commerciale; marketing digital; vente; service client; gestion de clientèle; community management,communication; esprit d'analyse; travail en équipe,français; anglais; lingala,"Community manager avec 2 ans d'expérience dans le domaine commerce / vente / marketing. Niveau d'études : Master (BAC+5). Compétences principales : merchandising, négociation commerciale, marketing digital, vente, service client, gestion de clientèle, community management. Qualités : communication, esprit d'analyse, travail en équipe. Langues parlées : français, anglais, lingala. Basé(e) à Brazzaville, mobilité possible sur le territoire national."
D0388,Duval Ondongo,38,Brazzaville,Administration / RH / Juridique,Chargé des marchés publics,BAC+2 (BTS/DUT),6,secrétariat; passation de marchés; paie,sens de l'organisation; leadership; rigueur,français; anglais; kituba,"Chargé des marchés publics avec 6 ans d'expérience dans le domaine administration / rh / juridique. Niveau d'études : BAC+2 (BTS/DUT). Compétences principales : secrétariat, passation de marchés, paie. Qualités : sens de l'organisation, leadership, rigueur. Langues parlées : français, anglais, kituba. Basé(e) à Brazzaville, mobilité possible sur le territoire national."
D0389,Serge Mabiala,25,Dolisie,Télécommunications,Technicien de maintenance télécom,BAC+2 (BTS/DUT),1,fibre optique; bss/oss; transmission,autonomie; gestion du temps; adaptabilité; sens de l'organisation,français; lingala,"Technicien de maintenance télécom avec 1 ans d'expérience dans le domaine télécommunications. Niveau d'études : BAC+2 (BTS/DUT). Compétences principales : fibre optique, bss/oss, transmission. Qualités : autonomie, gestion du temps, adaptabilité, sens de l'organisation. Langues parlées : français, lingala. Basé(e) à Dolisie, mobilité possible sur le territoire national."
D0390,Sylvie Ondongo,35,Pointe-Noire,Éducation / Formation,Encadreur pédagogique,Master (BAC+5),1,alphabétisation; encadrement scolaire; formation professionnelle; pédagogie,prise d'initiative; sens de l'organisation,français; anglais; kituba,"Encadreur pédagogique avec 1 ans d'expérience dans le domaine éducation / formation. Niveau d'études : Master (BAC+5). Compétences principales : alphabétisation, encadrement scolaire, formation professionnelle, pédagogie. Qualités : prise d'initiative, sens de l'organisation. Langues parlées : français, anglais, kituba. Basé(e) à Pointe-Noire, mobilité possible sur le territoire national."
D0391,Chancelle Bakala,54,Pointe-Noire,Télécommunications,Technicien fibre optique,BAC+2 (BTS/DUT),9,réseaux mobiles; bss/oss; maintenance télécom; transmission; fibre optique,leadership; travail en équipe; esprit d'analyse; sens de l'organisation,français; anglais; kituba; lingala,"Technicien fibre optique avec 9 ans d'expérience dans le domaine télécommunications. Niveau d'études : BAC+2 (BTS/DUT). Compétences principales : réseaux mobiles, bss/oss, maintenance télécom, transmission, fibre optique. Qualités : leadership, travail en équipe, esprit d'analyse, sens de l'organisation. Langues parlées : français, anglais, kituba, lingala. Basé(e) à Pointe-Noire, mobilité possible sur le territoire national."
D0392,Nadège Makosso,42,Brazzaville,Informatique / IT,Data Analyst,BAC+2 (BTS/DUT),1,bases de données; java; développement web; développement mobile; maintenance informatique; analyse de données,leadership; travail en équipe; communication,français; kituba,"Data Analyst avec 1 ans d'expérience dans le domaine informatique / it. Niveau d'études : BAC+2 (BTS/DUT). Compétences principales : bases de données, java, développement web, développement mobile, maintenance informatique, analyse de données. Qualités : leadership, travail en équipe, communication. Langues parlées : français, kituba. Basé(e) à Brazzaville, mobilité possible sur le territoire national."
D0393,Exaucé Mbochi,31,Brazzaville,BTP / Construction,Chef de chantier,BAC,7,dessin technique; voirie; métré; génie civil,esprit d'analyse; rigueur; travail en équipe,français; anglais; kituba,"Chef de chantier avec 7 ans d'expérience dans le domaine btp / construction. Niveau d'études : BAC. Compétences principales : dessin technique, voirie, métré, génie civil. Qualités : esprit d'analyse, rigueur, travail en équipe. Langues parlées : français, anglais, kituba. Basé(e) à Brazzaville, mobilité possible sur le territoire national."
D0394,Armel Bakala,40,Madingou,Pétrole / Gaz / Énergie,Technicien HSE,Licence (BAC+3),11,hse; instrumentation; maintenance industrielle,autonomie; rigueur; travail en équipe; adaptabilité,français; kituba; anglais; lingala,"Technicien HSE avec 11 ans d'expérience dans le domaine pétrole / gaz / énergie. Niveau d'études : Licence (BAC+3). Compétences principales : hse, instrumentation, maintenance industrielle. Qualités : autonomie, rigueur, travail en équipe, adaptabilité. Langues parlées : français, kituba, anglais, lingala. Basé(e) à Madingou, mobilité possible sur le territoire national."
D0395,Grâce Mavoungou,35,Kinkala,Éducation / Formation,Enseignant,BAC,1,formation professionnelle; enseignement; conception de programmes; pédagogie; alphabétisation; encadrement scolaire,rigueur; travail en équipe; autonomie; prise d'initiative,français; lingala; anglais,"Enseignant avec 1 ans d'expérience dans le domaine éducation / formation. Niveau d'études : BAC. Compétences principales : formation professionnelle, enseignement, conception de programmes, pédagogie, alphabétisation, encadrement scolaire. Qualités : rigueur, travail en équipe, autonomie, prise d'initiative. Langues parlées : français, lingala, anglais. Basé(e) à Kinkala, mobilité possible sur le territoire national."
D0396,Esther Nguesso,53,Pointe-Noire,BTP / Construction,Topographe,Master (BAC+5),4,génie civil; voirie; béton armé,prise d'initiative; adaptabilité,français; lingala,"Topographe avec 4 ans d'expérience dans le domaine btp / construction. Niveau d'études : Master (BAC+5). Compétences principales : génie civil, voirie, béton armé. Qualités : prise d'initiative, adaptabilité. Langues parlées : français, lingala. Basé(e) à Pointe-Noire, mobilité possible sur le territoire national."
D0397,Rodrigue Bakala,24,Brazzaville,BTP / Construction,Dessinateur projeteur,Licence (BAC+3),9,plomberie; voirie; topographie; menuiserie; maçonnerie; génie civil; béton armé,gestion du temps; adaptabilité,français; kituba,"Dessinateur projeteur avec 9 ans d'expérience dans le domaine btp / construction. Niveau d'études : Licence (BAC+3). Compétences principales : plomberie, voirie, topographie, menuiserie, maçonnerie, génie civil, béton armé. Qualités : gestion du temps, adaptabilité. Langues parlées : français, kituba. Basé(e) à Brazzaville, mobilité possible sur le territoire national."
D0398,Clarisse Makosso,53,Brazzaville,Pétrole / Gaz / Énergie,Superviseur QHSE,BAC+2 (BTS/DUT),1,forage; instrumentation; soudure; inspection technique; qhse; gestion de plateforme; maintenance industrielle,prise d'initiative; travail en équipe,français; kituba; lingala,"Superviseur QHSE avec 1 ans d'expérience dans le domaine pétrole / gaz / énergie. Niveau d'études : BAC+2 (BTS/DUT). Compétences principales : forage, instrumentation, soudure, inspection technique, qhse, gestion de plateforme, maintenance industrielle. Qualités : prise d'initiative, travail en équipe. Langues parlées : français, kituba, lingala. Basé(e) à Brazzaville, mobilité possible sur le territoire national."
D0399,Destin Nguesso,39,Brazzaville,Santé,Technicien de laboratoire,BAC+2 (BTS/DUT),1,pharmacie; soins infirmiers; santé publique,communication; rigueur; leadership; adaptabilité,français; kituba; lingala; anglais,"Technicien de laboratoire avec 1 ans d'expérience dans le domaine santé. Niveau d'études : BAC+2 (BTS/DUT). Compétences principales : pharmacie, soins infirmiers, santé publique. Qualités : communication, rigueur, leadership, adaptabilité. Langues parlées : français, kituba, lingala, anglais. Basé(e) à Brazzaville, mobilité possible sur le territoire national."
D0400,Clarisse Nkouka,35,Pointe-Noire,Administration / RH / Juridique,Assistant RH,BAC,4,gestion administrative; archivage; passation de marchés; paie; rédaction juridique,autonomie; adaptabilité; prise d'initiative,français; anglais,"Assistant RH avec 4 ans d'expérience dans le domaine administration / rh / juridique. Niveau d'études : BAC. Compétences principales : gestion administrative, archivage, passation de marchés, paie, rédaction juridique. Qualités : autonomie, adaptabilité, prise d'initiative. Langues parlées : français, anglais. Basé(e) à Pointe-Noire, mobilité possible sur le territoire national."
