id_offre,titre,entreprise,ville,domaine,type_contrat,niveau_etudes_min,experience_min,competences_requises,description
JOB250002292,Chef de salle,242 Tacos Street,Brazzaville,Hôtellerie - Restauration,CDD,,,,Chef de salle Secteur : Hôtellerie - Restauration.
JOB250002293,Agent Polyvalent,242 Tacos Street,Brazzaville,Hôtellerie - Restauration,CDD,,,,Agent Polyvalent Secteur : Hôtellerie - Restauration.
JOB250002294,Cuisinier,242 Tacos Street,Brazzaville,Hôtellerie - Restauration,CDD,,,,Cuisinier  Secteur : Hôtellerie - Restauration.
JOB250002295,Manager,242 Tacos Street,Brazzaville,Hôtellerie - Restauration,CDD,,,,Manager Secteur : Hôtellerie - Restauration.
JOB250002297,CAISSIER,242 Tacos Street,Brazzaville,Hôtellerie - Restauration,CDD,,,,CAISSIER Secteur : Hôtellerie - Restauration.
JOB250002644,Responsable d'exploitation,3C Logistique,Brazzaville,"Pétrole, Gaz & Hydrocarbures",CDD,,,,"Responsable d'exploitation Secteur : Pétrole, Gaz & Hydrocarbures."
JOB250002645,Chauffeur Semi-Remorque,3C Logistique,Brazzaville,"Transport, Logistique & Supply Chain",CDD,,,supply chain,"Chauffeur Semi-Remorque Secteur : Transport, Logistique & Supply Chain."
JOB250002742,Comptable senior,3C Logistique,Brazzaville,"Finance, Banque, Assurance, Comptabilité & Fiscalité",CDD,,,comptabilité; fiscalité,"Comptable senior  Secteur : Finance, Banque, Assurance, Comptabilité & Fiscalité."
JOB250002743,Comptable senior,3C Logistique,Brazzaville,"Finance, Banque, Assurance, Comptabilité & Fiscalité",CDD,,,comptabilité; fiscalité,"Comptable senior  Secteur : Finance, Banque, Assurance, Comptabilité & Fiscalité."
JOB250002438,secrétaire bureautique,ADIE SOLUTIONS,Brazzaville,"Conseil, Stratégie & Gestion des Ressources Humaines",CDD,,,gestion des ressources humaines,"secrétaire bureautique Secteur : Conseil, Stratégie & Gestion des Ressources Humaines."
JOB250002440,Gestionnaire,ADIE SOLUTIONS,Brazzaville,"Commerce, Vente, Marketing & Distribution",CDD,,,vente,"Gestionnaire  Secteur : Commerce, Vente, Marketing & Distribution."
JOB250002528,CAISSIER,ADIE SOLUTIONS,Brazzaville,"Commerce, Vente, Marketing & Distribution",CDD,,,vente,"CAISSIER Secteur : Commerce, Vente, Marketing & Distribution."
JOB250002531,Gestionnaire,ADIE SOLUTIONS,Brazzaville,"Commerce, Vente, Marketing & Distribution",CDD,,,vente,"Gestionnaire  Secteur : Commerce, Vente, Marketing & Distribution."
JOB250002532,secrétaire bureautique,ADIE SOLUTIONS,Brazzaville,"Conseil, Stratégie & Gestion des Ressources Humaines",CDD,,,gestion des ressources humaines,"secrétaire bureautique Secteur : Conseil, Stratégie & Gestion des Ressources Humaines."
JOB250002533,Gestionnaire de stocks,ADIE SOLUTIONS,Brazzaville,"Commerce, Vente, Marketing & Distribution",CDD,,,vente,"Gestionnaire de stocks Secteur : Commerce, Vente, Marketing & Distribution."
JOB250001768,Agent Exploitation Escale,AERCO (Aéroports du Congo),Brazzaville,"Transport, Logistique & Supply Chain",CDD,,,supply chain,"Agent Exploitation Escale Secteur : Transport, Logistique & Supply Chain."
JOB250001769,Agent Exploitation Aérogare,AERCO (Aéroports du Congo),Brazzaville,"Transport, Logistique & Supply Chain",CDD,,,supply chain,"Agent Exploitation Aérogare Secteur : Transport, Logistique & Supply Chain."
JOB250000969,coordinateur des operations logistiques,AFRICA GLOBAL LOGISTICS CONGO (AGL),Pointe-Noire,"Transport, Logistique & Supply Chain",CDD,,,supply chain,"coordinateur des operations logistiques Secteur : Transport, Logistique & Supply Chain."
JOB250001179,CAISSIER,AFRICA GLOBAL LOGISTICS CONGO (AGL),Pointe-Noire,"Transport, Logistique & Supply Chain",CDD,,,supply chain,"CAISSIER Secteur : Transport, Logistique & Supply Chain."
JOB250001212,RESPONSABLE D'ENTREPOT,AFRICA GLOBAL LOGISTICS CONGO (AGL),Pointe-Noire,"Transport, Logistique & Supply Chain",CDD,,,supply chain,"RESPONSABLE D'ENTREPOT Secteur : Transport, Logistique & Supply Chain."
JOB250001213,GESTIONNAIRE DE STOCK,AFRICA GLOBAL LOGISTICS CONGO (AGL),Pointe-Noire,"Transport, Logistique & Supply Chain",CDD,,,supply chain,"GESTIONNAIRE DE STOCK Secteur : Transport, Logistique & Supply Chain."
JOB250001328,Responsable Audit Interne,AFRICA GLOBAL LOGISTICS CONGO (AGL),Pointe-Noire,"Transport, Logistique & Supply Chain",CDI,,,audit; supply chain,"Responsable Audit Interne  Secteur : Transport, Logistique & Supply Chain."
JOB250001622,Chef magasinier,AFRICA GLOBAL LOGISTICS CONGO (AGL),Pointe-Noire,"Industrie, Production & Maintenance",CDD,,,,"Chef magasinier  Secteur : Industrie, Production & Maintenance."
JOB250001650,Administrateur Réseaux-Téléccom & Controle Accès,AFRICA GLOBAL LOGISTICS CONGO (AGL),Pointe-Noire,"Informatique, Data, Télécommunications & Digital",CDD,,,,"Administrateur Réseaux-Téléccom & Controle Accès Secteur : Informatique, Data, Télécommunications & Digital."
JOB250001856,OPERATEUR DOSSIER (FOP),AFRICA GLOBAL LOGISTICS CONGO (AGL),Pointe-Noire,"Transport, Logistique & Supply Chain",CDI,,,supply chain,"OPERATEUR DOSSIER (FOP) Secteur : Transport, Logistique & Supply Chain."
JOB250001857,AGENTS DE RECOUVREMENT,AFRICA GLOBAL LOGISTICS CONGO (AGL),Pointe-Noire,"Finance, Banque, Assurance, Comptabilité & Fiscalité",CDI,,,comptabilité; fiscalité,"AGENTS DE RECOUVREMENT Secteur : Finance, Banque, Assurance, Comptabilité & Fiscalité."
JOB250002348,Coordinateur des Opérations,AFRICA GLOBAL LOGISTICS CONGO (AGL),Pointe-Noire,"Transport, Logistique & Supply Chain",CDD,,,supply chain,"Coordinateur des Opérations Secteur : Transport, Logistique & Supply Chain."
JOB250002366,Assistant Qualité,AFRICA GLOBAL LOGISTICS CONGO (AGL),Pointe-Noire,"Assurance Qualité, Contrôle, Testing (QHSE)",CDD,,,qhse,"Assistant Qualité Secteur : Assurance Qualité, Contrôle, Testing (QHSE)."
JOB250002561,Superviseur des Opérations Logistiques,AFRICA GLOBAL LOGISTICS CONGO (AGL),Pointe-Noire,"Commerce, Vente, Marketing & Distribution",CDD,,,vente,"Superviseur des Opérations Logistiques Secteur : Commerce, Vente, Marketing & Distribution."
JOB250002847,Fiscaliste,AFRICA GLOBAL LOGISTICS CONGO (AGL),Pointe-Noire,"Finance, Banque, Assurance, Comptabilité & Fiscalité",CDI,,,comptabilité; fiscalité,"Fiscaliste Secteur : Finance, Banque, Assurance, Comptabilité & Fiscalité."
JOB250002848,Responsable Administratif et Financier Shipping,AFRICA GLOBAL LOGISTICS CONGO (AGL),Pointe-Noire,"Conseil, Stratégie & Gestion des Ressources Humaines",CDI,,,gestion des ressources humaines,"Responsable Administratif et Financier Shipping  Secteur : Conseil, Stratégie & Gestion des Ressources Humaines."
JOB250002849,Controleur de Gestion,AFRICA GLOBAL LOGISTICS CONGO (AGL),Pointe-Noire,"Finance, Banque, Assurance, Comptabilité & Fiscalité",CDI,,,comptabilité; fiscalité,"Controleur de Gestion Secteur : Finance, Banque, Assurance, Comptabilité & Fiscalité."
JOB250002852,Responsable Développement RH,AFRICA GLOBAL LOGISTICS CONGO (AGL),Pointe-Noire,"Conseil, Stratégie & Gestion des Ressources Humaines",CDI,,,gestion des ressources humaines,"Responsable Développement RH  Secteur : Conseil, Stratégie & Gestion des Ressources Humaines."
NONREF000399,Responsable Qualité,AFRICA GLOBAL LOGISTICS CONGO (AGL),Pointe-Noire,"Transport, Logistique & Supply Chain",CDD,,,supply chain,"Responsable Qualité Secteur : Transport, Logistique & Supply Chain."
JOB250002181,Directeur Administratif et Financier,AFRICA LEADER CONTRACTING INDUSTRIES,Pointe-Noire,"Finance, Banque, Assurance, Comptabilité & Fiscalité",CDI,,,comptabilité; fiscalité,"Directeur Administratif et Financier Secteur : Finance, Banque, Assurance, Comptabilité & Fiscalité."
JOB250001762,Agent Customer Registration (KYC),AFRICA MOTOR COMPANY,Brazzaville,"Commerce, Vente, Marketing & Distribution",CDD,,,vente,"Agent Customer Registration (KYC) Secteur : Commerce, Vente, Marketing & Distribution."
NONREF000044,Assistante RH,AFRICAINE DES M C,Pointe-Noire,"Conseil, Stratégie & Gestion des Ressources Humaines",CDD,,,gestion des ressources humaines,"Assistante RH Secteur : Conseil, Stratégie & Gestion des Ressources Humaines."
NONREF000162,Jardiniers,AFRIK GLOBAL EXTENSION,Pointe-Noire,"Transport, Logistique & Supply Chain",CDD,,,supply chain,"Jardiniers Secteur : Transport, Logistique & Supply Chain."
NONREF000214,Responsable logistique,AFRIK GLOBAL EXTENSION,Pointe-Noire,"Transport, Logistique & Supply Chain",CDI,,,supply chain,"Responsable logistique Secteur : Transport, Logistique & Supply Chain."
JOB250000839,SOUDEUR,AFRIK GLOBAL EXTENSION HR CONGO SARL,Pointe-Noire,"Industrie, Production & Maintenance",CDI,,,,"SOUDEUR Secteur : Industrie, Production & Maintenance."
JOB250000840,RESPONSABLE PONT ADJOINT,AFRIK GLOBAL EXTENSION HR CONGO SARL,Pointe-Noire,"Commerce, Vente, Marketing & Distribution",CDI,,,vente,"RESPONSABLE PONT ADJOINT Secteur : Commerce, Vente, Marketing & Distribution."
JOB250000841,CHEF D'EQUIPE MECANICIEN,AFRIK GLOBAL EXTENSION HR CONGO SARL,Pointe-Noire,"Commerce, Vente, Marketing & Distribution",CDI,,,vente,"CHEF D'EQUIPE MECANICIEN Secteur : Commerce, Vente, Marketing & Distribution."
JOB250001775,RESPONSABLE DE STOCK,AFRIK GLOBAL EXTENSION HR CONGO SARL,Pointe-Noire,"Conseil, Stratégie & Gestion des Ressources Humaines",CDI,,,gestion des ressources humaines,"RESPONSABLE DE STOCK Secteur : Conseil, Stratégie & Gestion des Ressources Humaines."
JOB250001859,Assistant Logistique,AFRIK GLOBAL EXTENSION HR CONGO SARL,Pointe-Noire,"Transport, Logistique & Supply Chain",CDD,,,supply chain,"Assistant Logistique Secteur : Transport, Logistique & Supply Chain."
NONREF000108,Conducteur pelle,AFRIKA GLOBAL EXTENSION,Pointe-Noire,"Transport, Logistique & Supply Chain",CDD,,,supply chain,"Conducteur pelle Secteur : Transport, Logistique & Supply Chain."
NONREF000084,Chef d'équipe mécanicien,AFRIK-GLOBAL,Pointe-Noire,"Transport, Logistique & Supply Chain",CDI,,,supply chain,"Chef d'équipe mécanicien Secteur : Transport, Logistique & Supply Chain."
NONREF000218,Responsable Pont,AFRIK-GLOBAL,Pointe-Noire,"Transport, Logistique & Supply Chain",CDI,,,supply chain,"Responsable Pont Secteur : Transport, Logistique & Supply Chain."
NONREF000233,Soudeur,AFRIK-GLOBAL,Pointe-Noire,"Transport, Logistique & Supply Chain",CDI,,,supply chain,"Soudeur Secteur : Transport, Logistique & Supply Chain."
JOB250001820,INSTRUMENTISTES,AG GROUP,Pointe-Noire,"Pétrole, Gaz & Hydrocarbures",CDD,,,,"INSTRUMENTISTES Secteur : Pétrole, Gaz & Hydrocarbures."
JOB250001821,SPECIALISTER.H,AG GROUP,Pointe-Noire,"Bâtiment, Travaux Publics & Aménagement du Territoire",CDD,,,,"SPECIALISTER.H Secteur : Bâtiment, Travaux Publics & Aménagement du Territoire."
JOB250001822,SERVANT ( Cuisine et Ménage),AG GROUP,Pointe-Noire,"Conseil, Stratégie & Gestion des Ressources Humaines",CDD,,,cuisine; gestion des ressources humaines,"SERVANT ( Cuisine et Ménage) Secteur : Conseil, Stratégie & Gestion des Ressources Humaines."
JOB250001824,RESPONSABLE FINANCIER,AG GROUP,Pointe-Noire,"Bâtiment, Travaux Publics & Aménagement du Territoire",CDD,,,,"RESPONSABLE FINANCIER Secteur : Bâtiment, Travaux Publics & Aménagement du Territoire."
JOB250001826,COMPTABLE,AG GROUP,Pointe-Noire,"Bâtiment, Travaux Publics & Aménagement du Territoire",CDD,,,,"COMPTABLE  Secteur : Bâtiment, Travaux Publics & Aménagement du Territoire."
JOB250001827,RESPONSABLE DE RESOURCE HUMAINES,AG GROUP,Pointe-Noire,"Bâtiment, Travaux Publics & Aménagement du Territoire",CDD,,,,"RESPONSABLE DE RESOURCE HUMAINES Secteur : Bâtiment, Travaux Publics & Aménagement du Territoire."
JOB250001828,CHEF DE PROJET,AG GROUP,Pointe-Noire,"Bâtiment, Travaux Publics & Aménagement du Territoire",CDD,,,,"CHEF DE PROJET  Secteur : Bâtiment, Travaux Publics & Aménagement du Territoire."
JOB250001829,TECHNICIEN D'INSTALLATION,AG GROUP,Pointe-Noire,"Bâtiment, Travaux Publics & Aménagement du Territoire",CDD,,,,"TECHNICIEN D'INSTALLATION Secteur : Bâtiment, Travaux Publics & Aménagement du Territoire."
JOB250001831,GEOMETRE,AG GROUP,Pointe-Noire,"Bâtiment, Travaux Publics & Aménagement du Territoire",CDD,,,,"GEOMETRE Secteur : Bâtiment, Travaux Publics & Aménagement du Territoire."
JOB250001833,AIDE GEOMETRE,AG GROUP,Pointe-Noire,"Bâtiment, Travaux Publics & Aménagement du Territoire",CDD,,,,"AIDE GEOMETRE Secteur : Bâtiment, Travaux Publics & Aménagement du Territoire."
JOB250001836,CONDUCTEUR D'EQUIPEMENT,AG GROUP,Pointe-Noire,"Bâtiment, Travaux Publics & Aménagement du Territoire",CDD,,,,"CONDUCTEUR D'EQUIPEMENT Secteur : Bâtiment, Travaux Publics & Aménagement du Territoire."
JOB250002089,Ingénieur Agronome Forestier (Chef de projet),AG GROUP,Pointe-Noire,Exploitation Forestière & Bois,CDD,,,,Ingénieur Agronome Forestier (Chef de projet) Secteur : Exploitation Forestière & Bois.
JOB250002094,Ouvrier Forestier,AG GROUP,Pointe-Noire,Agriculture & Industrie Agroalimentaire,CDD,,,,Ouvrier Forestier Secteur : Agriculture & Industrie Agroalimentaire.
JOB250002095,Chauffeur Grutier,AG GROUP,Pointe-Noire,Agriculture & Industrie Agroalimentaire,CDD,,,,Chauffeur Grutier Secteur : Agriculture & Industrie Agroalimentaire.
JOB250002097,Conducteur d'Engin,AG GROUP,Pointe-Noire,Agriculture & Industrie Agroalimentaire,CDD,,,,Conducteur d'Engin Secteur : Agriculture & Industrie Agroalimentaire.
JOB250002098,Pépinieriste Forestier,AG GROUP,Pointe-Noire,Agriculture & Industrie Agroalimentaire,CDD,,,,Pépinieriste Forestier Secteur : Agriculture & Industrie Agroalimentaire.
JOB250002099,Spécialiste en protection des végétaux,AG GROUP,Pointe-Noire,Agriculture & Industrie Agroalimentaire,CDD,,,,Spécialiste en protection des végétaux Secteur : Agriculture & Industrie Agroalimentaire.
JOB250002100,Technicien Forestier,AG GROUP,Pointe-Noire,Agriculture & Industrie Agroalimentaire,CDD,,,,Technicien Forestier Secteur : Agriculture & Industrie Agroalimentaire.
NONREF000005,Agent commercial ligne Mart,AGL,Pointe-Noire,"Transport, Logistique & Supply Chain",CDD,,,supply chain,"Agent commercial ligne Mart Secteur : Transport, Logistique & Supply Chain."
NONREF000013,Agent logistique et Int,AGL,Pointe-Noire,"Transport, Logistique & Supply Chain",CDD,,,supply chain,"Agent logistique et Int Secteur : Transport, Logistique & Supply Chain."
NONREF000052,Auditeur interne junior,AGL,Pointe-Noire,"Transport, Logistique & Supply Chain",CDD,,,supply chain,"Auditeur interne junior Secteur : Transport, Logistique & Supply Chain."
NONREF000096,Comptable,AGL,Pointe-Noire,"Transport, Logistique & Supply Chain",CDI,,,supply chain,"Comptable Secteur : Transport, Logistique & Supply Chain."
JOB250001715,Assistant de Direction,AGROVA,Pointe-Noire,"Conseil, Stratégie & Gestion des Ressources Humaines",CDD,,,gestion des ressources humaines,"Assistant de Direction Secteur : Conseil, Stratégie & Gestion des Ressources Humaines."
JOB250002289,AGRONOME,AGROVA,Pointe-Noire,Agriculture & Industrie Agroalimentaire,CDD,,,,AGRONOME Secteur : Agriculture & Industrie Agroalimentaire.
NONREF000055,Business developer,AIR LIQUIDE,Pointe-Noire,"Industrie, Production & Maintenance",CDD,,,,"Business developer Secteur : Industrie, Production & Maintenance."
JOB250001232,Superviseur Marketing - Internet Résidentiel (Home Broadband),AIRTEL CONGO SA,Brazzaville,"Commerce, Vente, Marketing & Distribution",CDD,,,vente,"Superviseur Marketing - Internet Résidentiel (Home Broadband)  Secteur : Commerce, Vente, Marketing & Distribution."
JOB250001233,Superviseur Régional des Ventes - Internet Résidentiel HBB (Home Broadband),AIRTEL CONGO SA,Brazzaville,"Commerce, Vente, Marketing & Distribution",CDD,,,vente,"Superviseur Régional des Ventes - Internet Résidentiel HBB (Home Broadband)  Secteur : Commerce, Vente, Marketing & Distribution."
JOB250001234,Analyste des activités - Internet Résidentiel HBB (Home Broadband),AIRTEL CONGO SA,Brazzaville,"Commerce, Vente, Marketing & Distribution",CDD,,,vente,"Analyste des activités - Internet Résidentiel HBB (Home Broadband)  Secteur : Commerce, Vente, Marketing & Distribution."
JOB250001235,Superviseur Expérience Client - Internet Résidentiel,AIRTEL CONGO SA,Brazzaville,"Commerce, Vente, Marketing & Distribution",CDD,,,vente,"Superviseur Expérience Client - Internet Résidentiel Secteur : Commerce, Vente, Marketing & Distribution."
JOB250001591,SPECIALISTE FRAUDE,AIRTEL CONGO SA,Brazzaville,"Informatique, Data, Télécommunications & Digital",CDD,,,,"SPECIALISTE FRAUDE Secteur : Informatique, Data, Télécommunications & Digital."
JOB250001684,contrôleur interne,AIRTEL CONGO SA,Brazzaville,"Commerce, Vente, Marketing & Distribution",CDD,,,vente,"contrôleur interne Secteur : Commerce, Vente, Marketing & Distribution."
JOB250001951,DISTRIBUTION MANAGER,AIRTEL CONGO SA,Brazzaville,"Transport, Logistique & Supply Chain",CDD,,,supply chain,"DISTRIBUTION MANAGER Secteur : Transport, Logistique & Supply Chain."
JOB250002615,ASSISTANT DES OPERATIONS AIRTEL MONEY,AIRTEL CONGO SA,Brazzaville,"Informatique, Data, Télécommunications & Digital",CDD,,,,"ASSISTANT DES OPERATIONS AIRTEL MONEY Secteur : Informatique, Data, Télécommunications & Digital."
JOB250002769,Head-Business segment(chef de secteur d'activité),AIRTEL CONGO SA,Brazzaville,"Commerce, Vente, Marketing & Distribution",CDD,,,vente,"Head-Business segment(chef de secteur d'activité) Secteur : Commerce, Vente, Marketing & Distribution."
JOB250001014,CHEF DE PRODUIT,AKIENI,Brazzaville,"Informatique, Data, Télécommunications & Digital",CDI,,,,"CHEF DE PRODUIT Secteur : Informatique, Data, Télécommunications & Digital."
JOB250001442,Assistant Polyvalent,AKIENI,Brazzaville,"Conseil, Stratégie & Gestion des Ressources Humaines",CDD,,,gestion des ressources humaines,"Assistant Polyvalent Secteur : Conseil, Stratégie & Gestion des Ressources Humaines."
JOB250002167,COMPTABLE,AKIENI,Brazzaville,"Finance, Banque, Assurance, Comptabilité & Fiscalité",CDD,,,comptabilité; fiscalité,"COMPTABLE  Secteur : Finance, Banque, Assurance, Comptabilité & Fiscalité."
JOB250002216,Directeur Administratif et Financier,AKIENI,Brazzaville,"Conseil, Stratégie & Gestion des Ressources Humaines",CDI,,,gestion des ressources humaines,"Directeur Administratif et Financier Secteur : Conseil, Stratégie & Gestion des Ressources Humaines."
JOB250002218,RESPONSABLE DESRESSOURSES HUMAINES,AKIENI,Brazzaville,"Conseil, Stratégie & Gestion des Ressources Humaines",CDI,,,gestion des ressources humaines,"RESPONSABLE DESRESSOURSES HUMAINES Secteur : Conseil, Stratégie & Gestion des Ressources Humaines."
JOB250002349,Ingénieur Devops Senior,AKIENI,Brazzaville,"Informatique, Data, Télécommunications & Digital",CDI,,,,"Ingénieur Devops Senior Secteur : Informatique, Data, Télécommunications & Digital."
JOB250001020,CHAUFFEUR DU DIRECTEUR GENERAL,AL OTHMAN REAL ESTATE GROUP,Brazzaville,"Transport, Logistique & Supply Chain",CDD,,,supply chain,"CHAUFFEUR DU DIRECTEUR GENERAL Secteur : Transport, Logistique & Supply Chain."
JOB250001030,COMMIS DE CUISINE,AL OTHMAN REAL ESTATE GROUP,Brazzaville,Hôtellerie - Restauration,CDI,,,cuisine,COMMIS DE CUISINE  Secteur : Hôtellerie - Restauration.
JOB250001031,MENUISIER,AL OTHMAN REAL ESTATE GROUP,Brazzaville,Hôtellerie - Restauration,CDD,,,,MENUISIER Secteur : Hôtellerie - Restauration.
JOB250001032,PLONGEUR,AL OTHMAN REAL ESTATE GROUP,Brazzaville,Hôtellerie - Restauration,CDD,,,,PLONGEUR Secteur : Hôtellerie - Restauration.
JOB250001033,Responsable de garde,AL OTHMAN REAL ESTATE GROUP,Brazzaville,Hôtellerie - Restauration,CDD,,,,Responsable de garde  Secteur : Hôtellerie - Restauration.
JOB250001034,RESPONSABLE SÉCURITÉ,AL OTHMAN REAL ESTATE GROUP,Brazzaville,"Sécurité, Sûreté & Défense",CDD,,,,"RESPONSABLE SÉCURITÉ  Secteur : Sécurité, Sûreté & Défense."
JOB250001035,Technicien Audiovisuel,AL OTHMAN REAL ESTATE GROUP,Brazzaville,"Communication, Médias & Événementiel",CDI,,,,"Technicien Audiovisuel  Secteur : Communication, Médias & Événementiel."
JOB250001036,RESPONSABLE MARKETING,AL OTHMAN REAL ESTATE GROUP,Brazzaville,"Commerce, Vente, Marketing & Distribution",CDI,,,vente,"RESPONSABLE MARKETING Secteur : Commerce, Vente, Marketing & Distribution."
JOB250001037,RESPENSABLE COMMERCIAL,AL OTHMAN REAL ESTATE GROUP,Brazzaville,"Commerce, Vente, Marketing & Distribution",CDD,,,vente,"RESPENSABLE COMMERCIAL Secteur : Commerce, Vente, Marketing & Distribution."
JOB250001038,AGENTS DE RELATIONS CLIENTS,AL OTHMAN REAL ESTATE GROUP,Brazzaville,"Commerce, Vente, Marketing & Distribution",CDD,,,vente,"AGENTS DE RELATIONS CLIENTS  Secteur : Commerce, Vente, Marketing & Distribution."
JOB250001039,RESPONSABLE DE NUIT,AL OTHMAN REAL ESTATE GROUP,Brazzaville,Hôtellerie - Restauration,CDD,,,,RESPONSABLE DE NUIT  Secteur : Hôtellerie - Restauration.
JOB250001040,SUPERVISEUR RECEPTION,AL OTHMAN REAL ESTATE GROUP,Brazzaville,Hôtellerie - Restauration,CDD,,,,SUPERVISEUR RECEPTION  Secteur : Hôtellerie - Restauration.
JOB250001041,Technicien climatisation,AL OTHMAN REAL ESTATE GROUP,Brazzaville,"Industrie, Production & Maintenance",CDD,,,,"Technicien climatisation Secteur : Industrie, Production & Maintenance."
JOB250001042,AGENT DE SECURITE,AL OTHMAN REAL ESTATE GROUP,Brazzaville,"Sécurité, Sûreté & Défense",CDD,,,,"AGENT DE SECURITE Secteur : Sécurité, Sûreté & Défense."
JOB250001043,Technicien cuisine & Blanchisserie,AL OTHMAN REAL ESTATE GROUP,Brazzaville,Hôtellerie - Restauration,CDD,,,cuisine,Technicien cuisine & Blanchisserie Secteur : Hôtellerie - Restauration.
JOB250001044,CONCIERGE,AL OTHMAN REAL ESTATE GROUP,Brazzaville,Hôtellerie - Restauration,CDD,,,,CONCIERGE Secteur : Hôtellerie - Restauration.
JOB250001045,Réceptionniste,AL OTHMAN REAL ESTATE GROUP,Brazzaville,Hôtellerie - Restauration,CDD,,,,Réceptionniste  Secteur : Hôtellerie - Restauration.
JOB250001046,SUPERVISEUR BLANCHISSERIE,AL OTHMAN REAL ESTATE GROUP,Brazzaville,Hôtellerie - Restauration,CDD,,,,SUPERVISEUR BLANCHISSERIE  Secteur : Hôtellerie - Restauration.
JOB250001048,Technicien piscine,AL OTHMAN REAL ESTATE GROUP,Brazzaville,Hôtellerie - Restauration,CDD,,,,Technicien piscine Secteur : Hôtellerie - Restauration.
JOB250001050,Technicien chaudière,AL OTHMAN REAL ESTATE GROUP,Brazzaville,Hôtellerie - Restauration,CDD,,,,Technicien chaudière Secteur : Hôtellerie - Restauration.
JOB250001051,OPERATEUR VIDEOSURVEILLANCE,AL OTHMAN REAL ESTATE GROUP,Brazzaville,Hôtellerie - Restauration,CDD,,,,OPERATEUR VIDEOSURVEILLANCE Secteur : Hôtellerie - Restauration.
JOB250001052,REPASSEUR,AL OTHMAN REAL ESTATE GROUP,Brazzaville,Hôtellerie - Restauration,CDD,,,,REPASSEUR Secteur : Hôtellerie - Restauration.
JOB250001053,Peintre,AL OTHMAN REAL ESTATE GROUP,Brazzaville,Hôtellerie - Restauration,CDD,,,,Peintre  Secteur : Hôtellerie - Restauration.
JOB250001054,CHARGE DE L'HEBERGEMENT DES EMPLOYES,AL OTHMAN REAL ESTATE GROUP,Brazzaville,Hôtellerie - Restauration,CDD,,,,CHARGE DE L'HEBERGEMENT DES EMPLOYES  Secteur : Hôtellerie - Restauration.
JOB250001055,Polisseur,AL OTHMAN REAL ESTATE GROUP,Brazzaville,Hôtellerie - Restauration,CDD,,,,Polisseur Secteur : Hôtellerie - Restauration.
JOB250001056,Superviseur Réservations,AL OTHMAN REAL ESTATE GROUP,Brazzaville,Hôtellerie - Restauration,CDD,,,,Superviseur Réservations  Secteur : Hôtellerie - Restauration.
JOB250001057,Spa Thérapeute,AL OTHMAN REAL ESTATE GROUP,Brazzaville,Hôtellerie - Restauration,CDD,,,,Spa Thérapeute  Secteur : Hôtellerie - Restauration.
JOB250001058,RESPONSABLE BAGAGISTE,AL OTHMAN REAL ESTATE GROUP,Brazzaville,Hôtellerie - Restauration,CDD,,,,RESPONSABLE BAGAGISTE Secteur : Hôtellerie - Restauration.
JOB250001059,Maçon,AL OTHMAN REAL ESTATE GROUP,Brazzaville,"Bâtiment, Travaux Publics & Aménagement du Territoire",CDD,,,,"Maçon  Secteur : Bâtiment, Travaux Publics & Aménagement du Territoire."
JOB250001060,SUPERVISEUR DES ESPACES PUBLICS,AL OTHMAN REAL ESTATE GROUP,Brazzaville,Hôtellerie - Restauration,CDD,,,,SUPERVISEUR DES ESPACES PUBLICS Secteur : Hôtellerie - Restauration.
JOB250001061,SUPERVISEUR DES JARDINIERS,AL OTHMAN REAL ESTATE GROUP,Brazzaville,Hôtellerie - Restauration,CDD,,,,SUPERVISEUR DES JARDINIERS Secteur : Hôtellerie - Restauration.
JOB250001062,COUTURIER,AL OTHMAN REAL ESTATE GROUP,Brazzaville,Hôtellerie - Restauration,CDD,,,,COUTURIER Secteur : Hôtellerie - Restauration.
JOB250001064,SUPERVISEUR DU CREDIT,AL OTHMAN REAL ESTATE GROUP,Brazzaville,"Finance, Banque, Assurance, Comptabilité & Fiscalité",CDD,,,comptabilité; fiscalité,"SUPERVISEUR DU CREDIT  Secteur : Finance, Banque, Assurance, Comptabilité & Fiscalité."
JOB250001065,EMPLOYER AUX COMPTES CLIENTS,AL OTHMAN REAL ESTATE GROUP,Brazzaville,"Finance, Banque, Assurance, Comptabilité & Fiscalité",CDD,,,comptabilité; fiscalité,"EMPLOYER AUX COMPTES CLIENTS  Secteur : Finance, Banque, Assurance, Comptabilité & Fiscalité."
JOB250001066,COORDINATEUR ACHATS,AL OTHMAN REAL ESTATE GROUP,Brazzaville,"Transport, Logistique & Supply Chain",CDD,,,supply chain,"COORDINATEUR ACHATS  Secteur : Transport, Logistique & Supply Chain."
JOB250001067,EMPLOYER MAGASIN,AL OTHMAN REAL ESTATE GROUP,Brazzaville,"Commerce, Vente, Marketing & Distribution",CDD,,,vente,"EMPLOYER MAGASIN  Secteur : Commerce, Vente, Marketing & Distribution."
JOB250001068,MAGASINIER,AL OTHMAN REAL ESTATE GROUP,Brazzaville,"Transport, Logistique & Supply Chain",CDD,,,supply chain,"MAGASINIER  Secteur : Transport, Logistique & Supply Chain."
JOB250001069,EMPLOYÉ RÉCEPTION DES MARCHANDISES,AL OTHMAN REAL ESTATE GROUP,Brazzaville,"Transport, Logistique & Supply Chain",CDD,,,supply chain,"EMPLOYÉ RÉCEPTION DES MARCHANDISES  Secteur : Transport, Logistique & Supply Chain."
JOB250001070,RESPONSABLE FORMATION,AL OTHMAN REAL ESTATE GROUP,Brazzaville,"Conseil, Stratégie & Gestion des Ressources Humaines",CDD,,,gestion des ressources humaines,"RESPONSABLE FORMATION  Secteur : Conseil, Stratégie & Gestion des Ressources Humaines."
JOB250001071,INFIRMIER,AL OTHMAN REAL ESTATE GROUP,Brazzaville,"Santé, Pharmacie & Recherche Scientifique",CDD,,,pharmacie,"INFIRMIER Secteur : Santé, Pharmacie & Recherche Scientifique."
JOB250001072,CHARGÉ DES RELATIONS GOUVERNEMENTALES,AL OTHMAN REAL ESTATE GROUP,Brazzaville,"Conseil, Stratégie & Gestion des Ressources Humaines",CDD,,,gestion des ressources humaines,"CHARGÉ DES RELATIONS GOUVERNEMENTALES  Secteur : Conseil, Stratégie & Gestion des Ressources Humaines."
JOB250001073,COORDINATEUR RESSOURCES HUMAINES,AL OTHMAN REAL ESTATE GROUP,Brazzaville,"Conseil, Stratégie & Gestion des Ressources Humaines",CDD,,,gestion des ressources humaines,"COORDINATEUR RESSOURCES HUMAINES  Secteur : Conseil, Stratégie & Gestion des Ressources Humaines."
JOB250001075,CHEF DE PARTIE,AL OTHMAN REAL ESTATE GROUP,Brazzaville,Hôtellerie - Restauration,CDD,,,,CHEF DE PARTIE  Secteur : Hôtellerie - Restauration.
JOB250001076,COORDINATEUR TECHNIQUE,AL OTHMAN REAL ESTATE GROUP,Brazzaville,Hôtellerie - Restauration,CDD,,,,COORDINATEUR TECHNIQUE Secteur : Hôtellerie - Restauration.
JOB250001077,RÉCEPTIONNISTE SPA,AL OTHMAN REAL ESTATE GROUP,Brazzaville,Hôtellerie - Restauration,CDD,,,,RÉCEPTIONNISTE SPA  Secteur : Hôtellerie - Restauration.
JOB250001078,VALET DE CHAMBRE,AL OTHMAN REAL ESTATE GROUP,Brazzaville,Hôtellerie - Restauration,CDD,,,,VALET DE CHAMBRE  Secteur : Hôtellerie - Restauration.
JOB250001079,BOUCHER,AL OTHMAN REAL ESTATE GROUP,Brazzaville,Hôtellerie - Restauration,CDD,,,,BOUCHER  Secteur : Hôtellerie - Restauration.
JOB250001080,BAGAGISTE,AL OTHMAN REAL ESTATE GROUP,Brazzaville,Hôtellerie - Restauration,CDD,,,,BAGAGISTE  Secteur : Hôtellerie - Restauration.
JOB250001081,SUPERVISEUR TECHNIQUE,AL OTHMAN REAL ESTATE GROUP,Brazzaville,Hôtellerie - Restauration,CDD,,,,SUPERVISEUR TECHNIQUE Secteur : Hôtellerie - Restauration.
JOB250001082,ANIMATEUR CLUB ENFANTS,AL OTHMAN REAL ESTATE GROUP,Brazzaville,Hôtellerie - Restauration,CDD,,,,ANIMATEUR CLUB ENFANTS  Secteur : Hôtellerie - Restauration.
JOB250001083,AGENT DE RESERVATION,AL OTHMAN REAL ESTATE GROUP,Brazzaville,Hôtellerie - Restauration,CDD,,,,AGENT DE RESERVATION Secteur : Hôtellerie - Restauration.
JOB250001084,AGENT NETTOYAGE PISCINE,AL OTHMAN REAL ESTATE GROUP,Brazzaville,Nettoyage & Blanchisserie,CDD,,,,AGENT NETTOYAGE PISCINE  Secteur : Nettoyage & Blanchisserie.
JOB250001086,AGENT D’ENTRETIEN DES PARTIES COMMUNES,AL OTHMAN REAL ESTATE GROUP,Brazzaville,Nettoyage & Blanchisserie,CDD,,,,AGENT D’ENTRETIEN DES PARTIES COMMUNES  Secteur : Nettoyage & Blanchisserie.
JOB250001087,TECHNICIEN,AL OTHMAN REAL ESTATE GROUP,Brazzaville,Hôtellerie - Restauration,CDD,,,,TECHNICIEN Secteur : Hôtellerie - Restauration.
JOB250001088,Agent de Buanderie,AL OTHMAN REAL ESTATE GROUP,Brazzaville,Nettoyage & Blanchisserie,CDD,,,,Agent de Buanderie  Secteur : Nettoyage & Blanchisserie.
JOB250001089,Electricien,AL OTHMAN REAL ESTATE GROUP,Brazzaville,"Énergie, Environnement & Eau",CDD,,,,"Electricien Secteur : Énergie, Environnement & Eau."
JOB250001090,Superviseur des Uniformes,AL OTHMAN REAL ESTATE GROUP,Brazzaville,Nettoyage & Blanchisserie,CDD,,,,Superviseur des Uniformes  Secteur : Nettoyage & Blanchisserie.
JOB250001091,REPASSEUR,AL OTHMAN REAL ESTATE GROUP,Brazzaville,Nettoyage & Blanchisserie,CDD,,,,REPASSEUR Secteur : Nettoyage & Blanchisserie.
JOB250001092,Employé de Balanchissement,AL OTHMAN REAL ESTATE GROUP,Brazzaville,Nettoyage & Blanchisserie,CDD,,,,Employé de Balanchissement  Secteur : Nettoyage & Blanchisserie.
JOB250001093,Representant Aéroport,AL OTHMAN REAL ESTATE GROUP,Brazzaville,"Tourisme, Loisirs & Voyages",CDD,,,,"Representant Aéroport  Secteur : Tourisme, Loisirs & Voyages."
JOB250001094,Maître-nageur,AL OTHMAN REAL ESTATE GROUP,Brazzaville,"Tourisme, Loisirs & Voyages",CDD,,,,"Maître-nageur Secteur : Tourisme, Loisirs & Voyages."
JOB250001095,SERVEUR,AL OTHMAN REAL ESTATE GROUP,Brazzaville,Hôtellerie - Restauration,CDD,,,,SERVEUR  Secteur : Hôtellerie - Restauration.
JOB250001097,HOTE,AL OTHMAN REAL ESTATE GROUP,Brazzaville,Hôtellerie - Restauration,CDD,,,,HOTE Secteur : Hôtellerie - Restauration.
JOB250001098,Representant Aéroport,AL OTHMAN REAL ESTATE GROUP,Brazzaville,"Tourisme, Loisirs & Voyages",CDD,,,,"Representant Aéroport  Secteur : Tourisme, Loisirs & Voyages."
JOB250001099,PLOMBIER,AL OTHMAN REAL ESTATE GROUP,Brazzaville,Hôtellerie - Restauration,CDD,,,,PLOMBIER Secteur : Hôtellerie - Restauration.
JOB250001100,Employé des Vestiares,AL OTHMAN REAL ESTATE GROUP,Brazzaville,Nettoyage & Blanchisserie,CDD,,,,Employé des Vestiares  Secteur : Nettoyage & Blanchisserie.
JOB250001101,Agent de Buanderie,AL OTHMAN REAL ESTATE GROUP,Brazzaville,Nettoyage & Blanchisserie,CDD,,,,Agent de Buanderie  Secteur : Nettoyage & Blanchisserie.
JOB250001102,Coordinateur Commerciale & Marketing,AL OTHMAN REAL ESTATE GROUP,Brazzaville,"Commerce, Vente, Marketing & Distribution",CDD,,,vente,"Coordinateur Commerciale & Marketing  Secteur : Commerce, Vente, Marketing & Distribution."
JOB250001103,COORDINATEUR GROUPES & ÉVÉNEMENTS,AL OTHMAN REAL ESTATE GROUP,Brazzaville,"Communication, Médias & Événementiel",CDD,,,,"COORDINATEUR GROUPES & ÉVÉNEMENTS  Secteur : Communication, Médias & Événementiel."
JOB250001104,SUPERVISEUR DE CONTRÔLE DES COÛTS,AL OTHMAN REAL ESTATE GROUP,Brazzaville,Hôtellerie - Restauration,CDD,,,,SUPERVISEUR DE CONTRÔLE DES COÛTS  Secteur : Hôtellerie - Restauration.
JOB250001105,AUDITEUR DES REVENUS,AL OTHMAN REAL ESTATE GROUP,Brazzaville,"Finance, Banque, Assurance, Comptabilité & Fiscalité",CDD,,,comptabilité; fiscalité,"AUDITEUR DES REVENUS  Secteur : Finance, Banque, Assurance, Comptabilité & Fiscalité."
JOB250001106,SUPERVISEUR DE LA PAIE,AL OTHMAN REAL ESTATE GROUP,Brazzaville,"Finance, Banque, Assurance, Comptabilité & Fiscalité",CDD,,,comptabilité; fiscalité; paie,"SUPERVISEUR DE LA PAIE  Secteur : Finance, Banque, Assurance, Comptabilité & Fiscalité."
JOB250001107,CAISSIER GENERAL,AL OTHMAN REAL ESTATE GROUP,Brazzaville,"Finance, Banque, Assurance, Comptabilité & Fiscalité",CDD,,,comptabilité; fiscalité,"CAISSIER GENERAL  Secteur : Finance, Banque, Assurance, Comptabilité & Fiscalité."
JOB250001108,SUPERVISEUR COMPTES FOURNISSEURS,AL OTHMAN REAL ESTATE GROUP,Brazzaville,"Finance, Banque, Assurance, Comptabilité & Fiscalité",CDD,,,comptabilité; fiscalité,"SUPERVISEUR COMPTES FOURNISSEURS  Secteur : Finance, Banque, Assurance, Comptabilité & Fiscalité."
JOB250001109,SUPERVISEUR COMPTES CLIENTS,AL OTHMAN REAL ESTATE GROUP,Brazzaville,"Finance, Banque, Assurance, Comptabilité & Fiscalité",CDD,,,comptabilité; fiscalité,"SUPERVISEUR COMPTES CLIENTS  Secteur : Finance, Banque, Assurance, Comptabilité & Fiscalité."
JOB250001110,Chauffeur,AL OTHMAN REAL ESTATE GROUP,Brazzaville,"Transport, Logistique & Supply Chain",CDD,,,supply chain,"Chauffeur  Secteur : Transport, Logistique & Supply Chain."
JOB250001176,Demi-chef de partie,AL OTHMAN REAL ESTATE GROUP,Brazzaville,Hôtellerie - Restauration,CDD,,,,Demi-chef de partie Secteur : Hôtellerie - Restauration.
JOB250001184,Barman,AL OTHMAN REAL ESTATE GROUP,Brazzaville,Hôtellerie - Restauration,CDD,,,,Barman Secteur : Hôtellerie - Restauration.
JOB250001185,Responsable de restaurant,AL OTHMAN REAL ESTATE GROUP,Brazzaville,Hôtellerie - Restauration,CDD,,,,Responsable de restaurant  Secteur : Hôtellerie - Restauration.
JOB250001187,Superviseur de banquet,AL OTHMAN REAL ESTATE GROUP,Brazzaville,Hôtellerie - Restauration,CDD,,,,Superviseur de banquet Secteur : Hôtellerie - Restauration.
JOB250001189,Coordonnateur restauration,AL OTHMAN REAL ESTATE GROUP,Brazzaville,Hôtellerie - Restauration,CDD,,,,Coordonnateur restauration Secteur : Hôtellerie - Restauration.
JOB250001279,Directeur Général,AL OTHMAN REAL ESTATE GROUP,Brazzaville,Gestion Administrative,CDD,,,gestion administrative,Directeur Général Secteur : Gestion Administrative.
JOB250001280,DIRECTEUR COMMERCIAL & MARKETING,AL OTHMAN REAL ESTATE GROUP,Brazzaville,"Commerce, Vente, Marketing & Distribution",CDD,,,vente,"DIRECTEUR COMMERCIAL & MARKETING  Secteur : Commerce, Vente, Marketing & Distribution."
JOB250001281,DIRECTEUR FINANCIER,AL OTHMAN REAL ESTATE GROUP,Brazzaville,Hôtellerie - Restauration,CDD,,,,DIRECTEUR FINANCIER  Secteur : Hôtellerie - Restauration.
JOB250001282,DIRECTEUR COMMERCIAL & MARKETING,AL OTHMAN REAL ESTATE GROUP,Brazzaville,Hôtellerie - Restauration,CDD,,,,DIRECTEUR COMMERCIAL & MARKETING  Secteur : Hôtellerie - Restauration.
JOB250001288,DIRECTEUR DES REVENUS,AL OTHMAN REAL ESTATE GROUP,Brazzaville,Hôtellerie - Restauration,CDD,,,,DIRECTEUR DES REVENUS  Secteur : Hôtellerie - Restauration.
JOB250001289,ASSISTANT DE DIRECTION GÉNÉRALE,AL OTHMAN REAL ESTATE GROUP,Brazzaville,Hôtellerie - Restauration,CDD,,,,ASSISTANT DE DIRECTION GÉNÉRALE  Secteur : Hôtellerie - Restauration.
JOB250001290,DIRECTEUR DES REVENUS,AL OTHMAN REAL ESTATE GROUP,Brazzaville,Hôtellerie - Restauration,CDD,,,,DIRECTEUR DES REVENUS  Secteur : Hôtellerie - Restauration.
JOB250001291,DIRECTEUR D’HÔTEL,AL OTHMAN REAL ESTATE GROUP,Brazzaville,Hôtellerie - Restauration,CDD,,,,DIRECTEUR D’HÔTEL  Secteur : Hôtellerie - Restauration.
JOB250001292,DIRECTEUR DES RESSOURCES HUMAINES,AL OTHMAN REAL ESTATE GROUP,Brazzaville,Hôtellerie - Restauration,CDD,,,,DIRECTEUR DES RESSOURCES HUMAINES Secteur : Hôtellerie - Restauration.
JOB250001293,DIRECTEUR TECHNIQUE,AL OTHMAN REAL ESTATE GROUP,Brazzaville,Hôtellerie - Restauration,CDD,,,,DIRECTEUR TECHNIQUE  Secteur : Hôtellerie - Restauration.
JOB250001294,DIRECTEURFORMATION & QUALITÉ,AL OTHMAN REAL ESTATE GROUP,Brazzaville,Hôtellerie - Restauration,CDD,,,,DIRECTEURFORMATION & QUALITÉ  Secteur : Hôtellerie - Restauration.
JOB250001444,RESPONSABLE HYGIÈNE,AL OTHMAN REAL ESTATE GROUP,Brazzaville,Hôtellerie - Restauration,CDD,,,,RESPONSABLE HYGIÈNE  Secteur : Hôtellerie - Restauration.
JOB250001445,ASSISTANT DU DIRECTEUR FINANCIER,AL OTHMAN REAL ESTATE GROUP,Brazzaville,Gestion Administrative,CDI,,,gestion administrative,ASSISTANT DU DIRECTEUR FINANCIER  Secteur : Gestion Administrative.
JOB250001446,RESPONSABLE DES ACHATS,AL OTHMAN REAL ESTATE GROUP,Brazzaville,"Transport, Logistique & Supply Chain",CDD,,,supply chain,"RESPONSABLE DES ACHATS  Secteur : Transport, Logistique & Supply Chain."
JOB250001447,DIRECTEUR DES GROUPES ET ÉVÉNEMENTS,AL OTHMAN REAL ESTATE GROUP,Brazzaville,Hôtellerie - Restauration,CDD,,,,DIRECTEUR DES GROUPES ET ÉVÉNEMENTS  Secteur : Hôtellerie - Restauration.
JOB250001448,"DIRECTEURMARKETING, RELATIONS PUBLIQUES ET COMMUNICATION",AL OTHMAN REAL ESTATE GROUP,Brazzaville,"Commerce, Vente, Marketing & Distribution",CDD,,,vente,"DIRECTEURMARKETING, RELATIONS PUBLIQUES ET COMMUNICATION  Secteur : Commerce, Vente, Marketing & Distribution."
JOB250001449,RESPONSABLE RÉCEPTION,AL OTHMAN REAL ESTATE GROUP,Brazzaville,Hôtellerie - Restauration,CDD,,,,RESPONSABLE RÉCEPTION  Secteur : Hôtellerie - Restauration.
JOB250001450,RESPONSABLE E-COMMERCE,AL OTHMAN REAL ESTATE GROUP,Brazzaville,Hôtellerie - Restauration,CDD,,,,RESPONSABLE E-COMMERCE  Secteur : Hôtellerie - Restauration.
JOB250001451,CHEF EXÉCUTIF,AL OTHMAN REAL ESTATE GROUP,Brazzaville,Hôtellerie - Restauration,CDD,,,,CHEF EXÉCUTIF  Secteur : Hôtellerie - Restauration.
JOB250001452,DIRECTEUR DE LA RESTAURATION,AL OTHMAN REAL ESTATE GROUP,Brazzaville,Hôtellerie - Restauration,CDD,,,,DIRECTEUR DE LA RESTAURATION  Secteur : Hôtellerie - Restauration.
JOB250001453,RESPONSABLE RÉSERVATIONS,AL OTHMAN REAL ESTATE GROUP,Brazzaville,Hôtellerie - Restauration,CDD,,,,RESPONSABLE RÉSERVATIONS  Secteur : Hôtellerie - Restauration.
JOB250001454,Gouvernant Général,AL OTHMAN REAL ESTATE GROUP,Brazzaville,Hôtellerie - Restauration,CDD,,,,Gouvernant Général Secteur : Hôtellerie - Restauration.
JOB250001455,RESPONSABLE SPA,AL OTHMAN REAL ESTATE GROUP,Brazzaville,Hôtellerie - Restauration,CDD,,,,RESPONSABLE SPA  Secteur : Hôtellerie - Restauration.
JOB250001456,RESPONSABLE LOISIRS,AL OTHMAN REAL ESTATE GROUP,Brazzaville,Hôtellerie - Restauration,CDD,,,,RESPONSABLE LOISIRS  Secteur : Hôtellerie - Restauration.
JOB250001457,RESPONSABLE INFORMATIQUE,AL OTHMAN REAL ESTATE GROUP,Brazzaville,Hôtellerie - Restauration,CDD,,,,RESPONSABLE INFORMATIQUE  Secteur : Hôtellerie - Restauration.
JOB250001458,RESPONSABLE SÉCURITÉ,AL OTHMAN REAL ESTATE GROUP,Brazzaville,Hôtellerie - Restauration,CDD,,,,RESPONSABLE SÉCURITÉ  Secteur : Hôtellerie - Restauration.
JOB250001459,RESPONSABLE RESSOURCES HUMAINES,AL OTHMAN REAL ESTATE GROUP,Brazzaville,"Conseil, Stratégie & Gestion des Ressources Humaines",CDD,,,gestion des ressources humaines,"RESPONSABLE RESSOURCES HUMAINES  Secteur : Conseil, Stratégie & Gestion des Ressources Humaines."
JOB250001460,ASSISTANT DIRECTEUR TECHNIQUE,AL OTHMAN REAL ESTATE GROUP,Brazzaville,"Énergie, Environnement & Eau",CDD,,,,"ASSISTANT DIRECTEUR TECHNIQUE  Secteur : Énergie, Environnement & Eau."
JOB250001594,RESPONSABLE GROUPES & ÉVÉNEMENTS,AL OTHMAN REAL ESTATE GROUP,Brazzaville,Hôtellerie - Restauration,CDD,,,,RESPONSABLE GROUPES & ÉVÉNEMENTS  Secteur : Hôtellerie - Restauration.
JOB250001595,RESPONSABLE COMMERCIAL,AL OTHMAN REAL ESTATE GROUP,Brazzaville,Hôtellerie - Restauration,CDD,,,,RESPONSABLE COMMERCIAL  Secteur : Hôtellerie - Restauration.
JOB250001596,CHEF EXÉCUTIF PÂTISSIER,AL OTHMAN REAL ESTATE GROUP,Brazzaville,Hôtellerie - Restauration,CDD,,,,CHEF EXÉCUTIF PÂTISSIER  Secteur : Hôtellerie - Restauration.
JOB250001597,FICHE DE POSTE – SOUS-CHEF EXÉCUTIF,AL OTHMAN REAL ESTATE GROUP,Brazzaville,Hôtellerie - Restauration,CDD,,,,FICHE DE POSTE – SOUS-CHEF EXÉCUTIF  Secteur : Hôtellerie - Restauration.
JOB250001598,FICHE DE POSTE – CHEF DE CUISINE,AL OTHMAN REAL ESTATE GROUP,Brazzaville,Hôtellerie - Restauration,CDD,,,cuisine,FICHE DE POSTE – CHEF DE CUISINE  Secteur : Hôtellerie - Restauration.
JOB250001599,CHEF BOULANGER,AL OTHMAN REAL ESTATE GROUP,Brazzaville,Hôtellerie - Restauration,CDD,,,,CHEF BOULANGER  Secteur : Hôtellerie - Restauration.
JOB250001600,SOUS-CHEF CUISINE & PÂTISSERIE,AL OTHMAN REAL ESTATE GROUP,Brazzaville,Hôtellerie - Restauration,CDD,,,cuisine; pâtisserie,SOUS-CHEF CUISINE & PÂTISSERIE  Secteur : Hôtellerie - Restauration.
JOB250001601,CHEF DE BANQUET,AL OTHMAN REAL ESTATE GROUP,Brazzaville,Hôtellerie - Restauration,CDD,,,,CHEF DE BANQUET  Secteur : Hôtellerie - Restauration.
JOB250001603,RESPONSABLE DE RESTAURANT,AL OTHMAN REAL ESTATE GROUP,Brazzaville,Hôtellerie - Restauration,CDD,,,,RESPONSABLE DE RESTAURANT  Secteur : Hôtellerie - Restauration.
JOB250001604,RESPONSABLE BAR,AL OTHMAN REAL ESTATE GROUP,Brazzaville,Hôtellerie - Restauration,CDD,,,,RESPONSABLE BAR  Secteur : Hôtellerie - Restauration.
JOB250001605,RESPONSABLE ROOM SERVICE,AL OTHMAN REAL ESTATE GROUP,Brazzaville,Hôtellerie - Restauration,CDD,,,,RESPONSABLE ROOM SERVICE  Secteur : Hôtellerie - Restauration.
JOB250001606,RESPONSABLE BANQUET,AL OTHMAN REAL ESTATE GROUP,Brazzaville,Hôtellerie - Restauration,CDD,,,,RESPONSABLE BANQUET  Secteur : Hôtellerie - Restauration.
JOB250001607,ASSISTANT RESPONSABLE DE RESTAURANT,AL OTHMAN REAL ESTATE GROUP,Brazzaville,Hôtellerie - Restauration,CDD,,,,ASSISTANT RESPONSABLE DE RESTAURANT  Secteur : Hôtellerie - Restauration.
JOB250001608,ASSISTANT RESPONSABLE BANQUET,AL OTHMAN REAL ESTATE GROUP,Brazzaville,Hôtellerie - Restauration,CDD,,,,ASSISTANT RESPONSABLE BANQUET  Secteur : Hôtellerie - Restauration.
JOB250001609,ASSISTANT RESPONSABLE DE LA RÉCEPTION,AL OTHMAN REAL ESTATE GROUP,Brazzaville,Hôtellerie - Restauration,CDD,,,,ASSISTANT RESPONSABLE DE LA RÉCEPTION  Secteur : Hôtellerie - Restauration.
JOB250001610,RESPONSABLE DE GARDE,AL OTHMAN REAL ESTATE GROUP,Brazzaville,Hôtellerie - Restauration,CDD,,,,RESPONSABLE DE GARDE  Secteur : Hôtellerie - Restauration.
JOB250001611,RESPONSABLE DE NUIT,AL OTHMAN REAL ESTATE GROUP,Brazzaville,Hôtellerie - Restauration,CDD,,,,RESPONSABLE DE NUIT  Secteur : Hôtellerie - Restauration.
JOB250001612,CHEF CONCIERGE,AL OTHMAN REAL ESTATE GROUP,Brazzaville,Hôtellerie - Restauration,CDD,,,,CHEF CONCIERGE  Secteur : Hôtellerie - Restauration.
JOB250001613,RESPONSABLE DES RELATIONS CLIENTS,AL OTHMAN REAL ESTATE GROUP,Brazzaville,Hôtellerie - Restauration,CDD,,,,RESPONSABLE DES RELATIONS CLIENTS  Secteur : Hôtellerie - Restauration.
JOB250001614,RESPONSABLE DU SERVICE ÉTAGES,AL OTHMAN REAL ESTATE GROUP,Brazzaville,Hôtellerie - Restauration,CDD,,,,RESPONSABLE DU SERVICE ÉTAGES  Secteur : Hôtellerie - Restauration.
JOB250001615,RESPONSABLE DE LA BUANDERIE,AL OTHMAN REAL ESTATE GROUP,Brazzaville,Hôtellerie - Restauration,CDD,,,,RESPONSABLE DE LA BUANDERIE  Secteur : Hôtellerie - Restauration.
JOB250001616,ASSISTANT RESPONSABLE SPA,AL OTHMAN REAL ESTATE GROUP,Brazzaville,Hôtellerie - Restauration,CDD,,,,ASSISTANT RESPONSABLE SPA  Secteur : Hôtellerie - Restauration.
JOB250001617,ASSISTANT RESPONSABLE INFORMATIQUE,AL OTHMAN REAL ESTATE GROUP,Brazzaville,Hôtellerie - Restauration,CDD,,,,ASSISTANT RESPONSABLE INFORMATIQUE  Secteur : Hôtellerie - Restauration.
JOB250001618,ASSISTANT RESPONSABLE SÉCURITÉ,AL OTHMAN REAL ESTATE GROUP,Brazzaville,Hôtellerie - Restauration,CDD,,,,ASSISTANT RESPONSABLE SÉCURITÉ  Secteur : Hôtellerie - Restauration.
JOB250001619,INGÉNIEUR DE GARDE,AL OTHMAN REAL ESTATE GROUP,Brazzaville,Hôtellerie - Restauration,CDD,,,,INGÉNIEUR DE GARDE  Secteur : Hôtellerie - Restauration.
JOB250002553,Responsable restauration,AL OTHMAN REAL ESTATE GROUP,Brazzaville,Hôtellerie - Restauration,CDI,,,,Responsable restauration Secteur : Hôtellerie - Restauration.
NONREF000237,Stagiaire QHSE,ALC INDUSTRIES,Pointe-Noire,"Assurance Qualité, Contrôle, Testing (QHSE)",CDD,,,qhse,"Stagiaire QHSE Secteur : Assurance Qualité, Contrôle, Testing (QHSE)."
NONREF000068,Chauffeur mécanicien,ALC INDUSTRIES SARL,Pointe-Noire,"Industrie, Production & Maintenance",CDD,,,,"Chauffeur mécanicien Secteur : Industrie, Production & Maintenance."
JOB250002667,Chargé Ressources Humaines,ALKHORAYEF PETROLEUM CO,Pointe-Noire,"Conseil, Stratégie & Gestion des Ressources Humaines",CDD,,,gestion des ressources humaines,"Chargé Ressources Humaines Secteur : Conseil, Stratégie & Gestion des Ressources Humaines."
JOB250002668,Superviseur en Approvisionnement Gestion des Stocks et Achats,ALKHORAYEF PETROLEUM CO,Pointe-Noire,"Transport, Logistique & Supply Chain",CDD,,,supply chain,"Superviseur en Approvisionnement Gestion des Stocks et Achats Secteur : Transport, Logistique & Supply Chain."
JOB250002677,Ingénieur ESP,ALKHORAYEF PETROLEUM CO,Pointe-Noire,"Énergie, Environnement & Eau",CDD,,,,"Ingénieur ESP Secteur : Énergie, Environnement & Eau."
JOB250002679,Directeur Général,ALKHORAYEF PETROLEUM CO,Pointe-Noire,"Conseil, Stratégie & Gestion des Ressources Humaines",CDD,,,gestion des ressources humaines,"Directeur Général Secteur : Conseil, Stratégie & Gestion des Ressources Humaines."
NONREF000401,Technicien de Maintenance de Pompes Submersibles Electriques,ALKHORAYEF PETROLEUM CO,Pointe-Noire,"Énergie, Environnement & Eau",CDD,,,,"Technicien de Maintenance de Pompes Submersibles Electriques Secteur : Énergie, Environnement & Eau."
JOB250002024,COORDONNATEUR QHSE,ALPHA OMEGA,Pointe-Noire,"Assurance Qualité, Contrôle, Testing (QHSE)",CDI,,,qhse,"COORDONNATEUR QHSE Secteur : Assurance Qualité, Contrôle, Testing (QHSE)."
JOB250002225,Graisseur,ALPORT POINTE NOIRE,Pointe-Noire,"Bâtiment, Travaux Publics & Aménagement du Territoire",CDD,,,,"Graisseur Secteur : Bâtiment, Travaux Publics & Aménagement du Territoire."
JOB250002230,Capitaines de Remorqueurs (500 UMS),ALPORT POINTE NOIRE,Pointe-Noire,"Transport, Logistique & Supply Chain",CDD,,,supply chain,"Capitaines de Remorqueurs (500 UMS) Secteur : Transport, Logistique & Supply Chain."
NONREF000184,Opérateurs radio haute Fréq,ALPORT POINTE-NOIRE,Pointe-Noire,"Transport, Logistique & Supply Chain",CDD,,,supply chain,"Opérateurs radio haute Fréq Secteur : Transport, Logistique & Supply Chain."
NONREF000238,Statisticien,ALPORT POINTE-NOIRE,Pointe-Noire,"Transport, Logistique & Supply Chain",CDD,,,supply chain,"Statisticien Secteur : Transport, Logistique & Supply Chain."
JOB250002070,Technicien biomedical,ALTHEA SARL,Brazzaville,"Santé, Pharmacie & Recherche Scientifique",CDD,,,pharmacie,"Technicien biomedical Secteur : Santé, Pharmacie & Recherche Scientifique."
JOB250002092,Administratif d'atelier technique,ALTHEA SARL,Brazzaville,"Conseil, Stratégie & Gestion des Ressources Humaines",CDD,,,gestion des ressources humaines,"Administratif d'atelier technique Secteur : Conseil, Stratégie & Gestion des Ressources Humaines."
JOB250002129,SECRETAIRE DE DIRECTION,ALTHEA SARL,Brazzaville,"Conseil, Stratégie & Gestion des Ressources Humaines",CDD,,,gestion des ressources humaines,"SECRETAIRE DE DIRECTION  Secteur : Conseil, Stratégie & Gestion des Ressources Humaines."
JOB250002131,Technicien biomedical,ALTHEA SARL,Pointe-Noire,"Santé, Pharmacie & Recherche Scientifique",CDD,,,pharmacie,"Technicien biomedical Secteur : Santé, Pharmacie & Recherche Scientifique."
JOB250002132,Technicien biomedical,ALTHEA SARL,Dolisie,"Santé, Pharmacie & Recherche Scientifique",CDD,,,pharmacie,"Technicien biomedical Secteur : Santé, Pharmacie & Recherche Scientifique."
JOB250002133,Technicien biomedical,ALTHEA SARL,Oyo,"Santé, Pharmacie & Recherche Scientifique",CDD,,,pharmacie,"Technicien biomedical Secteur : Santé, Pharmacie & Recherche Scientifique."
JOB250002134,Technicien biomedical,ALTHEA SARL,Owando,"Santé, Pharmacie & Recherche Scientifique",CDD,,,pharmacie,"Technicien biomedical Secteur : Santé, Pharmacie & Recherche Scientifique."
JOB250002135,Administratif d'atelier technique,ALTHEA SARL,Pointe-Noire,"Conseil, Stratégie & Gestion des Ressources Humaines",CDD,,,gestion des ressources humaines,"Administratif d'atelier technique Secteur : Conseil, Stratégie & Gestion des Ressources Humaines."
JOB250002136,Administratif d'atelier technique,ALTHEA SARL,Dolisie,"Conseil, Stratégie & Gestion des Ressources Humaines",CDD,,,gestion des ressources humaines,"Administratif d'atelier technique Secteur : Conseil, Stratégie & Gestion des Ressources Humaines."
JOB250002137,Administratif d'atelier technique,ALTHEA SARL,Oyo,"Conseil, Stratégie & Gestion des Ressources Humaines",CDD,,,gestion des ressources humaines,"Administratif d'atelier technique Secteur : Conseil, Stratégie & Gestion des Ressources Humaines."
JOB250002138,Administratif d'atelier technique,ALTHEA SARL,Owando,"Conseil, Stratégie & Gestion des Ressources Humaines",CDD,,,gestion des ressources humaines,"Administratif d'atelier technique Secteur : Conseil, Stratégie & Gestion des Ressources Humaines."
JOB250002139,Employé administratif,ALTHEA SARL,Brazzaville,"Conseil, Stratégie & Gestion des Ressources Humaines",CDD,,,gestion des ressources humaines,"Employé administratif Secteur : Conseil, Stratégie & Gestion des Ressources Humaines."
NONREF000109,Conseillers de ventes,ALUCONGO,Pointe-Noire,"Industrie, Production & Maintenance",CDI,,,,"Conseillers de ventes Secteur : Industrie, Production & Maintenance."
NONREF000113,Coursier en Moto,ALUCONGO,Pointe-Noire,"Industrie, Production & Maintenance",CDD,,,,"Coursier en Moto Secteur : Industrie, Production & Maintenance."
NONREF000215,Responsable logistique,ALUCONGO,Pointe-Noire,"Industrie, Production & Maintenance",CDD,,,,"Responsable logistique Secteur : Industrie, Production & Maintenance."
NONREF000246,Technico-commercial B to B,ALUCONGO,Pointe-Noire,"Industrie, Production & Maintenance",CDD,,,,"Technico-commercial B to B Secteur : Industrie, Production & Maintenance."
JOB250001249,DIRECTEUR TECHNIQUE,AMMAT GLOBAL RESSOURCES SAU,Pointe-Noire,"Pétrole, Gaz & Hydrocarbures",CDD,,,,"DIRECTEUR TECHNIQUE Secteur : Pétrole, Gaz & Hydrocarbures."
JOB250002614,Acheteur,AMMAT GLOBAL RESSOURCES SAU,Pointe-Noire,Agriculture & Industrie Agroalimentaire,CDD,,,,Acheteur Secteur : Agriculture & Industrie Agroalimentaire.
JOB250002618,Superviseur de puits,AMMAT GLOBAL RESSOURCES SAU,Pointe-Noire,"Pétrole, Gaz & Hydrocarbures",CDD,,,,"Superviseur de puits Secteur : Pétrole, Gaz & Hydrocarbures."
JOB250002627,Responsable Achat,AMMAT GLOBAL RESSOURCES SAU,Pointe-Noire,"Pétrole, Gaz & Hydrocarbures",CDI,,,,"Responsable Achat Secteur : Pétrole, Gaz & Hydrocarbures."
NONREF000396,Chauffeur,ANAO SARL,Brazzaville,"Transport, Logistique & Supply Chain",CDD,,,supply chain,"Chauffeur Secteur : Transport, Logistique & Supply Chain."
NONREF000003,Agent Adm ou employé de Bu,ARCONS,Pointe-Noire,"Énergie, Environnement & Eau",CDD,,,,"Agent Adm ou employé de Bu Secteur : Énergie, Environnement & Eau."
NONREF000007,Agent de liaison Pou Planton,ARCONS,Pointe-Noire,"Énergie, Environnement & Eau",CDD,,,,"Agent de liaison Pou Planton Secteur : Énergie, Environnement & Eau."
JOB250000937,CHARGE DES OPERATIONS DE LEVAGE,ARD CONGO,Pointe-Noire,"Industrie, Production & Maintenance",CDD,,,,"CHARGE DES OPERATIONS DE LEVAGE Secteur : Industrie, Production & Maintenance."
JOB250001699,Soudeur,ARD CONGO,Pointe-Noire,"Industrie, Production & Maintenance",CDD,,,,"Soudeur Secteur : Industrie, Production & Maintenance."
JOB250001926,Agent voyage,AREVA,Brazzaville,"Tourisme, Loisirs & Voyages",CDD,,,,"Agent voyage Secteur : Tourisme, Loisirs & Voyages."
JOB250001521,RESPONSABLE ADMINISTRATIF ET COMMERCIALE,ARI (asphalt and road international),Brazzaville,"Bâtiment, Travaux Publics & Aménagement du Territoire",CDD,,,,"RESPONSABLE ADMINISTRATIF ET COMMERCIALE  Secteur : Bâtiment, Travaux Publics & Aménagement du Territoire."
JOB250001523,Assistant Ressources Humaines,ARI (asphalt and road international),Brazzaville,"Bâtiment, Travaux Publics & Aménagement du Territoire",CDD,,,,"Assistant Ressources Humaines Secteur : Bâtiment, Travaux Publics & Aménagement du Territoire."
JOB250001525,Chauffeur,ARI (asphalt and road international),Brazzaville,"Bâtiment, Travaux Publics & Aménagement du Territoire",CDD,,,,"Chauffeur  Secteur : Bâtiment, Travaux Publics & Aménagement du Territoire."
JOB250001526,COMPTABLE FISCALISTE,ARI (asphalt and road international),Brazzaville,"Bâtiment, Travaux Publics & Aménagement du Territoire",CDD,,,,"COMPTABLE FISCALISTE Secteur : Bâtiment, Travaux Publics & Aménagement du Territoire."
JOB250001813,TECHNICIENNE DE SURFACE,ARI (asphalt and road international),Brazzaville,Nettoyage & Blanchisserie,CDD,,,,TECHNICIENNE DE SURFACE Secteur : Nettoyage & Blanchisserie.
JOB250002313,COMPTABLE FISCALISTE,ARI (asphalt and road international),Pointe-Noire,"Finance, Banque, Assurance, Comptabilité & Fiscalité",CDD,,,comptabilité; fiscalité,"COMPTABLE FISCALISTE Secteur : Finance, Banque, Assurance, Comptabilité & Fiscalité."
JOB250002788,Conducteur d' Asphalt-Batch Mixing Plant-(Usine mobile,ARI (asphalt and road international),Brazzaville,"Bâtiment, Travaux Publics & Aménagement du Territoire",CDD,,,,"Conducteur d' Asphalt-Batch Mixing Plant-(Usine mobile Secteur : Bâtiment, Travaux Publics & Aménagement du Territoire."
JOB250002790,Conducteur de skid steer Loader (chargeuse compacte- XCMG XC7-SL30),ARI (asphalt and road international),Brazzaville,"Bâtiment, Travaux Publics & Aménagement du Territoire",CDD,,,,"Conducteur de skid steer Loader (chargeuse compacte- XCMG XC7-SL30) Secteur : Bâtiment, Travaux Publics & Aménagement du Territoire."
JOB250002831,Conducteur de Rouleau Compresseur Double Tambour (XCMG XD103& XD120),ARI (asphalt and road international),Brazzaville,"Bâtiment, Travaux Publics & Aménagement du Territoire",CDD,,,,"Conducteur de Rouleau Compresseur Double Tambour (XCMG XD103& XD120) Secteur : Bâtiment, Travaux Publics & Aménagement du Territoire."
JOB250001916,ASSISTANT RECOUVREMENT,ARPCE,Brazzaville,"Finance, Banque, Assurance, Comptabilité & Fiscalité",CDI,,,comptabilité; fiscalité,"ASSISTANT RECOUVREMENT Secteur : Finance, Banque, Assurance, Comptabilité & Fiscalité."
JOB250001935,ASSISTANT CONTRATS,ARPCE,Brazzaville,Autorité de Régulation,CDI,,,,ASSISTANT CONTRATS Secteur : Autorité de Régulation.
JOB250002608,ASSISTANT CONTRATS,ARPCE,Brazzaville,Autorité de Régulation,CDI,,,,ASSISTANT CONTRATS Secteur : Autorité de Régulation.
JOB250002610,ASSISTANT AFFAIRES INTERNATIONALES EN CHARGE SUIVI DU SECTEUR DES COMMUNICATION ELECTRONIQUES,ARPCE,Brazzaville,Autorité de Régulation,CDI,,,,ASSISTANT AFFAIRES INTERNATIONALES EN CHARGE SUIVI DU SECTEUR DES COMMUNICATION ELECTRONIQUES Secteur : Autorité de Régulation.
JOB250001194,PROFESSEUR DES ECOLES,Association des Parents d'Elèves de l'Ecole Saint Exupéry (Lycée International Français Saint Exupéry),Brazzaville,"Éducation, Formation & Enseignement",CDD,,,enseignement,"PROFESSEUR DES ECOLES Secteur : Éducation, Formation & Enseignement."
JOB250001195,PROFESSEUR D’HISTOIRE ET GÉOGRAPHIE,Association des Parents d'Elèves de l'Ecole Saint Exupéry (Lycée International Français Saint Exupéry),Brazzaville,"Éducation, Formation & Enseignement",CDD,,,enseignement,"PROFESSEUR D’HISTOIRE ET GÉOGRAPHIE Secteur : Éducation, Formation & Enseignement."
JOB250001196,PROFESSEUR DE PHILOSOPHIE,Association des Parents d'Elèves de l'Ecole Saint Exupéry (Lycée International Français Saint Exupéry),Brazzaville,"Éducation, Formation & Enseignement",CDD,,,enseignement,"PROFESSEUR DE PHILOSOPHIE Secteur : Éducation, Formation & Enseignement."
JOB250001197,PROFESSEUR D’ESPAGNOL,Association des Parents d'Elèves de l'Ecole Saint Exupéry (Lycée International Français Saint Exupéry),Brazzaville,"Éducation, Formation & Enseignement",CDD,,,enseignement,"PROFESSEUR D’ESPAGNOL Secteur : Éducation, Formation & Enseignement."
JOB250001198,PROFESSEUR D’EDUCATION PHYSIQUE ET SPORTIVE,Association des Parents d'Elèves de l'Ecole Saint Exupéry (Lycée International Français Saint Exupéry),Brazzaville,"Éducation, Formation & Enseignement",CDD,,,enseignement,"PROFESSEUR D’EDUCATION PHYSIQUE ET SPORTIVE Secteur : Éducation, Formation & Enseignement."
JOB250001199,PROFESSEUR D’EDUCATION PHYSIQUE ET SPORTIVE POUR L’ÉCOLE PRIMAIRE,Association des Parents d'Elèves de l'Ecole Saint Exupéry (Lycée International Français Saint Exupéry),Brazzaville,"Éducation, Formation & Enseignement",CDD,,,enseignement,"PROFESSEUR D’EDUCATION PHYSIQUE ET SPORTIVE POUR L’ÉCOLE PRIMAIRE Secteur : Éducation, Formation & Enseignement."
JOB250001200,PROFESSEUR D’ANGLAISNATIVE SPEAKER (LANGUE MATERNELLE),Association des Parents d'Elèves de l'Ecole Saint Exupéry (Lycée International Français Saint Exupéry),Brazzaville,"Éducation, Formation & Enseignement",CDD,,,enseignement,"PROFESSEUR D’ANGLAISNATIVE SPEAKER (LANGUE MATERNELLE) Secteur : Éducation, Formation & Enseignement."
JOB250001201,PROFESSEUR D’ANGLAIS,Association des Parents d'Elèves de l'Ecole Saint Exupéry (Lycée International Français Saint Exupéry),Brazzaville,"Éducation, Formation & Enseignement",CDD,,,enseignement,"PROFESSEUR D’ANGLAIS Secteur : Éducation, Formation & Enseignement."
JOB250001203,ASSISTANT EN RESSOURCES HUMAINES,Association des Parents d'Elèves de l'Ecole Saint Exupéry (Lycée International Français Saint Exupéry),Brazzaville,"Éducation, Formation & Enseignement",CDD,,,enseignement,"ASSISTANT EN RESSOURCES HUMAINES Secteur : Éducation, Formation & Enseignement."
JOB250001205,RESPONSABLE DU SERVICE INFORMATIQUE,Association des Parents d'Elèves de l'Ecole Saint Exupéry (Lycée International Français Saint Exupéry),Brazzaville,"Éducation, Formation & Enseignement",CDD,,,enseignement,"RESPONSABLE DU SERVICE INFORMATIQUE Secteur : Éducation, Formation & Enseignement."
JOB250001206,Assistant de Direction,Association des Parents d'Elèves de l'Ecole Saint Exupéry (Lycée International Français Saint Exupéry),Brazzaville,"Éducation, Formation & Enseignement",CDD,,,enseignement,"Assistant de Direction Secteur : Éducation, Formation & Enseignement."
JOB250001207,RESPONSABLE DES SERVICES TECHNIQUES ET D’ENTRETIEN,Association des Parents d'Elèves de l'Ecole Saint Exupéry (Lycée International Français Saint Exupéry),Brazzaville,"Éducation, Formation & Enseignement",CDD,,,enseignement,"RESPONSABLE DES SERVICES TECHNIQUES ET D’ENTRETIEN Secteur : Éducation, Formation & Enseignement."
JOB250002471,ENSEIGNANT,Association des Parents d'Elèves de l'Ecole Saint Exupéry (Lycée International Français Saint Exupéry),Brazzaville,"Éducation, Formation & Enseignement",CDD,,,enseignement,"ENSEIGNANT Secteur : Éducation, Formation & Enseignement."
JOB250002308,Cuisinier,ATLAS,Pointe-Noire,Hôtellerie - Restauration,CDD,,,,Cuisinier  Secteur : Hôtellerie - Restauration.
NONREF000148,Gestionnaire rh,FONDATION AVSI,Pointe-Noire,"Conseil, Stratégie & Gestion des Ressources Humaines",CDD,,,gestion des ressources humaines,"Gestionnaire rh Secteur : Conseil, Stratégie & Gestion des Ressources Humaines."
JOB250001266,Gestionnaire de Prestation de Services Terrain,BAKER HUGHES ASIA PACIFIC LTD,Pointe-Noire,"Pétrole, Gaz & Hydrocarbures",CDD,,,,"Gestionnaire de Prestation de Services Terrain Secteur : Pétrole, Gaz & Hydrocarbures."
JOB250000986,Chargé d'Affaires TPE (Très Petites Entreprises) & PRO (Professionnels),BANQUE COMMERCIALE INTERNATIONALE,Brazzaville,"Finance, Banque, Assurance, Comptabilité & Fiscalité",CDI,,,comptabilité; fiscalité,"Chargé d'Affaires TPE (Très Petites Entreprises) & PRO (Professionnels) Secteur : Finance, Banque, Assurance, Comptabilité & Fiscalité."
JOB250001514,Commercial B2B,BATIMAT CONGO,Brazzaville,"Bâtiment, Travaux Publics & Aménagement du Territoire",CDD,,,,"Commercial B2B Secteur : Bâtiment, Travaux Publics & Aménagement du Territoire."
JOB250002660,Auditeur Seniors,BDO AUDIT SA,Pointe-Noire,"Finance, Banque, Assurance, Comptabilité & Fiscalité",Stage professionnel,,,comptabilité; fiscalité,"Auditeur Seniors  Secteur : Finance, Banque, Assurance, Comptabilité & Fiscalité."
JOB250002759,Auditeur IT Senior,BDO AUDIT SA,Pointe-Noire,"Finance, Banque, Assurance, Comptabilité & Fiscalité",CDI,,,comptabilité; fiscalité,"Auditeur IT Senior  Secteur : Finance, Banque, Assurance, Comptabilité & Fiscalité."
JOB250001782,Directeur des Opérations du Casino,BETTOMAX SARLU,Pointe-Noire,"Tourisme, Loisirs & Voyages",CDI,,,,"Directeur des Opérations du Casino Secteur : Tourisme, Loisirs & Voyages."
JOB250001783,Directeur des Opérations du Casino,BETTOMAX SARLU,Pointe-Noire,"Tourisme, Loisirs & Voyages",CDI,,,,"Directeur des Opérations du Casino Secteur : Tourisme, Loisirs & Voyages."
JOB250001784,Responsale du Casino,BETTOMAX SARLU,Pointe-Noire,"Tourisme, Loisirs & Voyages",CDI,,,,"Responsale du Casino Secteur : Tourisme, Loisirs & Voyages."
JOB250001785,Responsable Technique du Casino,BETTOMAX SARLU,Pointe-Noire,"Tourisme, Loisirs & Voyages",CDI,,,,"Responsable Technique du Casino Secteur : Tourisme, Loisirs & Voyages."
JOB250001786,Technicien de Jeux,BETTOMAX SARLU,Pointe-Noire,"Tourisme, Loisirs & Voyages",CDI,,,,"Technicien de Jeux Secteur : Tourisme, Loisirs & Voyages."
JOB250001787,Technicien de Jeux,BETTOMAX SARLU,Pointe-Noire,"Tourisme, Loisirs & Voyages",CDI,,,,"Technicien de Jeux Secteur : Tourisme, Loisirs & Voyages."
JOB250001788,Technicien de Jeux,BETTOMAX SARLU,Pointe-Noire,"Tourisme, Loisirs & Voyages",CDI,,,,"Technicien de Jeux Secteur : Tourisme, Loisirs & Voyages."
JOB250000947,Chargéd'affaire corporate,BGFI Bank,Brazzaville,"Finance, Banque, Assurance, Comptabilité & Fiscalité",CDD,,,comptabilité; fiscalité,"Chargéd'affaire corporate  Secteur : Finance, Banque, Assurance, Comptabilité & Fiscalité."
JOB250000948,Chargé de la formalisationdes actes,BGFI Bank,Brazzaville,"Finance, Banque, Assurance, Comptabilité & Fiscalité",CDD,,,comptabilité; fiscalité,"Chargé de la formalisationdes actes  Secteur : Finance, Banque, Assurance, Comptabilité & Fiscalité."
JOB250000949,CAISSIER,BGFI Bank,Brazzaville,"Finance, Banque, Assurance, Comptabilité & Fiscalité",CDD,,,comptabilité; fiscalité,"CAISSIER Secteur : Finance, Banque, Assurance, Comptabilité & Fiscalité."
JOB250000950,Chargé d'affaires Corporate,BGFI Bank,Brazzaville,"Finance, Banque, Assurance, Comptabilité & Fiscalité",CDI,,,comptabilité; fiscalité,"Chargé d'affaires Corporate  Secteur : Finance, Banque, Assurance, Comptabilité & Fiscalité."
JOB250000951,Chargédes apurements monétiques,BGFI Bank,Brazzaville,"Finance, Banque, Assurance, Comptabilité & Fiscalité",CDD,,,comptabilité; fiscalité,"Chargédes apurements monétiques  Secteur : Finance, Banque, Assurance, Comptabilité & Fiscalité."
JOB250000952,chargé des Apurements opérations bancaires,BGFI Bank,Brazzaville,"Finance, Banque, Assurance, Comptabilité & Fiscalité",CDD,,,comptabilité; fiscalité,"chargé des Apurements opérations bancaires Secteur : Finance, Banque, Assurance, Comptabilité & Fiscalité."
JOB250001494,CHARGE DES APUREMENTS OPERATIONS BANCAIRES,BGFI Bank,Brazzaville,"Finance, Banque, Assurance, Comptabilité & Fiscalité",CDD,,,comptabilité; fiscalité,"CHARGE DES APUREMENTS OPERATIONS BANCAIRES  Secteur : Finance, Banque, Assurance, Comptabilité & Fiscalité."
JOB250001496,Chargé des apurements monetiques,BGFI Bank,Brazzaville,"Finance, Banque, Assurance, Comptabilité & Fiscalité",CDD,,,comptabilité; fiscalité,"Chargé des apurements monetiques  Secteur : Finance, Banque, Assurance, Comptabilité & Fiscalité."
JOB250001589,charge de relation clientèlePMI/PME,BGFI Bank,Brazzaville,"Finance, Banque, Assurance, Comptabilité & Fiscalité",CDD,,,comptabilité; fiscalité,"charge de relation clientèlePMI/PME  Secteur : Finance, Banque, Assurance, Comptabilité & Fiscalité."
JOB250001590,charge de relation clientèlePMI/PME,BGFI Bank,Brazzaville,"Finance, Banque, Assurance, Comptabilité & Fiscalité",CDD,,,comptabilité; fiscalité,"charge de relation clientèlePMI/PME  Secteur : Finance, Banque, Assurance, Comptabilité & Fiscalité."
JOB250001662,CHARGE DE LA PAIE,BGFI Bank,Brazzaville,"Finance, Banque, Assurance, Comptabilité & Fiscalité",CDD,,,comptabilité; fiscalité; paie,"CHARGE DE LA PAIE Secteur : Finance, Banque, Assurance, Comptabilité & Fiscalité."
JOB250001678,Chargée de relation clientèle,BGFI Bank,Brazzaville,"Finance, Banque, Assurance, Comptabilité & Fiscalité",CDD,,,comptabilité; fiscalité,"Chargée de relation clientèle  Secteur : Finance, Banque, Assurance, Comptabilité & Fiscalité."
JOB250001679,charge de la logistique,BGFI Bank,Brazzaville,"Finance, Banque, Assurance, Comptabilité & Fiscalité",CDD,,,comptabilité; fiscalité,"charge de la logistique  Secteur : Finance, Banque, Assurance, Comptabilité & Fiscalité."
JOB250002773,Chef de service Trace Finance,BGFI Bank,Brazzaville,"Finance, Banque, Assurance, Comptabilité & Fiscalité",CDD,,,comptabilité; fiscalité,"Chef de service Trace Finance Secteur : Finance, Banque, Assurance, Comptabilité & Fiscalité."
JOB250001527,Vendeur en bijouterie,Bijouterie Beltrando,Brazzaville,"Commerce, Vente, Marketing & Distribution",CDI,,,vente,"Vendeur en bijouterie Secteur : Commerce, Vente, Marketing & Distribution."
NONREF000017,Assistantservice client,BLUE COLLAR,Pointe-Noire,"Commerce, Vente, Marketing & Distribution",STAGE,,,vente,"Assistantservice client Secteur : Commerce, Vente, Marketing & Distribution."
NONREF000026,Assistant comptable,BLUE COLLAR,Pointe-Noire,"Commerce, Vente, Marketing & Distribution",STAGE,,,vente,"Assistant comptable Secteur : Commerce, Vente, Marketing & Distribution."
NONREF000135,Géologue,BLUE COLLAR,Pointe-Noire,"Commerce, Vente, Marketing & Distribution",CDD,,,vente,"Géologue Secteur : Commerce, Vente, Marketing & Distribution."
NONREF000182,Opérateur tractopelle,BLUE COLLAR,Pointe-Noire,"Commerce, Vente, Marketing & Distribution",CDD,,,vente,"Opérateur tractopelle Secteur : Commerce, Vente, Marketing & Distribution."
NONREF000198,Recrutement bilingue,BLUE COLLAR,Pointe-Noire,"Commerce, Vente, Marketing & Distribution",STAGE,,,vente,"Recrutement bilingue Secteur : Commerce, Vente, Marketing & Distribution."
NONREF000210,Responsable formation,BLUE COLLAR,Pointe-Noire,"Commerce, Vente, Marketing & Distribution",CDD,,,vente,"Responsable formation Secteur : Commerce, Vente, Marketing & Distribution."
JOB250001492,POINTEUR,BLUE COLLAR,Pointe-Noire,"Conseil, Stratégie & Gestion des Ressources Humaines",CDD,,,gestion des ressources humaines,"POINTEUR Secteur : Conseil, Stratégie & Gestion des Ressources Humaines."
JOB250001510,chargé de portefeuille,BLUE COLLAR,Brazzaville,"Commerce, Vente, Marketing & Distribution",CDD,,,vente,"chargé de portefeuille  Secteur : Commerce, Vente, Marketing & Distribution."
JOB250001511,Chauffeur,BLUE COLLAR,Brazzaville,"Transport, Logistique & Supply Chain",CDD,,,supply chain,"Chauffeur  Secteur : Transport, Logistique & Supply Chain."
JOB250001542,POINTEUR,BLUE COLLAR,Brazzaville,"Commerce, Vente, Marketing & Distribution",CDI,,,vente,"POINTEUR Secteur : Commerce, Vente, Marketing & Distribution."
JOB250001543,PATROUILLEUR DE SECURITE,BLUE COLLAR,Brazzaville,"Commerce, Vente, Marketing & Distribution",CDD,,,vente,"PATROUILLEUR DE SECURITE  Secteur : Commerce, Vente, Marketing & Distribution."
JOB250001621,Agent d'entretien,BLUE COLLAR,Brazzaville,"Commerce, Vente, Marketing & Distribution",CDD,,,vente,"Agent d'entretien  Secteur : Commerce, Vente, Marketing & Distribution."
JOB250001625,REPRESENTANT AEROPORTUAIRE,BLUE COLLAR,Brazzaville,"Commerce, Vente, Marketing & Distribution",CDD,,,vente,"REPRESENTANT AEROPORTUAIRE Secteur : Commerce, Vente, Marketing & Distribution."
JOB250001626,Peintre,BLUE COLLAR,Brazzaville,"Commerce, Vente, Marketing & Distribution",CDD,,,vente,"Peintre  Secteur : Commerce, Vente, Marketing & Distribution."
JOB250001627,POLISHER,BLUE COLLAR,Brazzaville,"Commerce, Vente, Marketing & Distribution",CDD,,,vente,"POLISHER Secteur : Commerce, Vente, Marketing & Distribution."
JOB250001632,AGENT D BUANDERIE,BLUE COLLAR,Brazzaville,"Commerce, Vente, Marketing & Distribution",CDD,,,vente,"AGENT D BUANDERIE  Secteur : Commerce, Vente, Marketing & Distribution."
JOB250001633,COMMIS DE CUISINE,BLUE COLLAR,Brazzaville,Hôtellerie - Restauration,CDD,,,cuisine,COMMIS DE CUISINE  Secteur : Hôtellerie - Restauration.
JOB250001634,OPERATEUR CCTV,BLUE COLLAR,Brazzaville,"Commerce, Vente, Marketing & Distribution",CDD,,,vente,"OPERATEUR CCTV  Secteur : Commerce, Vente, Marketing & Distribution."
JOB250001635,Maçon,BLUE COLLAR,Brazzaville,"Commerce, Vente, Marketing & Distribution",CDD,,,vente,"Maçon  Secteur : Commerce, Vente, Marketing & Distribution."
JOB250001636,COACH PERSONNEL,BLUE COLLAR,Brazzaville,"Commerce, Vente, Marketing & Distribution",CDD,,,vente,"COACH PERSONNEL  Secteur : Commerce, Vente, Marketing & Distribution."
JOB250001638,SERVEUR,BLUE COLLAR,Brazzaville,"Commerce, Vente, Marketing & Distribution",CDD,,,vente,"SERVEUR  Secteur : Commerce, Vente, Marketing & Distribution."
JOB250001639,COMMIS 1,BLUE COLLAR,Brazzaville,"Commerce, Vente, Marketing & Distribution",CDD,,,vente,"COMMIS 1 Secteur : Commerce, Vente, Marketing & Distribution."
JOB250001640,STEWARD,BLUE COLLAR,Brazzaville,"Commerce, Vente, Marketing & Distribution",CDD,,,vente,"STEWARD  Secteur : Commerce, Vente, Marketing & Distribution."
JOB250001642,Chauffeur,BLUE COLLAR,Brazzaville,"Commerce, Vente, Marketing & Distribution",CDD,,,vente,"Chauffeur  Secteur : Commerce, Vente, Marketing & Distribution."
JOB250001644,ROOM ATTENDANT,BLUE COLLAR,Brazzaville,"Commerce, Vente, Marketing & Distribution",CDD,,,vente,"ROOM ATTENDANT  Secteur : Commerce, Vente, Marketing & Distribution."
JOB250001645,ROOM ATTENDANT,BLUE COLLAR,Brazzaville,"Commerce, Vente, Marketing & Distribution",CDD,,,vente,"ROOM ATTENDANT  Secteur : Commerce, Vente, Marketing & Distribution."
JOB250002298,AIDE PROFESSIONNELLE,BLUE COLLAR,Brazzaville,"Commerce, Vente, Marketing & Distribution",CDD,,,vente,"AIDE PROFESSIONNELLE Secteur : Commerce, Vente, Marketing & Distribution."
JOB250002317,COMMIS,BLUE COLLAR,Brazzaville,Hôtellerie - Restauration,CDD,,,,COMMIS Secteur : Hôtellerie - Restauration.
JOB250002323,Demi-chef de partie,BLUE COLLAR,Brazzaville,Hôtellerie - Restauration,CDD,,,,Demi-chef de partie Secteur : Hôtellerie - Restauration.
JOB250002324,Chef de Partie,BLUE COLLAR,Brazzaville,Hôtellerie - Restauration,CDD,,,,Chef de Partie  Secteur : Hôtellerie - Restauration.
JOB250002325,employé de service en salle,BLUE COLLAR,Brazzaville,"Commerce, Vente, Marketing & Distribution",CDD,,,service en salle; vente,"employé de service en salle  Secteur : Commerce, Vente, Marketing & Distribution."
JOB250002327,SUPERVISEUR d'equipe de salle,BLUE COLLAR,Brazzaville,"Commerce, Vente, Marketing & Distribution",CDD,,,vente,"SUPERVISEUR d'equipe de salle Secteur : Commerce, Vente, Marketing & Distribution."
JOB250002330,Gouvernant Général,BLUE COLLAR,Brazzaville,"Commerce, Vente, Marketing & Distribution",CDD,,,vente,"Gouvernant Général Secteur : Commerce, Vente, Marketing & Distribution."
JOB250002334,CHARGE DE PORTEFEUILLE,BLUE COLLAR,Brazzaville,"Commerce, Vente, Marketing & Distribution",CDD,,,vente,"CHARGE DE PORTEFEUILLE  Secteur : Commerce, Vente, Marketing & Distribution."
JOB250002358,Agentdes Espaces Publics,BLUE COLLAR,Brazzaville,"Commerce, Vente, Marketing & Distribution",CDD,,,vente,"Agentdes Espaces Publics Secteur : Commerce, Vente, Marketing & Distribution."
JOB250002362,Chef Barman,BLUE COLLAR,Brazzaville,Hôtellerie - Restauration,CDD,,,,Chef Barman Secteur : Hôtellerie - Restauration.
JOB250002389,COMMIS II,BLUE COLLAR,Brazzaville,Hôtellerie - Restauration,CDD,,,,COMMIS II  Secteur : Hôtellerie - Restauration.
JOB250002390,AGENT DE BUANDERIE,BLUE COLLAR,Brazzaville,Hôtellerie - Restauration,CDD,,,,AGENT DE BUANDERIE  Secteur : Hôtellerie - Restauration.
JOB250002392,HOTE,BLUE COLLAR,Brazzaville,Hôtellerie - Restauration,CDD,,,,HOTE Secteur : Hôtellerie - Restauration.
JOB250002394,SUPERVISEUR RESTAURANT,BLUE COLLAR,Brazzaville,Hôtellerie - Restauration,CDD,,,,SUPERVISEUR RESTAURANT Secteur : Hôtellerie - Restauration.
JOB250002395,SUPERVISEUR RECEPTION,BLUE COLLAR,Brazzaville,Hôtellerie - Restauration,CDD,,,,SUPERVISEUR RECEPTION  Secteur : Hôtellerie - Restauration.
JOB250002396,SERVEUR,BLUE COLLAR,Brazzaville,"Commerce, Vente, Marketing & Distribution",CDD,,,vente,"SERVEUR  Secteur : Commerce, Vente, Marketing & Distribution."
JOB250002500,Barman,BLUE COLLAR,Brazzaville,Hôtellerie - Restauration,CDD,,,,Barman Secteur : Hôtellerie - Restauration.
JOB250002563,PISCINISTE,BLUE COLLAR,Brazzaville,"Transport, Logistique & Supply Chain",CDD,,,supply chain,"PISCINISTE Secteur : Transport, Logistique & Supply Chain."
JOB250002564,PLOMBIER,BLUE COLLAR,Brazzaville,"Bâtiment, Travaux Publics & Aménagement du Territoire",CDD,,,,"PLOMBIER Secteur : Bâtiment, Travaux Publics & Aménagement du Territoire."
JOB250002598,Peintre,BLUE COLLAR,Brazzaville,Divers,CDD,,,,Peintre  Secteur : Divers .
JOB250002599,MENUISIER,BLUE COLLAR,Brazzaville,"Bâtiment, Travaux Publics & Aménagement du Territoire",CDD,,,,"MENUISIER Secteur : Bâtiment, Travaux Publics & Aménagement du Territoire."
JOB250002601,CONCIERGE,BLUE COLLAR,Brazzaville,Hôtellerie - Restauration,CDD,,,,CONCIERGE Secteur : Hôtellerie - Restauration.
JOB250002602,Electricien,BLUE COLLAR,Brazzaville,"Énergie, Environnement & Eau",CDD,,,,"Electricien Secteur : Énergie, Environnement & Eau."
JOB250002603,AGENT DE RESERVATION,BLUE COLLAR,Brazzaville,"Commerce, Vente, Marketing & Distribution",CDD,,,vente,"AGENT DE RESERVATION Secteur : Commerce, Vente, Marketing & Distribution."
JOB250002604,AC TECHNICIEN EN CLIMATISATION,BLUE COLLAR,Brazzaville,"Commerce, Vente, Marketing & Distribution",CDD,,,vente,"AC TECHNICIEN EN CLIMATISATION Secteur : Commerce, Vente, Marketing & Distribution."
JOB250002626,Technicien Audiovisuel,BLUE COLLAR,Brazzaville,"Communication, Médias & Événementiel",CDD,,,,"Technicien Audiovisuel  Secteur : Communication, Médias & Événementiel."
JOB250002631,Responsable banquets,BLUE COLLAR,Brazzaville,Hôtellerie - Restauration,CDD,,,,Responsable banquets Secteur : Hôtellerie - Restauration.
JOB250002632,Sous-Chef,BLUE COLLAR,Brazzaville,"Commerce, Vente, Marketing & Distribution",CDD,,,vente,"Sous-Chef Secteur : Commerce, Vente, Marketing & Distribution."
JOB250002633,Operateur téléphone,BLUE COLLAR,Brazzaville,"Communication, Médias & Événementiel",CDD,,,,"Operateur téléphone Secteur : Communication, Médias & Événementiel."
JOB250002654,Operateur téléphone,BLUE COLLAR,Brazzaville,"Communication, Médias & Événementiel",CDD,,,,"Operateur téléphone Secteur : Communication, Médias & Événementiel."
JOB250001204,CHAUFFEUR VTC,BOC INDUSTRIE,Pointe-Noire,"Bâtiment, Travaux Publics & Aménagement du Territoire",CDD,,,,"CHAUFFEUR VTC Secteur : Bâtiment, Travaux Publics & Aménagement du Territoire."
JOB250001210,Assistant de Direction,BOC INDUSTRIE,Pointe-Noire,"Bâtiment, Travaux Publics & Aménagement du Territoire",CDD,,,,"Assistant de Direction Secteur : Bâtiment, Travaux Publics & Aménagement du Territoire."
JOB250001215,HSE,BOC INDUSTRIE,Pointe-Noire,"Assurance Qualité, Contrôle, Testing (QHSE)",CDD,,,hse; qhse,"HSE Secteur : Assurance Qualité, Contrôle, Testing (QHSE)."
JOB250001219,CHARGE D'AFFAIRE,BOC INDUSTRIE,Pointe-Noire,"Bâtiment, Travaux Publics & Aménagement du Territoire",CDD,,,,"CHARGE D'AFFAIRE  Secteur : Bâtiment, Travaux Publics & Aménagement du Territoire."
JOB250001220,Opérateur Centre d'Appel,BOC INDUSTRIE,Pointe-Noire,"Bâtiment, Travaux Publics & Aménagement du Territoire",CDD,,,,"Opérateur Centre d'Appel Secteur : Bâtiment, Travaux Publics & Aménagement du Territoire."
JOB250001221,Manager de Projet,BOC INDUSTRIE,Pointe-Noire,"Bâtiment, Travaux Publics & Aménagement du Territoire",CDD,,,,"Manager de Projet Secteur : Bâtiment, Travaux Publics & Aménagement du Territoire."
JOB250001225,Manager de Projet,BOC INDUSTRIE,Pointe-Noire,"Industrie, Production & Maintenance",CDD,,,,"Manager de Projet Secteur : Industrie, Production & Maintenance."
JOB250001537,ASSISTANT ADMINISTRATIF,BONAF DISTRIBUTION,Pointe-Noire,"Commerce, Vente, Marketing & Distribution",CDD,,,vente,"ASSISTANT ADMINISTRATIF Secteur : Commerce, Vente, Marketing & Distribution."
JOB250001549,Manœuvre,BONAF DISTRIBUTION,Pointe-Noire,"Commerce, Vente, Marketing & Distribution",CDD,,,vente,"Manœuvre Secteur : Commerce, Vente, Marketing & Distribution."
JOB250002187,Assistant Logistique,BONAF DISTRIBUTION,Pointe-Noire,"Transport, Logistique & Supply Chain",CDD,,,supply chain,"Assistant Logistique Secteur : Transport, Logistique & Supply Chain."
JOB250002291,COURSIER,BONAF DISTRIBUTION,Pointe-Noire,"Commerce, Vente, Marketing & Distribution",CDD,,,vente,"COURSIER Secteur : Commerce, Vente, Marketing & Distribution."
JOB250002337,Manœuvre,BONAF DISTRIBUTION,Pointe-Noire,"Commerce, Vente, Marketing & Distribution",CDD,,,vente,"Manœuvre Secteur : Commerce, Vente, Marketing & Distribution."
JOB250002338,Facturière,BONAF DISTRIBUTION,Pointe-Noire,"Commerce, Vente, Marketing & Distribution",CDD,,,vente,"Facturière Secteur : Commerce, Vente, Marketing & Distribution."
JOB250002400,Manœuvre,BONAF DISTRIBUTION,Pointe-Noire,"Commerce, Vente, Marketing & Distribution",CDD,,,vente,"Manœuvre Secteur : Commerce, Vente, Marketing & Distribution."
JOB250002638,COMMERCIAL,BONAF DISTRIBUTION,Pointe-Noire,"Commerce, Vente, Marketing & Distribution",CDD,,,vente,"COMMERCIAL  Secteur : Commerce, Vente, Marketing & Distribution."
JOB250001415,INGENIEUR EN PLANIFICATION,BOSCONGO,Pointe-Noire,"Industrie, Production & Maintenance",CDD,,,,"INGENIEUR EN PLANIFICATION Secteur : Industrie, Production & Maintenance."
JOB250002472,Directeur Administratif et Financier,BOSCONGO,Pointe-Noire,"Conseil, Stratégie & Gestion des Ressources Humaines",CDD,,,gestion des ressources humaines,"Directeur Administratif et Financier Secteur : Conseil, Stratégie & Gestion des Ressources Humaines."
JOB250002718,chauffeur poids lourds,BOUARA & CIE sarl,Pointe-Noire,"Transport, Logistique & Supply Chain",CDD,,,supply chain,"chauffeur poids lourds Secteur : Transport, Logistique & Supply Chain."
JOB250002720,Assistant en Informatique Junior,BOUARA & CIE sarl,Pointe-Noire,"Informatique, Data, Télécommunications & Digital",CDD,,,,"Assistant en Informatique Junior Secteur : Informatique, Data, Télécommunications & Digital."
JOB250002724,"Technicien de Maintenance, Sauvetage et Incendie",BOUARA & CIE sarl,Pointe-Noire,Divers,CDD,,,,"Technicien de Maintenance, Sauvetage et Incendie Secteur : Divers ."
JOB250001074,Responsable Chantier Naval,BOURBON CONGO,Pointe-Noire,"Pétrole, Gaz & Hydrocarbures",CDI,,,,"Responsable Chantier Naval Secteur : Pétrole, Gaz & Hydrocarbures."
NONREF000009,Agent digital,BRALICO,Pointe-Noire,"Industrie, Production & Maintenance",CDD,,,,"Agent digital Secteur : Industrie, Production & Maintenance."
NONREF000054,Brand manager,BRALICO,Pointe-Noire,"Industrie, Production & Maintenance",CDD,,,,"Brand manager Secteur : Industrie, Production & Maintenance."
NONREF000059,Chargé de maintenance M G,BRALICO,Pointe-Noire,"Industrie, Production & Maintenance",CDD,,,,"Chargé de maintenance M G Secteur : Industrie, Production & Maintenance."
NONREF000129,Electromécanicien machiniste,BRALICO,Pointe-Noire,"Industrie, Production & Maintenance",CDD,,,,"Electromécanicien machiniste Secteur : Industrie, Production & Maintenance."
NONREF000241,Superviseur machiniste step,BRALICO,Pointe-Noire,"Industrie, Production & Maintenance",CDD,,,,"Superviseur machiniste step Secteur : Industrie, Production & Maintenance."
JOB250001428,Electricien,BRALICO,Pointe-Noire,Agriculture & Industrie Agroalimentaire,CDD,,,,Electricien Secteur : Agriculture & Industrie Agroalimentaire.
JOB250001498,MACHINISTE,BRALICO,Pointe-Noire,"Commerce, Vente, Marketing & Distribution",CDD,,,vente,"MACHINISTE Secteur : Commerce, Vente, Marketing & Distribution."
JOB250001653,OPERATEUR EMBOUTEILLAGE,BRALICO,Kouilou,Agriculture & Industrie Agroalimentaire,CDD,,,,OPERATEUR EMBOUTEILLAGE Secteur : Agriculture & Industrie Agroalimentaire.
JOB250001707,MAGASINIER JUNIOR,BRALICO,Kouilou,Agriculture & Industrie Agroalimentaire,CDD,,,,MAGASINIER JUNIOR Secteur : Agriculture & Industrie Agroalimentaire.
JOB250001708,AGENT METROLOGIE,BRALICO,Kouilou,Agriculture & Industrie Agroalimentaire,CDD,,,,AGENT METROLOGIE Secteur : Agriculture & Industrie Agroalimentaire.
JOB250001953,Chargé Maintenance Autonome,BRALICO,Kouilou,Agriculture & Industrie Agroalimentaire,CDD,,,,Chargé Maintenance Autonome Secteur : Agriculture & Industrie Agroalimentaire.
JOB250002085,Chargé Maintenance Autonome,BRALICO,Kouilou,Agriculture & Industrie Agroalimentaire,CDD,,,,Chargé Maintenance Autonome Secteur : Agriculture & Industrie Agroalimentaire.
JOB250002086,Opérateur Embouteillage,BRALICO,Kouilou,Agriculture & Industrie Agroalimentaire,CDD,,,,Opérateur Embouteillage Secteur : Agriculture & Industrie Agroalimentaire.
JOB250002268,MécanicienJunior,BRALICO,Kouilou,"Industrie, Production & Maintenance",CDD,,,,"MécanicienJunior Secteur : Industrie, Production & Maintenance."
JOB250002269,Siropier Junior,BRALICO,Kouilou,Agriculture & Industrie Agroalimentaire,CDD,,,,Siropier Junior Secteur : Agriculture & Industrie Agroalimentaire.
JOB250002270,Electricien,BRALICO,Kouilou,"Énergie, Environnement & Eau",CDD,,,,"Electricien Secteur : Énergie, Environnement & Eau."
NONREF000019,Assistant adm & relations ext,BRASCO,Pointe-Noire,"Industrie, Production & Maintenance",CDD,,,,"Assistant adm & relations ext Secteur : Industrie, Production & Maintenance."
NONREF000150,HRBP Brazzaville,BRASCO,Pointe-Noire,"Industrie, Production & Maintenance",CDD,,,,"HRBP Brazzaville Secteur : Industrie, Production & Maintenance."
NONREF000187,Packaging operator 1&2,BRASCO,Pointe-Noire,"Industrie, Production & Maintenance",CDD,,,,"Packaging operator 1&2 Secteur : Industrie, Production & Maintenance."
JOB250001584,COMPTABLE SENIOR,BRASCO (BRASSERIES DU CONGO BRASCO),Pointe-Noire,"Finance, Banque, Assurance, Comptabilité & Fiscalité",CDI,,,comptabilité; fiscalité,"COMPTABLE SENIOR  Secteur : Finance, Banque, Assurance, Comptabilité & Fiscalité."
JOB250001585,COORDONNATEUR SECURITE,BRASCO (BRASSERIES DU CONGO BRASCO),Pointe-Noire,"Sécurité, Sûreté & Défense",CDI,,,,"COORDONNATEUR SECURITE Secteur : Sécurité, Sûreté & Défense."
JOB250002180,ASSISTANT COMPTABLE,BSCA BANK,Brazzaville,"Finance, Banque, Assurance, Comptabilité & Fiscalité",CDD,,,comptabilité; fiscalité,"ASSISTANT COMPTABLE Secteur : Finance, Banque, Assurance, Comptabilité & Fiscalité."
JOB250002508,CHARGE DE L'ARCHIVAGE,BSCA BANK,Brazzaville,"Finance, Banque, Assurance, Comptabilité & Fiscalité",CDD,,,archivage; comptabilité; fiscalité,"CHARGE DE L'ARCHIVAGE Secteur : Finance, Banque, Assurance, Comptabilité & Fiscalité."
JOB250002770,Chargé des médias,BSCA BANK,Brazzaville,"Communication, Médias & Événementiel",CDD,,,,"Chargé des médias Secteur : Communication, Médias & Événementiel."
JOB250002771,Informaticien,BSCA BANK,Brazzaville,"Informatique, Data, Télécommunications & Digital",CDD,,,,"Informaticien Secteur : Informatique, Data, Télécommunications & Digital."
NONREF000051,Assistante training &formation,BUREAU  VERITAS,Pointe-Noire,"Pétrole, Gaz & Hydrocarbures",CDI,,,,"Assistante training &formation Secteur : Pétrole, Gaz & Hydrocarbures."
NONREF000158,Inspecteur pétrole,BUREAU  VERITAS,Pointe-Noire,"Pétrole, Gaz & Hydrocarbures",CDI,,,,"Inspecteur pétrole Secteur : Pétrole, Gaz & Hydrocarbures."
NONREF000125,District performance officer,BUREAU VERITAS,Pointe-Noire,"Pétrole, Gaz & Hydrocarbures",CDD,,,,"District performance officer Secteur : Pétrole, Gaz & Hydrocarbures."
NONREF000171,Marine surveyor,BUREAU VERITAS,Pointe-Noire,"Pétrole, Gaz & Hydrocarbures",CDD,,,,"Marine surveyor Secteur : Pétrole, Gaz & Hydrocarbures."
JOB250002365,Responsable de la Gestion du Stock,BUREAUTIQUE ET SERVICES,Pointe-Noire,"Transport, Logistique & Supply Chain",CDD,,,supply chain,"Responsable de la Gestion du Stock Secteur : Transport, Logistique & Supply Chain."
JOB250000876,EMPLOYE DE BUREAU,BUROTOP IRIS,Pointe-Noire,"Commerce, Vente, Marketing & Distribution",CDD,,,vente,"EMPLOYE DE BUREAU Secteur : Commerce, Vente, Marketing & Distribution."
JOB250000877,COMMERCIAL,BUROTOP IRIS,Pointe-Noire,"Commerce, Vente, Marketing & Distribution",CDD,,,vente,"COMMERCIAL  Secteur : Commerce, Vente, Marketing & Distribution."
JOB250000878,ASSISTANT COMPTABLE,BUROTOP IRIS,Pointe-Noire,"Finance, Banque, Assurance, Comptabilité & Fiscalité",CDD,,,comptabilité; fiscalité,"ASSISTANT COMPTABLE Secteur : Finance, Banque, Assurance, Comptabilité & Fiscalité."
JOB250000975,SUPPORTS TECHNIQUESICT ET LTC,BUROTOP IRIS,Pointe-Noire,"Commerce, Vente, Marketing & Distribution",CDD,,,vente,"SUPPORTS TECHNIQUESICT ET LTC Secteur : Commerce, Vente, Marketing & Distribution."
JOB250000983,Chauffeur,BUROTOP IRIS,Pointe-Noire,"Transport, Logistique & Supply Chain",CDD,,,supply chain,"Chauffeur  Secteur : Transport, Logistique & Supply Chain."
JOB250000984,Assistant Ressources Humaines,BUROTOP IRIS,Pointe-Noire,"Conseil, Stratégie & Gestion des Ressources Humaines",CDD,,,gestion des ressources humaines,"Assistant Ressources Humaines Secteur : Conseil, Stratégie & Gestion des Ressources Humaines."
JOB250001720,ADMINISTRATEUR SYSTEME,BUROTOP IRIS,Pointe-Noire,"Commerce, Vente, Marketing & Distribution",CDD,,,vente,"ADMINISTRATEUR SYSTEME Secteur : Commerce, Vente, Marketing & Distribution."
JOB250001870,Chauffeur,BUROTOP IRIS,Pointe-Noire,"Transport, Logistique & Supply Chain",CDD,,,supply chain,"Chauffeur  Secteur : Transport, Logistique & Supply Chain."
JOB250001871,CHAUFFEUR - LIVREUR,BUROTOP IRIS,Pointe-Noire,"Transport, Logistique & Supply Chain",CDD,,,supply chain,"CHAUFFEUR - LIVREUR Secteur : Transport, Logistique & Supply Chain."
JOB250001872,ADMINISTRATEUR RESEAU,BUROTOP IRIS,Pointe-Noire,"Informatique, Data, Télécommunications & Digital",CDD,,,,"ADMINISTRATEUR RESEAU Secteur : Informatique, Data, Télécommunications & Digital."
JOB250001873,ADMINISTRATEURCYBERSECURITE,BUROTOP IRIS,Pointe-Noire,"Informatique, Data, Télécommunications & Digital",CDD,,,,"ADMINISTRATEURCYBERSECURITE  Secteur : Informatique, Data, Télécommunications & Digital."
JOB250001874,CHAUFFEUR KAVAKI,BUROTOP IRIS,Pointe-Noire,"Transport, Logistique & Supply Chain",CDD,,,supply chain,"CHAUFFEUR KAVAKI Secteur : Transport, Logistique & Supply Chain."
JOB250002080,ADMINISTRATEUR RESEAU,BUROTOP IRIS,Pointe-Noire,"Informatique, Data, Télécommunications & Digital",CDD,,,,"ADMINISTRATEUR RESEAU Secteur : Informatique, Data, Télécommunications & Digital."
JOB250002082,Aide Cableur,BUROTOP IRIS,Pointe-Noire,"Énergie, Environnement & Eau",CDD,,,,"Aide Cableur Secteur : Énergie, Environnement & Eau."
JOB250002121,Technicien Maintenance Informatique,BUROTOP IRIS,Pointe-Noire,"Informatique, Data, Télécommunications & Digital",CDD,,,maintenance informatique,"Technicien Maintenance Informatique Secteur : Informatique, Data, Télécommunications & Digital."
JOB250002557,Support Technique ICT et LIC,BUROTOP IRIS,Pointe-Noire,"Commerce, Vente, Marketing & Distribution",CDD,,,vente,"Support Technique ICT et LIC Secteur : Commerce, Vente, Marketing & Distribution."
JOB250002676,TECHNICIEN WEBMASTER,BUROTOP IRIS,Brazzaville,"Commerce, Vente, Marketing & Distribution",CDD,,,vente,"TECHNICIEN WEBMASTER Secteur : Commerce, Vente, Marketing & Distribution."
JOB250002680,TECHNICIEN DE MAINTENANCE D'IMPRIMANTE,BUROTOP IRIS,Brazzaville,"Commerce, Vente, Marketing & Distribution",CDD,,,vente,"TECHNICIEN DE MAINTENANCE D'IMPRIMANTE Secteur : Commerce, Vente, Marketing & Distribution."
JOB250001305,Directeur Général,BUSINESS COMMUNICATION FOR AFRICA,Brazzaville,Gestion Administrative,CDD,,,gestion administrative,Directeur Général Secteur : Gestion Administrative.
JOB250001306,LOGISTICIEN,BUSINESS COMMUNICATION FOR AFRICA,Brazzaville,"Communication, Médias & Événementiel",CDD,,,,"LOGISTICIEN Secteur : Communication, Médias & Événementiel."
JOB250001316,Chargé de communication,BUSINESS COMMUNICATION FOR AFRICA,Brazzaville,"Communication, Médias & Événementiel",CDD,,,,"Chargé de communication Secteur : Communication, Médias & Événementiel."
JOB250001318,SECRETAIRE,BUSINESS COMMUNICATION FOR AFRICA,Brazzaville,"Communication, Médias & Événementiel",CDD,,,,"SECRETAIRE  Secteur : Communication, Médias & Événementiel."
JOB250001319,CAISSIER,BUSINESS COMMUNICATION FOR AFRICA,Boundji,"Commerce, Vente, Marketing & Distribution",CDD,,,vente,"CAISSIER Secteur : Commerce, Vente, Marketing & Distribution."
JOB250001320,COMMERCIAL,BUSINESS COMMUNICATION FOR AFRICA,Brazzaville,"Commerce, Vente, Marketing & Distribution",CDD,,,vente,"COMMERCIAL  Secteur : Commerce, Vente, Marketing & Distribution."
JOB250001322,TECHNICIENS,BUSINESS COMMUNICATION FOR AFRICA,Brazzaville,"Communication, Médias & Événementiel",CDD,,,,"TECHNICIENS Secteur : Communication, Médias & Événementiel."
JOB250002735,Réceptionniste,CABINET DENTAIRE LES CLAIRONS,Brazzaville,"Conseil, Stratégie & Gestion des Ressources Humaines",CDD,,,gestion des ressources humaines,"Réceptionniste  Secteur : Conseil, Stratégie & Gestion des Ressources Humaines."
JOB250002791,COMPTABLE,CABINET GLOBAL EDUCATION SERVICES,Pointe-Noire,"Finance, Banque, Assurance, Comptabilité & Fiscalité",CDD,,,comptabilité; fiscalité,"COMPTABLE  Secteur : Finance, Banque, Assurance, Comptabilité & Fiscalité."
JOB250002792,Directeur du Centre d'Information et d'Orientation,CABINET GLOBAL EDUCATION SERVICES,Pointe-Noire,"Éducation, Formation & Enseignement",CDD,,,enseignement,"Directeur du Centre d'Information et d'Orientation Secteur : Éducation, Formation & Enseignement."
JOB250002793,Conseiller Pédagogique,CABINET GLOBAL EDUCATION SERVICES,Pointe-Noire,"Éducation, Formation & Enseignement",CDD,,,enseignement,"Conseiller Pédagogique Secteur : Éducation, Formation & Enseignement."
JOB250002794,Chargé de communication,CABINET GLOBAL EDUCATION SERVICES,Pointe-Noire,"Communication, Médias & Événementiel",CDD,,,,"Chargé de communication Secteur : Communication, Médias & Événementiel."
JOB250002795,Conseiller d'Orientation Scolaire et Professionnelle,CABINET GLOBAL EDUCATION SERVICES,Pointe-Noire,"Éducation, Formation & Enseignement",CDD,,,enseignement,"Conseiller d'Orientation Scolaire et Professionnelle Secteur : Éducation, Formation & Enseignement."
JOB250002796,RESPONSABLE DESRESSOURSES HUMAINES,CABINET GLOBAL EDUCATION SERVICES,Pointe-Noire,Hôtellerie - Restauration,CDD,,,,RESPONSABLE DESRESSOURSES HUMAINES Secteur : Hôtellerie - Restauration.
STG250002541,Stage en infirmière,CABINET MEDICALE SOEUR MARIE IRMA,Divenie,"Santé, Pharmacie & Recherche Scientifique",Stage professionnel,,,pharmacie,"Stage en infirmière Secteur : Santé, Pharmacie & Recherche Scientifique."
NONREF000067,Chauffeur livreur,CALADIUM,Pointe-Noire,"Commerce, Vente, Marketing & Distribution",CDD,,,vente,"Chauffeur livreur Secteur : Commerce, Vente, Marketing & Distribution."
JOB250001264,ASSISTANT COMMERCIAL,CALADIUM SAS,Pointe-Noire,"Commerce, Vente, Marketing & Distribution",CDD,,,vente,"ASSISTANT COMMERCIAL Secteur : Commerce, Vente, Marketing & Distribution."
NONREF000025,Assistant communication &A,CANAAN HOLDING,Pointe-Noire,"Commerce, Vente, Marketing & Distribution",CDI,,,vente,"Assistant communication &A Secteur : Commerce, Vente, Marketing & Distribution."
NONREF000032,Assistant RH,CANAAN HOLDING,Pointe-Noire,"Conseil, Stratégie & Gestion des Ressources Humaines",CDI,,,gestion des ressources humaines,"Assistant RH Secteur : Conseil, Stratégie & Gestion des Ressources Humaines."
NONREF000036,Assistante adm & comptable,CANAAN HOLDING,Pointe-Noire,"Commerce, Vente, Marketing & Distribution",CDI,,,vente,"Assistante adm & comptable Secteur : Commerce, Vente, Marketing & Distribution."
NONREF000061,Chargé Evènementiel C cmrcial,CANAAN HOLDING,Pointe-Noire,"Commerce, Vente, Marketing & Distribution",CDI,,,vente,"Chargé Evènementiel C cmrcial Secteur : Commerce, Vente, Marketing & Distribution."
NONREF000100,Comptable,CANAAN HOLDING,Pointe-Noire,"Commerce, Vente, Marketing & Distribution",CDI,,,vente,"Comptable Secteur : Commerce, Vente, Marketing & Distribution."
NONREF000163,Juriste fiscaliste,CANAAN HOLDING,Pointe-Noire,"Commerce, Vente, Marketing & Distribution",CDI,,,vente,"Juriste fiscaliste Secteur : Commerce, Vente, Marketing & Distribution."
JOB250001436,Assistant Ressources Humaines,CANAAN HOLDING,Pointe-Noire,"Conseil, Stratégie & Gestion des Ressources Humaines",CDD,,,gestion des ressources humaines,"Assistant Ressources Humaines Secteur : Conseil, Stratégie & Gestion des Ressources Humaines."
JOB250001437,COMPTABLE,CANAAN HOLDING,Pointe-Noire,"Conseil, Stratégie & Gestion des Ressources Humaines",CDD,,,gestion des ressources humaines,"COMPTABLE  Secteur : Conseil, Stratégie & Gestion des Ressources Humaines."
JOB250001244,RESPONSABLE BOUTIQUE,CANAL + CONGO,Brazzaville,"Commerce, Vente, Marketing & Distribution",CDD,,,vente,"RESPONSABLE BOUTIQUE Secteur : Commerce, Vente, Marketing & Distribution."
JOB250001246,COMPTABLE,CANAL + CONGO,Brazzaville,"Finance, Banque, Assurance, Comptabilité & Fiscalité",CDD,,,comptabilité; fiscalité,"COMPTABLE  Secteur : Finance, Banque, Assurance, Comptabilité & Fiscalité."
JOB250001247,Charge d'administration de vente,CANAL + CONGO,Brazzaville,"Commerce, Vente, Marketing & Distribution",CDD,,,vente,"Charge d'administration de vente  Secteur : Commerce, Vente, Marketing & Distribution."
JOB250001254,VENDEUR EN BOUTIQUE,CANAL + CONGO,Ouesso,"Commerce, Vente, Marketing & Distribution",CDD,,,vente,"VENDEUR EN BOUTIQUE  Secteur : Commerce, Vente, Marketing & Distribution."
JOB250000861,COMPTABLE BILINGUE,CANYON METALLOY,Pointe-Noire,"Industrie, Production & Maintenance",CDI,,,,"COMPTABLE BILINGUE Secteur : Industrie, Production & Maintenance."
NONREF000021,Assistant administratif,CANYON METALLOY SASU,Pointe-Noire,"Industrie, Production & Maintenance",CDD,,,,"Assistant administratif Secteur : Industrie, Production & Maintenance."
NONREF000211,Responsable gouvernance ESG,CANYON METALLOY SASU,Pointe-Noire,"Industrie, Production & Maintenance",CDD,,,,"Responsable gouvernance ESG Secteur : Industrie, Production & Maintenance."
NONREF000070,Chauffeurs,CAREX SERVICES,Pointe-Noire,"Industrie, Production & Maintenance",CDD,,,,"Chauffeurs Secteur : Industrie, Production & Maintenance."
JOB250002399,Chauffeur,CAREX SERVICES,Pointe-Noire,"Transport, Logistique & Supply Chain",CDD,,,supply chain,"Chauffeur  Secteur : Transport, Logistique & Supply Chain."
JOB250002435,MECANICIEN,CAREX SERVICES,Pointe-Noire,"Industrie, Production & Maintenance",CDD,,,,"MECANICIEN Secteur : Industrie, Production & Maintenance."
JOB250002529,Assistant Ressources Humaines,CAREX SERVICES,Pointe-Noire,"Transport, Logistique & Supply Chain",CDD,,,supply chain,"Assistant Ressources Humaines Secteur : Transport, Logistique & Supply Chain."
JOB250002605,Soudeur,CAREX SERVICES,Pointe-Noire,"Bâtiment, Travaux Publics & Aménagement du Territoire",CDD,,,,"Soudeur Secteur : Bâtiment, Travaux Publics & Aménagement du Territoire."
JOB250002606,Soudeur,CAREX SERVICES,Pointe-Noire,"Bâtiment, Travaux Publics & Aménagement du Territoire",CDD,,,,"Soudeur Secteur : Bâtiment, Travaux Publics & Aménagement du Territoire."
JOB250002286,RESPONSABLE RESSOURCES HUMAINES,CARTHAGO VENTURES,Pointe-Noire,"Conseil, Stratégie & Gestion des Ressources Humaines",CDI,,,gestion des ressources humaines,"RESPONSABLE RESSOURCES HUMAINES  Secteur : Conseil, Stratégie & Gestion des Ressources Humaines."
NONREF000064,Chauffeur,CC3 MINING C PROSPER L,Pointe-Noire,"Industrie, Production & Maintenance",CDD,,,,"Chauffeur Secteur : Industrie, Production & Maintenance."
JOB250002000,Responsable Administratif d'Entreprise,CEGELEC CONGO,Pointe-Noire,"Pétrole, Gaz & Hydrocarbures",CDI,,,,"Responsable Administratif d'Entreprise Secteur : Pétrole, Gaz & Hydrocarbures."
JOB250000883,COMPTABLE,CENTRE MEDICAL KIMINOU,Pointe-Noire,"Finance, Banque, Assurance, Comptabilité & Fiscalité",CDI,,,comptabilité; fiscalité,"COMPTABLE  Secteur : Finance, Banque, Assurance, Comptabilité & Fiscalité."
JOB250000884,Agent d'acceuil et Caisse,CENTRE MEDICAL KIMINOU,Pointe-Noire,"Commerce, Vente, Marketing & Distribution",CDI,,,caisse; vente,"Agent d'acceuil et Caisse  Secteur : Commerce, Vente, Marketing & Distribution."
NONREF000043,Assistante resp juridique &F,CFAO MOBILITY,Pointe-Noire,"Transport, Logistique & Supply Chain",CDI,,,supply chain,"Assistante resp juridique &F Secteur : Transport, Logistique & Supply Chain."
NONREF000093,Commerciale,CFAO MOBILITY,Pointe-Noire,"Commerce, Vente, Marketing & Distribution",CDI,,,vente,"Commerciale Secteur : Commerce, Vente, Marketing & Distribution."
NONREF000110,Controleur de gestion,CFAO MOBILITY,Pointe-Noire,"Transport, Logistique & Supply Chain",CDI,,,supply chain,"Controleur de gestion Secteur : Transport, Logistique & Supply Chain."
NONREF000111,Controleur de gestion,CFAO MOBILITY,Pointe-Noire,"Commerce, Vente, Marketing & Distribution",CDD,,,vente,"Controleur de gestion Secteur : Commerce, Vente, Marketing & Distribution."
NONREF000142,Gestionnaire aprovisionement,CFAO MOBILITY,Pointe-Noire,"Commerce, Vente, Marketing & Distribution",CDI,,,vente,"Gestionnaire aprovisionement Secteur : Commerce, Vente, Marketing & Distribution."
NONREF000175,Mécanicien poid lourds Equip,CFAO MOBILITY,Pointe-Noire,"Transport, Logistique & Supply Chain",CDI,,,supply chain,"Mécanicien poid lourds Equip Secteur : Transport, Logistique & Supply Chain."
NONREF000194,Réceptionnaire,CFAO MOBILITY,Pointe-Noire,"Commerce, Vente, Marketing & Distribution",CDD,,,vente,"Réceptionnaire Secteur : Commerce, Vente, Marketing & Distribution."
JOB250000991,AGENTS TRANSIT ET LOGISTIQUE,CFAO MOBILITY CONGO,Pointe-Noire,"Transport, Logistique & Supply Chain",CDD,,,supply chain; transit,"AGENTS TRANSIT ET LOGISTIQUE  Secteur : Transport, Logistique & Supply Chain."
JOB250000992,Réceptionniste,CFAO MOBILITY CONGO,Pointe-Noire,"Commerce, Vente, Marketing & Distribution",CDI,,,vente,"Réceptionniste  Secteur : Commerce, Vente, Marketing & Distribution."
JOB250000993,VENDEUR COMPTOIR,CFAO MOBILITY CONGO,Pointe-Noire,"Commerce, Vente, Marketing & Distribution",CDI,,,vente,"VENDEUR COMPTOIR  Secteur : Commerce, Vente, Marketing & Distribution."
JOB250002273,Gestionnaire Approvisionnement,CFAO MOBILITY CONGO,Pointe-Noire,"Transport, Logistique & Supply Chain",CDI,,,supply chain,"Gestionnaire Approvisionnement Secteur : Transport, Logistique & Supply Chain."
JOB250002479,MECANICIEN,CFAO MOBILITY CONGO,Pointe-Noire,"Industrie, Production & Maintenance",CDI,,,,"MECANICIEN Secteur : Industrie, Production & Maintenance."
JOB250002480,Peintre,CFAO MOBILITY CONGO,Pointe-Noire,Divers,CDI,,,,Peintre  Secteur : Divers .
JOB250002481,COMMERCIAL,CFAO MOBILITY CONGO,Pointe-Noire,"Commerce, Vente, Marketing & Distribution",CDD,,,vente,"COMMERCIAL  Secteur : Commerce, Vente, Marketing & Distribution."
JOB250002482,Gérant Magasin,CFAO MOBILITY CONGO,Pointe-Noire,"Commerce, Vente, Marketing & Distribution",CDD,,,vente,"Gérant Magasin Secteur : Commerce, Vente, Marketing & Distribution."
JOB250002484,Employé administratif,CFAO MOBILITY CONGO,Pointe-Noire,"Conseil, Stratégie & Gestion des Ressources Humaines",CDI,,,gestion des ressources humaines,"Employé administratif Secteur : Conseil, Stratégie & Gestion des Ressources Humaines."
JOB250002485,Assistant Logistique,CFAO MOBILITY CONGO,Pointe-Noire,"Commerce, Vente, Marketing & Distribution",CDI,,,vente,"Assistant Logistique Secteur : Commerce, Vente, Marketing & Distribution."
JOB250002486,Vendeur comptoir,CFAO MOBILITY CONGO,Pointe-Noire,"Commerce, Vente, Marketing & Distribution",CDD,,,vente,"Vendeur comptoir  Secteur : Commerce, Vente, Marketing & Distribution."
JOB250002647,ASSISTANT PR,CFAO MOBILITY CONGO,Brazzaville,"Commerce, Vente, Marketing & Distribution",CDD,,,vente,"ASSISTANT PR Secteur : Commerce, Vente, Marketing & Distribution."
JOB250002653,MAGASINIER,CFAO MOBILITY CONGO,Pointe-Noire,"Transport, Logistique & Supply Chain",CDD,,,supply chain,"MAGASINIER  Secteur : Transport, Logistique & Supply Chain."
JOB250002798,Responsable Développemnt Commercial Après-vente,CFAO MOBILITY CONGO,Pointe-Noire,"Commerce, Vente, Marketing & Distribution",CDI,,,vente,"Responsable Développemnt Commercial Après-vente Secteur : Commerce, Vente, Marketing & Distribution."
JOB250002507,AGRONOME,CIRAD,Brazzaville,"Commerce, Vente, Marketing & Distribution",CDD,,,vente,"AGRONOME Secteur : Commerce, Vente, Marketing & Distribution."
NONREF000079,Chef de production,CLG,Pointe-Noire,"Pétrole, Gaz & Hydrocarbures",CDI,,,,"Chef de production  Secteur : Pétrole, Gaz & Hydrocarbures."
NONREF000080,Chef de production informatique,CLG,Pointe-Noire,"Pétrole, Gaz & Hydrocarbures",CDI,,,,"Chef de production informatique Secteur : Pétrole, Gaz & Hydrocarbures."
NONREF000081,Chef de production sénior,CLG,Pointe-Noire,"Pétrole, Gaz & Hydrocarbures",CDI,,,,"Chef de production sénior Secteur : Pétrole, Gaz & Hydrocarbures."
NONREF000118,Directeur des opérations,CLG,Pointe-Noire,"Pétrole, Gaz & Hydrocarbures",CDI,,,,"Directeur des opérations Secteur : Pétrole, Gaz & Hydrocarbures."
NONREF000120,Directeur financier,CLG,Pointe-Noire,"Pétrole, Gaz & Hydrocarbures",CDI,,,,"Directeur financier Secteur : Pétrole, Gaz & Hydrocarbures."
NONREF000121,Directeur général,CLG,Pointe-Noire,"Pétrole, Gaz & Hydrocarbures",CDI,,,,"Directeur général Secteur : Pétrole, Gaz & Hydrocarbures."
NONREF000122,Directeur juridique et fiscal,CLG,Pointe-Noire,"Pétrole, Gaz & Hydrocarbures",CDD,,,,"Directeur juridique et fiscal Secteur : Pétrole, Gaz & Hydrocarbures."
NONREF000137,Géologue principal,CLG,Pointe-Noire,"Pétrole, Gaz & Hydrocarbures",CDI,,,,"Géologue principal Secteur : Pétrole, Gaz & Hydrocarbures."
NONREF000138,Gest des projets et de l'intégrite,CLG,Pointe-Noire,"Pétrole, Gaz & Hydrocarbures",CDI,,,,"Gest des projets et de l'intégrite Secteur : Pétrole, Gaz & Hydrocarbures."
NONREF000145,Gestionnaire de sous-sol,CLG,Pointe-Noire,"Pétrole, Gaz & Hydrocarbures",CDI,,,,"Gestionnaire de sous-sol Secteur : Pétrole, Gaz & Hydrocarbures."
NONREF000146,Gestionnaire des actifs maritimes,CLG,Pointe-Noire,"Pétrole, Gaz & Hydrocarbures",CDI,,,,"Gestionnaire des actifs maritimes Secteur : Pétrole, Gaz & Hydrocarbures."
NONREF000153,Ingénieur de projet,CLG,Pointe-Noire,"Pétrole, Gaz & Hydrocarbures",CDI,,,,"Ingénieur de projet Secteur : Pétrole, Gaz & Hydrocarbures."
NONREF000155,Ingénieur de réservoir,CLG,Pointe-Noire,"Pétrole, Gaz & Hydrocarbures",CDI,,,,"Ingénieur de réservoir Secteur : Pétrole, Gaz & Hydrocarbures."
NONREF000156,Ingénieur pétrolier en chef,CLG,Pointe-Noire,"Pétrole, Gaz & Hydrocarbures",CDI,,,,"Ingénieur pétrolier en chef Secteur : Pétrole, Gaz & Hydrocarbures."
NONREF000159,Inspecteur,CLG,Pointe-Noire,"Pétrole, Gaz & Hydrocarbures",CDI,,,,"Inspecteur Secteur : Pétrole, Gaz & Hydrocarbures."
NONREF000180,Opérateur de salle de C Sénior,CLG,Pointe-Noire,"Pétrole, Gaz & Hydrocarbures",CDI,,,,"Opérateur de salle de C Sénior Secteur : Pétrole, Gaz & Hydrocarbures."
NONREF000181,Opérateur de salle de controle,CLG,Pointe-Noire,"Pétrole, Gaz & Hydrocarbures",CDI,,,,"Opérateur de salle de controle Secteur : Pétrole, Gaz & Hydrocarbures."
NONREF000188,Performances des puits offshore,CLG,Pointe-Noire,"Pétrole, Gaz & Hydrocarbures",CDI,,,,"Performances des puits offshore Secteur : Pétrole, Gaz & Hydrocarbures."
NONREF000193,Production superintendent,CLG,Pointe-Noire,"Pétrole, Gaz & Hydrocarbures",CDI,,,,"Production superintendent Secteur : Pétrole, Gaz & Hydrocarbures."
NONREF000199,Relations extérieures,CLG,Pointe-Noire,"Pétrole, Gaz & Hydrocarbures",CDI,,,,"Relations extérieures Secteur : Pétrole, Gaz & Hydrocarbures."
NONREF000202,Resp de la chaine d'approvis,CLG,Pointe-Noire,"Pétrole, Gaz & Hydrocarbures",CDI,,,,"Resp de la chaine d'approvis Secteur : Pétrole, Gaz & Hydrocarbures."
NONREF000203,Resp de l'intégrité à terre,CLG,Pointe-Noire,"Pétrole, Gaz & Hydrocarbures",CDI,,,,"Resp de l'intégrité à terre Secteur : Pétrole, Gaz & Hydrocarbures."
NONREF000204,Resp des sces et de l'intégrité,CLG,Pointe-Noire,"Pétrole, Gaz & Hydrocarbures",CDI,,,,"Resp des sces et de l'intégrité Secteur : Pétrole, Gaz & Hydrocarbures."
NONREF000207,Responsablede production,CLG,Pointe-Noire,"Pétrole, Gaz & Hydrocarbures",CDI,,,,"Responsablede production Secteur : Pétrole, Gaz & Hydrocarbures."
NONREF000209,Responsable de la maintenance,CLG,Pointe-Noire,"Pétrole, Gaz & Hydrocarbures",CDI,,,,"Responsable de la maintenance Secteur : Pétrole, Gaz & Hydrocarbures."
NONREF000213,Responsable HSE,CLG,Pointe-Noire,"Assurance Qualité, Contrôle, Testing (QHSE)",CDI,,,hse; qhse,"Responsable HSE Secteur : Assurance Qualité, Contrôle, Testing (QHSE)."
NONREF000228,Sénior consultant J & Fiscal,CLG,Pointe-Noire,"Pétrole, Gaz & Hydrocarbures",CDD,,,,"Sénior consultant J & Fiscal Secteur : Pétrole, Gaz & Hydrocarbures."
NONREF000229,Sénior consultant J&F Stgiaire,CLG,Pointe-Noire,"Pétrole, Gaz & Hydrocarbures",CDD,,,,"Sénior consultant J&F Stgiaire Secteur : Pétrole, Gaz & Hydrocarbures."
JOB250001751,Directeur Juridique et Fiscal,CLG TAX & LEGAL,Pointe-Noire,Droit et Justice,CDI,,,,Directeur Juridique et Fiscal Secteur : Droit et Justice.
JOB250001753,Senior Consultant Juridique et Fiscal,CLG TAX & LEGAL,Pointe-Noire,Droit et Justice,CDI,,,,Senior Consultant Juridique et Fiscal Secteur : Droit et Justice.
JOB250001754,Stagiaire Juridique et Fiscal,CLG TAX & LEGAL,Pointe-Noire,Droit et Justice,CDD,,,,Stagiaire Juridique et Fiscal Secteur : Droit et Justice.
NONREF000196,Receptionnistes,CLINIQUE D DOCT ILOKI,Pointe-Noire,"Santé, Pharmacie & Recherche Scientifique",CDD,,,pharmacie,"Receptionnistes Secteur : Santé, Pharmacie & Recherche Scientifique."
JOB250000854,INFIRMIER,CLINIQUE GUENIN,Pointe-Noire,"Santé, Pharmacie & Recherche Scientifique",CDI,,,pharmacie,"INFIRMIER Secteur : Santé, Pharmacie & Recherche Scientifique."
NONREF000141,Gestionnaire Adm prsnel et paie,CLINIQUE GUENIN,Pointe-Noire,"Santé, Pharmacie & Recherche Scientifique",CDI,,,paie; pharmacie,"Gestionnaire Adm prsnel et paie Secteur : Santé, Pharmacie & Recherche Scientifique."
NONREF000178,Médecin généraliste,CLINIQUE GUENIN,Pointe-Noire,"Santé, Pharmacie & Recherche Scientifique",CDD,,,pharmacie,"Médecin généraliste Secteur : Santé, Pharmacie & Recherche Scientifique."
NONREF000114,Cuisinier,CLINIQUE LES OLIVIERS,Pointe-Noire,"Santé, Pharmacie & Recherche Scientifique",CDD,,,pharmacie,"Cuisinier Secteur : Santé, Pharmacie & Recherche Scientifique."
NONREF000151,HSE,CLINIQUE LES OLIVIERS,Pointe-Noire,"Assurance Qualité, Contrôle, Testing (QHSE)",CDD,,,hse; qhse,"HSE Secteur : Assurance Qualité, Contrôle, Testing (QHSE)."
NONREF000197,Réceptionnistes,CLINIQUE LES OLIVIERS,Pointe-Noire,"Santé, Pharmacie & Recherche Scientifique",CDD,,,pharmacie,"Réceptionnistes Secteur : Santé, Pharmacie & Recherche Scientifique."
JOB250001709,Réceptionniste,CLINIQUE LES OLIVIERS,Pointe-Noire,"Santé, Pharmacie & Recherche Scientifique",CDD,,,pharmacie,"Réceptionniste  Secteur : Santé, Pharmacie & Recherche Scientifique."
JOB250001931,BRANCARDIER,CLINIQUE LES OLIVIERS,Pointe-Noire,"Santé, Pharmacie & Recherche Scientifique",CDD,,,pharmacie,"BRANCARDIER Secteur : Santé, Pharmacie & Recherche Scientifique."
JOB250002250,ASSISTANT COMPTABLE,CLINIQUE LES OLIVIERS,Pointe-Noire,"Santé, Pharmacie & Recherche Scientifique",CDD,,,pharmacie,"ASSISTANT COMPTABLE Secteur : Santé, Pharmacie & Recherche Scientifique."
JOB250002251,Chauffeur Ambulancier,CLINIQUE LES OLIVIERS,Pointe-Noire,"Santé, Pharmacie & Recherche Scientifique",CDD,,,pharmacie,"Chauffeur Ambulancier Secteur : Santé, Pharmacie & Recherche Scientifique."
JOB250002650,INFIRMIER,CLINIQUE LES OLIVIERS,Pointe-Noire,"Santé, Pharmacie & Recherche Scientifique",CDD,,,pharmacie,"INFIRMIER Secteur : Santé, Pharmacie & Recherche Scientifique."
JOB250001660,Directeur Commercial,CMA CGM CONGO S.A,Pointe-Noire,"Transport, Logistique & Supply Chain",CDI,,,supply chain,"Directeur Commercial Secteur : Transport, Logistique & Supply Chain."
JOB250001803,AGENT TRANSBORDEMENT,CMA CGM CONGO S.A,Pointe-Noire,"Transport, Logistique & Supply Chain",CDD,,,supply chain,"AGENT TRANSBORDEMENT Secteur : Transport, Logistique & Supply Chain."
JOB250001421,Agent d'entretien,COAMO,Brazzaville,Nettoyage & Blanchisserie,CDD,,,,Agent d'entretien  Secteur : Nettoyage & Blanchisserie.
JOB250002141,Chef comptable,COAMO,Brazzaville,"Finance, Banque, Assurance, Comptabilité & Fiscalité",CDD,,,comptabilité; fiscalité,"Chef comptable Secteur : Finance, Banque, Assurance, Comptabilité & Fiscalité."
JOB250002152,MAJORDOME,COAMO,Brazzaville,Hôtellerie - Restauration,CDD,,,,MAJORDOME  Secteur : Hôtellerie - Restauration.
JOB250002617,ASSISTANT PROJETS,COAMO,Brazzaville,"Bâtiment, Travaux Publics & Aménagement du Territoire",CDD,,,,"ASSISTANT PROJETS Secteur : Bâtiment, Travaux Publics & Aménagement du Territoire."
JOB250002630,Chef comptable,COAMO,Brazzaville,"Finance, Banque, Assurance, Comptabilité & Fiscalité",CDD,,,comptabilité; fiscalité,"Chef comptable Secteur : Finance, Banque, Assurance, Comptabilité & Fiscalité."
NONREF000206,Resp sces travaux génie civil,CODISCO GIBAT,Pointe-Noire,"Bâtiment, Travaux Publics & Aménagement du Territoire",CDD,,,génie civil,"Resp sces travaux génie civil Secteur : Bâtiment, Travaux Publics & Aménagement du Territoire."
JOB250002234,CHEF DE PROJET AGRICOLE,CODISPAAC,Brazzaville,Agriculture & Industrie Agroalimentaire,CDD,,,,CHEF DE PROJET AGRICOLE  Secteur : Agriculture & Industrie Agroalimentaire.
JOB250002237,RESPONSABLE DE LA FILIERE PRODUCTION VEGETALE,CODISPAAC,Brazzaville,Agriculture & Industrie Agroalimentaire,CDD,,,,RESPONSABLE DE LA FILIERE PRODUCTION VEGETALE  Secteur : Agriculture & Industrie Agroalimentaire.
JOB250002240,RESPONSABLE DE LA FILIERE PRODUCTION ET SANTE ANIMALE,CODISPAAC,Brazzaville,Agriculture & Industrie Agroalimentaire,CDD,,,,RESPONSABLE DE LA FILIERE PRODUCTION ET SANTE ANIMALE  Secteur : Agriculture & Industrie Agroalimentaire.
JOB250001222,Réceptionniste,COLORADO S.A (GRAND LANCASTER),Brazzaville,Hôtellerie - Restauration,CDD,,,,Réceptionniste  Secteur : Hôtellerie - Restauration.
JOB250001226,FEMME DE CHAMBRE,COLORADO S.A (GRAND LANCASTER),Brazzaville,Hôtellerie - Restauration,CDD,,,,FEMME DE CHAMBRE Secteur : Hôtellerie - Restauration.
JOB250001228,PLONGEUR,COLORADO S.A (GRAND LANCASTER),Brazzaville,Hôtellerie - Restauration,CDD,,,,PLONGEUR Secteur : Hôtellerie - Restauration.
JOB250001237,COMMIS DE RESTAURANT,COLORADO S.A (GRAND LANCASTER),Brazzaville,Hôtellerie - Restauration,CDD,,,,COMMIS DE RESTAURANT Secteur : Hôtellerie - Restauration.
JOB250001238,CROISSANTIER,COLORADO S.A (GRAND LANCASTER),Brazzaville,Hôtellerie - Restauration,CDD,,,,CROISSANTIER Secteur : Hôtellerie - Restauration.
JOB250001424,SERVEUR,COLORADO S.A (GRAND LANCASTER),Brazzaville,"Commerce, Vente, Marketing & Distribution",CDD,,,vente,"SERVEUR  Secteur : Commerce, Vente, Marketing & Distribution."
JOB250001430,GOUVERNANT,COLORADO S.A (GRAND LANCASTER),Brazzaville,Hôtellerie - Restauration,CDD,,,,GOUVERNANT  Secteur : Hôtellerie - Restauration.
JOB250001431,CHEF Pâtissier,COLORADO S.A (GRAND LANCASTER),Brazzaville,Hôtellerie - Restauration,CDI,,,,CHEF Pâtissier  Secteur : Hôtellerie - Restauration.
JOB250001864,Agent commercial,COLORADO S.A (GRAND LANCASTER),Brazzaville,"Commerce, Vente, Marketing & Distribution",CDD,,,vente,"Agent commercial Secteur : Commerce, Vente, Marketing & Distribution."
JOB250001866,Réceptionniste,COLORADO S.A (GRAND LANCASTER),Brazzaville,Gestion Administrative,CDD,,,gestion administrative,Réceptionniste  Secteur : Gestion Administrative.
JOB250002443,EQUIPIER,COLORADO S.A (GRAND LANCASTER),Brazzaville,Nettoyage & Blanchisserie,CDD,,,,EQUIPIER Secteur : Nettoyage & Blanchisserie.
JOB250002445,MENUISIER,COLORADO S.A (GRAND LANCASTER),Brazzaville,"Bâtiment, Travaux Publics & Aménagement du Territoire",CDD,,,,"MENUISIER Secteur : Bâtiment, Travaux Publics & Aménagement du Territoire."
JOB250002530,PLOMBIER,COLORADO S.A (GRAND LANCASTER),Brazzaville,"Bâtiment, Travaux Publics & Aménagement du Territoire",CDD,,,,"PLOMBIER Secteur : Bâtiment, Travaux Publics & Aménagement du Territoire."
JOB250002538,COMMIS DE BANQUET,COLORADO S.A (GRAND LANCASTER),Brazzaville,Hôtellerie - Restauration,CDD,,,,COMMIS DE BANQUET Secteur : Hôtellerie - Restauration.
JOB250002568,Frigoriste,COLORADO S.A (GRAND LANCASTER),Brazzaville,"Industrie, Production & Maintenance",CDD,,,,"Frigoriste  Secteur : Industrie, Production & Maintenance."
JOB250002571,Chargé des relations clients,COLORADO S.A (GRAND LANCASTER),Brazzaville,Hôtellerie - Restauration,CDD,,,,Chargé des relations clients Secteur : Hôtellerie - Restauration.
JOB250002572,Coach sportif,COLORADO S.A (GRAND LANCASTER),Brazzaville,Hôtellerie - Restauration,CDD,,,,Coach sportif Secteur : Hôtellerie - Restauration.
JOB250002573,Coach sportif,COLORADO S.A (GRAND LANCASTER),Brazzaville,Hôtellerie - Restauration,CDD,,,,Coach sportif Secteur : Hôtellerie - Restauration.
JOB250002576,BAGAGISTE,COLORADO S.A (GRAND LANCASTER),Brazzaville,"Transport, Logistique & Supply Chain",CDD,,,supply chain,"BAGAGISTE  Secteur : Transport, Logistique & Supply Chain."
JOB250002663,COMMIS DE CUISINE,COLORADO S.A (GRAND LANCASTER),Brazzaville,Hôtellerie - Restauration,CDD,,,cuisine,COMMIS DE CUISINE  Secteur : Hôtellerie - Restauration.
JOB250002329,OPERATRICE DE CAISSE,COMPAGNIE FINANCIERE AFRICAINE CONGO S.A,Brazzaville,"Finance, Banque, Assurance, Comptabilité & Fiscalité",CDD,,,caisse; comptabilité; fiscalité,"OPERATRICE DE CAISSE  Secteur : Finance, Banque, Assurance, Comptabilité & Fiscalité."
JOB250001440,AGENT DE TRANSIT,CONGO ENERGIE SERVICES,Pointe-Noire,"Transport, Logistique & Supply Chain",CDI,,,supply chain; transit,"AGENT DE TRANSIT Secteur : Transport, Logistique & Supply Chain."
JOB250001441,DECLARANT EN DOUANE,CONGO ENERGIE SERVICES,Pointe-Noire,"Transport, Logistique & Supply Chain",CDI,,,douane; supply chain,"DECLARANT EN DOUANE Secteur : Transport, Logistique & Supply Chain."
JOB250001443,Assistant de Direction,CONGO ENERGIE SERVICES,Pointe-Noire,"Conseil, Stratégie & Gestion des Ressources Humaines",CDD,,,gestion des ressources humaines,"Assistant de Direction Secteur : Conseil, Stratégie & Gestion des Ressources Humaines."
JOB250001524,RESPONSABLELOGISTIQUE,CONGO ENERGIE SERVICES,Pointe-Noire,"Transport, Logistique & Supply Chain",CDD,,,supply chain,"RESPONSABLELOGISTIQUE Secteur : Transport, Logistique & Supply Chain."
JOB250001287,Assistant de direction RH,CONGO MAINTENANCE SERVICES (CMS),Brazzaville,"Conseil, Stratégie & Gestion des Ressources Humaines",CDI,,,gestion des ressources humaines,"Assistant de direction RH Secteur : Conseil, Stratégie & Gestion des Ressources Humaines."
JOB250002407,Technicien Senior en Maintenance ESP,CONGO OILFIELD  SERVICES S.A,Pointe-Noire,"Pétrole, Gaz & Hydrocarbures",CDI,,,,"Technicien Senior en Maintenance ESP Secteur : Pétrole, Gaz & Hydrocarbures."
NONREF000253,Aide,Congo Services,Bouenza,"Conseil, Stratégie & Gestion des Ressources Humaines",CDD,,,gestion des ressources humaines,"Aide Secteur : Conseil, Stratégie & Gestion des Ressources Humaines."
NONREF000254,Aide Chaudronnier,Congo Services,Bouenza,"Conseil, Stratégie & Gestion des Ressources Humaines",CDD,,,gestion des ressources humaines,"Aide Chaudronnier Secteur : Conseil, Stratégie & Gestion des Ressources Humaines."
NONREF000259,Aide Maçon,Congo Services,Bouenza,"Conseil, Stratégie & Gestion des Ressources Humaines",CDD,,,gestion des ressources humaines,"Aide Maçon Secteur : Conseil, Stratégie & Gestion des Ressources Humaines."
NONREF000260,Aide Peintre,Congo Services,Bouenza,"Conseil, Stratégie & Gestion des Ressources Humaines",CDD,,,gestion des ressources humaines,"Aide Peintre Secteur : Conseil, Stratégie & Gestion des Ressources Humaines."
NONREF000264,Calorifugeur OP,Congo Services,Bouenza,"Conseil, Stratégie & Gestion des Ressources Humaines",CDD,,,gestion des ressources humaines,"Calorifugeur OP Secteur : Conseil, Stratégie & Gestion des Ressources Humaines."
NONREF000265,Calorifugeur OQ,Congo Services,Bouenza,"Conseil, Stratégie & Gestion des Ressources Humaines",CDD,,,gestion des ressources humaines,"Calorifugeur OQ Secteur : Conseil, Stratégie & Gestion des Ressources Humaines."
NONREF000267,Chaudronnier,Congo Services,Bouenza,"Conseil, Stratégie & Gestion des Ressources Humaines",CDD,,,gestion des ressources humaines,"Chaudronnier Secteur : Conseil, Stratégie & Gestion des Ressources Humaines."
NONREF000269,Chauffeur,Congo Services,Bouenza,"Conseil, Stratégie & Gestion des Ressources Humaines",CDD,,,gestion des ressources humaines,"Chauffeur Secteur : Conseil, Stratégie & Gestion des Ressources Humaines."
NONREF000271,Chauffeur Tricycle,Congo Services,Bouenza,"Conseil, Stratégie & Gestion des Ressources Humaines",CDD,,,gestion des ressources humaines,"Chauffeur Tricycle Secteur : Conseil, Stratégie & Gestion des Ressources Humaines."
NONREF000275,Chef d'Equipe Calorifuge,Congo Services,Bouenza,"Conseil, Stratégie & Gestion des Ressources Humaines",CDD,,,gestion des ressources humaines,"Chef d'Equipe Calorifuge Secteur : Conseil, Stratégie & Gestion des Ressources Humaines."
NONREF000277,Chef d'Equipe Chaudronnier,Congo Services,Bouenza,"Conseil, Stratégie & Gestion des Ressources Humaines",CDD,,,gestion des ressources humaines,"Chef d'Equipe Chaudronnier Secteur : Conseil, Stratégie & Gestion des Ressources Humaines."
NONREF000281,Chef d'Equipe maçon,Congo Services,Bouenza,"Conseil, Stratégie & Gestion des Ressources Humaines",CDD,,,gestion des ressources humaines,"Chef d'Equipe maçon Secteur : Conseil, Stratégie & Gestion des Ressources Humaines."
NONREF000293,Electricien,Congo Services,Bouenza,"Conseil, Stratégie & Gestion des Ressources Humaines",CDD,,,gestion des ressources humaines,"Electricien Secteur : Conseil, Stratégie & Gestion des Ressources Humaines."
NONREF000299,Ferrailleur,Congo Services,Bouenza,"Conseil, Stratégie & Gestion des Ressources Humaines",CDD,,,gestion des ressources humaines,"Ferrailleur Secteur : Conseil, Stratégie & Gestion des Ressources Humaines."
NONREF000306,Maçon,Congo Services,Bouenza,"Conseil, Stratégie & Gestion des Ressources Humaines",CDD,,,gestion des ressources humaines,"Maçon Secteur : Conseil, Stratégie & Gestion des Ressources Humaines."
NONREF000307,Maçon,Congo Services,Bouenza,"Conseil, Stratégie & Gestion des Ressources Humaines",CDD,,,gestion des ressources humaines,"Maçon Secteur : Conseil, Stratégie & Gestion des Ressources Humaines."
NONREF000308,Maçon carreleur,Congo Services,Bouenza,"Conseil, Stratégie & Gestion des Ressources Humaines",CDD,,,gestion des ressources humaines,"Maçon carreleur Secteur : Conseil, Stratégie & Gestion des Ressources Humaines."
NONREF000309,Maganisier,Congo Services,Bouenza,"Conseil, Stratégie & Gestion des Ressources Humaines",CDD,,,gestion des ressources humaines,"Maganisier Secteur : Conseil, Stratégie & Gestion des Ressources Humaines."
NONREF000350,Menusier Coffreur,Congo Services,Bouenza,"Conseil, Stratégie & Gestion des Ressources Humaines",CDD,,,gestion des ressources humaines,"Menusier Coffreur Secteur : Conseil, Stratégie & Gestion des Ressources Humaines."
NONREF000352,Monteur,Congo Services,Bouenza,"Conseil, Stratégie & Gestion des Ressources Humaines",CDD,,,gestion des ressources humaines,"Monteur Secteur : Conseil, Stratégie & Gestion des Ressources Humaines."
NONREF000361,Opérateur Marteau P,Congo Services,Bouenza,"Conseil, Stratégie & Gestion des Ressources Humaines",CDD,,,gestion des ressources humaines,"Opérateur Marteau P Secteur : Conseil, Stratégie & Gestion des Ressources Humaines."
NONREF000367,Peintre,Congo Services,Bouenza,"Conseil, Stratégie & Gestion des Ressources Humaines",CDD,,,gestion des ressources humaines,"Peintre Secteur : Conseil, Stratégie & Gestion des Ressources Humaines."
NONREF000368,Plombier,Congo Services,Bouenza,"Conseil, Stratégie & Gestion des Ressources Humaines",CDD,,,gestion des ressources humaines,"Plombier Secteur : Conseil, Stratégie & Gestion des Ressources Humaines."
NONREF000369,Plombier,Congo Services,Bouenza,"Conseil, Stratégie & Gestion des Ressources Humaines",CDD,,,gestion des ressources humaines,"Plombier Secteur : Conseil, Stratégie & Gestion des Ressources Humaines."
NONREF000378,Soudeur,Congo Services,Bouenza,"Conseil, Stratégie & Gestion des Ressources Humaines",CDD,,,gestion des ressources humaines,"Soudeur Secteur : Conseil, Stratégie & Gestion des Ressources Humaines."
NONREF000381,Soudeur OP,Congo Services,Bouenza,"Conseil, Stratégie & Gestion des Ressources Humaines",CDD,,,gestion des ressources humaines,"Soudeur OP Secteur : Conseil, Stratégie & Gestion des Ressources Humaines."
NONREF000384,Soudeur OQ,Congo Services,Bouenza,"Conseil, Stratégie & Gestion des Ressources Humaines",CDD,,,gestion des ressources humaines,"Soudeur OQ Secteur : Conseil, Stratégie & Gestion des Ressources Humaines."
JOB250000891,Assistant Logistique,CONGO SERVICES INTERIM,Brazzaville,"Transport, Logistique & Supply Chain",Contrat d'intérim,,,supply chain,"Assistant Logistique Secteur : Transport, Logistique & Supply Chain."
JOB250000892,ASSISTANT COMPTABLE,CONGO SERVICES INTERIM,Brazzaville,"Finance, Banque, Assurance, Comptabilité & Fiscalité",Contrat d'intérim,,,comptabilité; fiscalité,"ASSISTANT COMPTABLE Secteur : Finance, Banque, Assurance, Comptabilité & Fiscalité."
JOB250000909,ASSISTANT COMPTABLE,CONGO SERVICES INTERIM,Brazzaville,"Finance, Banque, Assurance, Comptabilité & Fiscalité",CDD,,,comptabilité; fiscalité,"ASSISTANT COMPTABLE Secteur : Finance, Banque, Assurance, Comptabilité & Fiscalité."
JOB250000910,Assistant Logistique,CONGO SERVICES INTERIM,Brazzaville,"Transport, Logistique & Supply Chain",CDD,,,supply chain,"Assistant Logistique Secteur : Transport, Logistique & Supply Chain."
JOB250001546,Graisseur,CONGO SERVICES INTERIM,Nkayi,"Industrie, Production & Maintenance",CDD,,,,"Graisseur Secteur : Industrie, Production & Maintenance."
JOB250001552,Mecanicien Outils Agricole et Remorques,CONGO SERVICES INTERIM,Nkayi,"Commerce, Vente, Marketing & Distribution",CDD,,,vente,"Mecanicien Outils Agricole et Remorques Secteur : Commerce, Vente, Marketing & Distribution."
JOB250001553,Electricien AutoRecolte,CONGO SERVICES INTERIM,Nkayi,"Commerce, Vente, Marketing & Distribution",CDD,,,vente,"Electricien AutoRecolte Secteur : Commerce, Vente, Marketing & Distribution."
JOB250001554,Manœuvre,CONGO SERVICES INTERIM,Nkayi,"Commerce, Vente, Marketing & Distribution",CDD,,,vente,"Manœuvre Secteur : Commerce, Vente, Marketing & Distribution."
JOB250001555,AIDE MECANICIEN,CONGO SERVICES INTERIM,Nkayi,"Commerce, Vente, Marketing & Distribution",CDD,,,vente,"AIDE MECANICIEN Secteur : Commerce, Vente, Marketing & Distribution."
JOB250001556,POMPISTE,CONGO SERVICES INTERIM,Nkayi,"Commerce, Vente, Marketing & Distribution",CDD,,,vente,"POMPISTE  Secteur : Commerce, Vente, Marketing & Distribution."
JOB250001557,Marqueur pont,CONGO SERVICES INTERIM,Nkayi,"Commerce, Vente, Marketing & Distribution",CDD,,,vente,"Marqueur pont Secteur : Commerce, Vente, Marketing & Distribution."
JOB250001558,Agent ORDONNANCIER,CONGO SERVICES INTERIM,Nkayi,"Commerce, Vente, Marketing & Distribution",CDD,,,vente,"Agent ORDONNANCIER Secteur : Commerce, Vente, Marketing & Distribution."
JOB250001559,MAGASINIER,CONGO SERVICES INTERIM,Nkayi,"Commerce, Vente, Marketing & Distribution",CDD,,,vente,"MAGASINIER  Secteur : Commerce, Vente, Marketing & Distribution."
JOB250001560,MAGASINIER,CONGO SERVICES INTERIM,Nkayi,"Commerce, Vente, Marketing & Distribution",CDD,,,vente,"MAGASINIER  Secteur : Commerce, Vente, Marketing & Distribution."
JOB250001561,MAGASINIER,CONGO SERVICES INTERIM,Nkayi,"Commerce, Vente, Marketing & Distribution",CDD,,,vente,"MAGASINIER  Secteur : Commerce, Vente, Marketing & Distribution."
JOB250001568,OPERATEUR STEP,CONGO SERVICES INTERIM,Nkayi,"Commerce, Vente, Marketing & Distribution",CDD,,,vente,"OPERATEUR STEP Secteur : Commerce, Vente, Marketing & Distribution."
JOB250001569,MECANICIEN VL/PL,CONGO SERVICES INTERIM,Nkayi,"Commerce, Vente, Marketing & Distribution",CDD,,,vente,"MECANICIEN VL/PL Secteur : Commerce, Vente, Marketing & Distribution."
JOB250001570,MECANICIEN RECOLTE,CONGO SERVICES INTERIM,Nkayi,"Commerce, Vente, Marketing & Distribution",CDD,,,vente,"MECANICIEN RECOLTE  Secteur : Commerce, Vente, Marketing & Distribution."
NONREF000050,Assistante super U,CONGO TERMINAL,Pointe-Noire,"Transport, Logistique & Supply Chain",CDD,,,supply chain,"Assistante super U Secteur : Transport, Logistique & Supply Chain."
NONREF000077,Chef de département dvptRH,CONGO TERMINAL,Pointe-Noire,"Conseil, Stratégie & Gestion des Ressources Humaines",CDD,,,gestion des ressources humaines,"Chef de département dvptRH Secteur : Conseil, Stratégie & Gestion des Ressources Humaines."
JOB250001648,CONTROLEUR DE GESTION DE PROJET,CONGO TERMINAL,Pointe-Noire,"Conseil, Stratégie & Gestion des Ressources Humaines",CDD,,,gestion des ressources humaines,"CONTROLEUR DE GESTION DE PROJET  Secteur : Conseil, Stratégie & Gestion des Ressources Humaines."
JOB250001651,Chef de Département Développement RH et Relations Ecoles,CONGO TERMINAL,Pointe-Noire,"Conseil, Stratégie & Gestion des Ressources Humaines",CDI,,,gestion des ressources humaines,"Chef de Département Développement RH et Relations Ecoles Secteur : Conseil, Stratégie & Gestion des Ressources Humaines."
JOB250002648,Directeur d'Exploitation,CONGO TERMINAL,Pointe-Noire,"Conseil, Stratégie & Gestion des Ressources Humaines",CDD,,,gestion des ressources humaines,"Directeur d'Exploitation  Secteur : Conseil, Stratégie & Gestion des Ressources Humaines."
JOB250002802,Comptable Général,CONGO TERMINAL,Pointe-Noire,"Finance, Banque, Assurance, Comptabilité & Fiscalité",CDD,,,comptabilité; fiscalité,"Comptable Général Secteur : Finance, Banque, Assurance, Comptabilité & Fiscalité."
JOB250002111,Animateur de Clusters Agricoles,Congolaise Terre des Hommes Association ( CTHA),Brazzaville,Agriculture & Industrie Agroalimentaire,CDD,,,,Animateur de Clusters Agricoles Secteur : Agriculture & Industrie Agroalimentaire.
NONREF000020,Assistant administratif,COTEN,Pointe-Noire,"Industrie, Production & Maintenance",CDD,,,,"Assistant administratif Secteur : Industrie, Production & Maintenance."
NONREF000147,Gestionnaire financier et cpt,COTEN,Pointe-Noire,"Industrie, Production & Maintenance",CDD,,,,"Gestionnaire financier et cpt Secteur : Industrie, Production & Maintenance."
NONREF000221,Responsable RH,COTEN,Pointe-Noire,"Conseil, Stratégie & Gestion des Ressources Humaines",CDD,,,gestion des ressources humaines,"Responsable RH Secteur : Conseil, Stratégie & Gestion des Ressources Humaines."
JOB250001710,Responsable de Projets Stratégiques & Transformation,CREDIT DU CONGO,Pointe-Noire,"Conseil, Stratégie & Gestion des Ressources Humaines",CDD,,,gestion des ressources humaines,"Responsable de Projets Stratégiques & Transformation Secteur : Conseil, Stratégie & Gestion des Ressources Humaines."
JOB250001329,Chauffeur,DA RONG,Brazzaville,"Commerce, Vente, Marketing & Distribution",CDI,,,vente,"Chauffeur  Secteur : Commerce, Vente, Marketing & Distribution."
JOB250001330,Manœuvre,DA RONG,Brazzaville,"Bâtiment, Travaux Publics & Aménagement du Territoire",CDI,,,,"Manœuvre Secteur : Bâtiment, Travaux Publics & Aménagement du Territoire."
JOB250001331,Manœuvre,DA RONG,Brazzaville,"Bâtiment, Travaux Publics & Aménagement du Territoire",CDI,,,,"Manœuvre Secteur : Bâtiment, Travaux Publics & Aménagement du Territoire."
NONREF000166,Magasinier,DARON CONGO,Pointe-Noire,"Transport, Logistique & Supply Chain",CDD,,,supply chain,"Magasinier Secteur : Transport, Logistique & Supply Chain."
NONREF000031,Assistant resp et logistique,DARON SAM CONGO,Pointe-Noire,"Commerce, Vente, Marketing & Distribution",CDD,,,vente,"Assistant resp et logistique Secteur : Commerce, Vente, Marketing & Distribution."
NONREF000230,Sénior manager Expertise-CPT,DELOITTE,Pointe-Noire,"Pétrole, Gaz & Hydrocarbures",CDI,,,,"Sénior manager Expertise-CPT Secteur : Pétrole, Gaz & Hydrocarbures."
JOB250000977,MANAGER,DELOITTE TOUCHE TOHMATSU,Pointe-Noire,"Finance, Banque, Assurance, Comptabilité & Fiscalité",CDI,,,comptabilité; fiscalité,"MANAGER Secteur : Finance, Banque, Assurance, Comptabilité & Fiscalité."
JOB250001739,RESPONSABLE DES ACHATS,DI AFRICA CONGO SA,Brazzaville,"Conseil, Stratégie & Gestion des Ressources Humaines",CDD,,,gestion des ressources humaines,"RESPONSABLE DES ACHATS  Secteur : Conseil, Stratégie & Gestion des Ressources Humaines."
JOB250001756,RESPONSABLE DE LA BLANCHISSERIE,DI AFRICA CONGO SA,Brazzaville,"Conseil, Stratégie & Gestion des Ressources Humaines",CDD,,,gestion des ressources humaines,"RESPONSABLE DE LA BLANCHISSERIE  Secteur : Conseil, Stratégie & Gestion des Ressources Humaines."
JOB250001760,Stage Assistant Fiscaliste,DI AFRICA CONGO SA,Brazzaville,"Conseil, Stratégie & Gestion des Ressources Humaines",CDD,,,gestion des ressources humaines,"Stage Assistant Fiscaliste  Secteur : Conseil, Stratégie & Gestion des Ressources Humaines."
JOB250001763,Agent Customer Registration (KYC),DI AFRICA CONGO SA,Brazzaville,"Conseil, Stratégie & Gestion des Ressources Humaines",CDD,,,gestion des ressources humaines,"Agent Customer Registration (KYC) Secteur : Conseil, Stratégie & Gestion des Ressources Humaines."
JOB250001764,ASSISTANT ADMINISTRATIF,DI AFRICA CONGO SA,Brazzaville,"Conseil, Stratégie & Gestion des Ressources Humaines",CDD,,,gestion des ressources humaines,"ASSISTANT ADMINISTRATIF Secteur : Conseil, Stratégie & Gestion des Ressources Humaines."
JOB250001765,CHARGE DE LA COMMUNICATION INTERNE,DI AFRICA CONGO SA,Brazzaville,"Conseil, Stratégie & Gestion des Ressources Humaines",CDD,,,gestion des ressources humaines,"CHARGE DE LA COMMUNICATION INTERNE Secteur : Conseil, Stratégie & Gestion des Ressources Humaines."
JOB250001766,CHARGE DE RECRUTEMENT,DI AFRICA CONGO SA,Brazzaville,"Conseil, Stratégie & Gestion des Ressources Humaines",CDD,,,gestion des ressources humaines,"CHARGE DE RECRUTEMENT Secteur : Conseil, Stratégie & Gestion des Ressources Humaines."
JOB250001767,VIDEOGRAPHISTE,DI AFRICA CONGO SA,Brazzaville,"Conseil, Stratégie & Gestion des Ressources Humaines",CDD,,,gestion des ressources humaines,"VIDEOGRAPHISTE  Secteur : Conseil, Stratégie & Gestion des Ressources Humaines."
JOB250001770,AGENT CLOSED LOPP FEEDBACK,DI AFRICA CONGO SA,Brazzaville,"Conseil, Stratégie & Gestion des Ressources Humaines",CDD,,,gestion des ressources humaines,"AGENT CLOSED LOPP FEEDBACK Secteur : Conseil, Stratégie & Gestion des Ressources Humaines."
JOB250001771,AGENT BACK OFFICE TROUBLESHOOTING,DI AFRICA CONGO SA,Brazzaville,"Conseil, Stratégie & Gestion des Ressources Humaines",CDD,,,gestion des ressources humaines,"AGENT BACK OFFICE TROUBLESHOOTING  Secteur : Conseil, Stratégie & Gestion des Ressources Humaines."
JOB250001773,CONSEILLER DIGITAL-ASSISTED CHANNEL,DI AFRICA CONGO SA,Brazzaville,"Conseil, Stratégie & Gestion des Ressources Humaines",CDD,,,gestion des ressources humaines,"CONSEILLER DIGITAL-ASSISTED CHANNEL Secteur : Conseil, Stratégie & Gestion des Ressources Humaines."
JOB250001774,COORDINATEUR COMMERCIAL EBU,DI AFRICA CONGO SA,Brazzaville,"Conseil, Stratégie & Gestion des Ressources Humaines",CDD,,,gestion des ressources humaines,"COORDINATEUR COMMERCIAL EBU  Secteur : Conseil, Stratégie & Gestion des Ressources Humaines."
JOB250001776,Coordinateur produit et services,DI AFRICA CONGO SA,Brazzaville,"Conseil, Stratégie & Gestion des Ressources Humaines",CDD,,,gestion des ressources humaines,"Coordinateur produit et services Secteur : Conseil, Stratégie & Gestion des Ressources Humaines."
JOB250001777,SUPERVISEUR FLEET,DI AFRICA CONGO SA,Brazzaville,"Conseil, Stratégie & Gestion des Ressources Humaines",CDD,,,gestion des ressources humaines,"SUPERVISEUR FLEET Secteur : Conseil, Stratégie & Gestion des Ressources Humaines."
JOB250001778,TECHNICIEN INFORMATIQUE,DI AFRICA CONGO SA,Brazzaville,"Conseil, Stratégie & Gestion des Ressources Humaines",CDD,,,gestion des ressources humaines,"TECHNICIEN INFORMATIQUE Secteur : Conseil, Stratégie & Gestion des Ressources Humaines."
JOB250001779,Coordonnateur Sécurité,DI AFRICA CONGO SA,Brazzaville,"Conseil, Stratégie & Gestion des Ressources Humaines",CDD,,,gestion des ressources humaines,"Coordonnateur Sécurité Secteur : Conseil, Stratégie & Gestion des Ressources Humaines."
JOB250001780,SUPERVISEUR FUEL,DI AFRICA CONGO SA,Brazzaville,"Conseil, Stratégie & Gestion des Ressources Humaines",CDD,,,gestion des ressources humaines,"SUPERVISEUR FUEL Secteur : Conseil, Stratégie & Gestion des Ressources Humaines."
JOB250001781,AGENT DE LIAISON,DI AFRICA CONGO SA,Brazzaville,"Conseil, Stratégie & Gestion des Ressources Humaines",CDD,,,gestion des ressources humaines,"AGENT DE LIAISON  Secteur : Conseil, Stratégie & Gestion des Ressources Humaines."
JOB250001799,conseiller service centre,DI AFRICA CONGO SA,Brazzaville,"Conseil, Stratégie & Gestion des Ressources Humaines",CDD,,,gestion des ressources humaines,"conseiller service centre Secteur : Conseil, Stratégie & Gestion des Ressources Humaines."
JOB250001800,PRESALES INGENIEUR,DI AFRICA CONGO SA,Brazzaville,"Conseil, Stratégie & Gestion des Ressources Humaines",CDD,,,gestion des ressources humaines,"PRESALES INGENIEUR Secteur : Conseil, Stratégie & Gestion des Ressources Humaines."
JOB250001804,Coordinateur Marketing EBU,DI AFRICA CONGO SA,Brazzaville,"Conseil, Stratégie & Gestion des Ressources Humaines",CDD,,,gestion des ressources humaines,"Coordinateur Marketing EBU Secteur : Conseil, Stratégie & Gestion des Ressources Humaines."
JOB250001809,PRESALES INGENIEUR,DI AFRICA CONGO SA,Brazzaville,"Conseil, Stratégie & Gestion des Ressources Humaines",CDI,,,gestion des ressources humaines,"PRESALES INGENIEUR Secteur : Conseil, Stratégie & Gestion des Ressources Humaines."
JOB250002065,Responsable des Opération Groupe,DI AFRICA CONGO SA,Pointe-Noire,"Conseil, Stratégie & Gestion des Ressources Humaines",CDD,,,gestion des ressources humaines,"Responsable des Opération Groupe Secteur : Conseil, Stratégie & Gestion des Ressources Humaines."
JOB250001637,Responsable de la Blanchisserie,DI-Africa (Congo) SA,Pointe-Noire,Nettoyage & Blanchisserie,CDD,,,,Responsable de la Blanchisserie Secteur : Nettoyage & Blanchisserie.
JOB250001641,Responsable de la Sécurité,DI-Africa (Congo) SA,Pointe-Noire,"Sécurité, Sûreté & Défense",CDD,,,,"Responsable de la Sécurité Secteur : Sécurité, Sûreté & Défense."
JOB250001643,Superviseurde l'Intendance,DI-Africa (Congo) SA,Pointe-Noire,Hôtellerie - Restauration,CDD,,,,Superviseurde l'Intendance Secteur : Hôtellerie - Restauration.
JOB250001646,RESPONSABLE DES ACHATS,DI-Africa (Congo) SA,Pointe-Noire,Hôtellerie - Restauration,CDD,,,,RESPONSABLE DES ACHATS  Secteur : Hôtellerie - Restauration.
JOB250001664,Chauffeur,DI-Africa (Congo) SA,Pointe-Noire,"Transport, Logistique & Supply Chain",CDD,,,supply chain,"Chauffeur  Secteur : Transport, Logistique & Supply Chain."
JOB250002210,Tacheron,DI-Africa (Congo) SA,Pointe-Noire,Divers,CDD,,,,Tacheron Secteur : Divers .
JOB250002364,Chauffeur,DI-Africa (Congo) SA,Brazzaville,"Transport, Logistique & Supply Chain",CDD,,,supply chain,"Chauffeur  Secteur : Transport, Logistique & Supply Chain."
JOB250002367,Agent d'enregistrement client,DI-Africa (Congo) SA,Brazzaville,"Informatique, Data, Télécommunications & Digital",CDD,,,,"Agent d'enregistrement client Secteur : Informatique, Data, Télécommunications & Digital."
JOB250002368,Assistant-Administratif,DI-Africa (Congo) SA,Brazzaville,"Conseil, Stratégie & Gestion des Ressources Humaines",CDD,,,gestion des ressources humaines,"Assistant-Administratif Secteur : Conseil, Stratégie & Gestion des Ressources Humaines."
JOB250002369,Agent de support technique niveau 2,DI-Africa (Congo) SA,Brazzaville,"Informatique, Data, Télécommunications & Digital",CDD,,,,"Agent de support technique niveau 2 Secteur : Informatique, Data, Télécommunications & Digital."
JOB250002370,Coordinateur Commercial EBU,DI-Africa (Congo) SA,Brazzaville,"Commerce, Vente, Marketing & Distribution",CDD,,,vente,"Coordinateur Commercial EBU Secteur : Commerce, Vente, Marketing & Distribution."
JOB250002371,Coordinateur produit et services,DI-Africa (Congo) SA,Brazzaville,"Commerce, Vente, Marketing & Distribution",CDD,,,vente,"Coordinateur produit et services Secteur : Commerce, Vente, Marketing & Distribution."
JOB250002372,Presales Ingénieur,DI-Africa (Congo) SA,Brazzaville,"Informatique, Data, Télécommunications & Digital",CDD,,,,"Presales Ingénieur Secteur : Informatique, Data, Télécommunications & Digital."
JOB250002373,Chauffeurde Direction,DI-Africa (Congo) SA,Brazzaville,"Transport, Logistique & Supply Chain",CDD,,,supply chain,"Chauffeurde Direction Secteur : Transport, Logistique & Supply Chain."
JOB250002374,Coordinateur Marketing EBU,DI-Africa (Congo) SA,Brazzaville,"Communication, Médias & Événementiel",CDD,,,,"Coordinateur Marketing EBU Secteur : Communication, Médias & Événementiel."
JOB250002380,FINANCE,DI-Africa (Congo) SA,Brazzaville,"Finance, Banque, Assurance, Comptabilité & Fiscalité",CDD,,,comptabilité; fiscalité,"FINANCE Secteur : Finance, Banque, Assurance, Comptabilité & Fiscalité."
JOB250002381,TECHNICIEN INFORMATIQUE,DI-Africa (Congo) SA,Brazzaville,"Informatique, Data, Télécommunications & Digital",CDD,,,,"TECHNICIEN INFORMATIQUE Secteur : Informatique, Data, Télécommunications & Digital."
JOB250002382,Conseiller Digital,DI-Africa (Congo) SA,Brazzaville,"Communication, Médias & Événementiel",CDD,,,,"Conseiller Digital Secteur : Communication, Médias & Événementiel."
JOB250002383,Coordinateur produit et services,DI-Africa (Congo) SA,Brazzaville,"Commerce, Vente, Marketing & Distribution",CDD,,,vente,"Coordinateur produit et services Secteur : Commerce, Vente, Marketing & Distribution."
JOB250002384,SUPERVISEUR FLEET,DI-Africa (Congo) SA,Brazzaville,"Transport, Logistique & Supply Chain",CDD,,,supply chain,"SUPERVISEUR FLEET Secteur : Transport, Logistique & Supply Chain."
JOB250002385,conseiller service centre,DI-Africa (Congo) SA,Brazzaville,"Commerce, Vente, Marketing & Distribution",CDD,,,vente,"conseiller service centre Secteur : Commerce, Vente, Marketing & Distribution."
JOB250002386,Agent de gestion des retours clients,DI-Africa (Congo) SA,Brazzaville,"Communication, Médias & Événementiel",CDD,,,,"Agent de gestion des retours clients Secteur : Communication, Médias & Événementiel."
JOB250002862,Gestionnaire de point de vente,DI-Africa (Congo) SA,Brazzaville,"Finance, Banque, Assurance, Comptabilité & Fiscalité",CDD,,,comptabilité; fiscalité; vente,"Gestionnaire de point de vente  Secteur : Finance, Banque, Assurance, Comptabilité & Fiscalité."
JOB250002863,CAISSIER,DI-Africa (Congo) SA,Brazzaville,"Finance, Banque, Assurance, Comptabilité & Fiscalité",CDD,,,comptabilité; fiscalité,"CAISSIER Secteur : Finance, Banque, Assurance, Comptabilité & Fiscalité."
JOB250002540,Contremaître de Quart,DISTILLERIE DU CONGO,Kayes,Agriculture & Industrie Agroalimentaire,CDI,,,,Contremaître de Quart Secteur : Agriculture & Industrie Agroalimentaire.
JOB250001512,Chauffeur Poids Lourds,DISTRICT DE LOANGO,Kouilou,"Transport, Logistique & Supply Chain",CDI,,,supply chain,"Chauffeur Poids Lourds Secteur : Transport, Logistique & Supply Chain."
JOB250001532,ACHETEUR,DIXSTONE OPERATIONS CONGO,Pointe-Noire,"Commerce, Vente, Marketing & Distribution",CDD,,,vente,"ACHETEUR Secteur : Commerce, Vente, Marketing & Distribution."
JOB250001582,SUPPLY CHAIN MANAGER,DIXSTONE OPERATIONS CONGO,Pointe-Noire,"Énergie, Environnement & Eau",CDI,,,supply chain,"SUPPLY CHAIN MANAGER Secteur : Énergie, Environnement & Eau."
JOB250001583,Représentant Pays,DIXSTONE OPERATIONS CONGO,Pointe-Noire,"Énergie, Environnement & Eau",CDI,,,,"Représentant Pays Secteur : Énergie, Environnement & Eau."
JOB250001823,HR GENERALIST,DIXSTONE OPERATIONS CONGO,Pointe-Noire,"Énergie, Environnement & Eau",CDD,,,,"HR GENERALIST Secteur : Énergie, Environnement & Eau."
JOB250001825,"HR, Taxes & Compliance Assistant",DIXSTONE OPERATIONS CONGO,Pointe-Noire,"Énergie, Environnement & Eau",CDD,,,,"HR, Taxes & Compliance Assistant Secteur : Énergie, Environnement & Eau."
JOB250002359,Responsable de l'entretienou de la maintenance des puits,DIXSTONE OPERATIONS CONGO,Pointe-Noire,"Énergie, Environnement & Eau",CDI,,,,"Responsable de l'entretienou de la maintenance des puits Secteur : Énergie, Environnement & Eau."
JOB250002361,Superintendant Maintenance,DIXSTONE OPERATIONS CONGO,Pointe-Noire,"Pétrole, Gaz & Hydrocarbures",CDI,,,,"Superintendant Maintenance Secteur : Pétrole, Gaz & Hydrocarbures."
JOB250002397,Responsable de l'entretienou de la maintenance des puits,DIXSTONE OPERATIONS CONGO,Pointe-Noire,"Pétrole, Gaz & Hydrocarbures",CDI,,,,"Responsable de l'entretienou de la maintenance des puits Secteur : Pétrole, Gaz & Hydrocarbures."
JOB250002398,Superintendant Maintenance,DIXSTONE OPERATIONS CONGO,Pointe-Noire,"Pétrole, Gaz & Hydrocarbures",CDI,,,,"Superintendant Maintenance Secteur : Pétrole, Gaz & Hydrocarbures."
JOB250002412,RESPONSABLE RESSOURCES HUMAINES,DIXSTONE OPERATIONS CONGO,Pointe-Noire,"Conseil, Stratégie & Gestion des Ressources Humaines",CDD,,,gestion des ressources humaines,"RESPONSABLE RESSOURCES HUMAINES  Secteur : Conseil, Stratégie & Gestion des Ressources Humaines."
JOB250002413,Ingenieur de Forage,DIXSTONE OPERATIONS CONGO,Pointe-Noire,"Énergie, Environnement & Eau",CDI,,,forage,"Ingenieur de Forage Secteur : Énergie, Environnement & Eau."
JOB250002436,SENIOR RH,DIXSTONE OPERATIONS CONGO,Pointe-Noire,"Conseil, Stratégie & Gestion des Ressources Humaines",CDD,,,gestion des ressources humaines,"SENIOR RH Secteur : Conseil, Stratégie & Gestion des Ressources Humaines."
JOB250002437,Ingenieur de Forage,DIXSTONE OPERATIONS CONGO,Pointe-Noire,"Énergie, Environnement & Eau",CDD,,,forage,"Ingenieur de Forage Secteur : Énergie, Environnement & Eau."
JOB250002545,Chef comptable,DIXSTONE OPERATIONS CONGO,Pointe-Noire,"Finance, Banque, Assurance, Comptabilité & Fiscalité",CDD,,,comptabilité; fiscalité,"Chef comptable Secteur : Finance, Banque, Assurance, Comptabilité & Fiscalité."
JOB250002546,Comptable Général,DIXSTONE OPERATIONS CONGO,Pointe-Noire,"Énergie, Environnement & Eau",CDD,,,,"Comptable Général Secteur : Énergie, Environnement & Eau."
JOB250002547,Coordinateur Contrat & Achat,DIXSTONE OPERATIONS CONGO,Pointe-Noire,"Énergie, Environnement & Eau",CDD,,,,"Coordinateur Contrat & Achat Secteur : Énergie, Environnement & Eau."
JOB250002652,Chef foreur,DIXSTONE OPERATIONS CONGO,Pointe-Noire,"Énergie, Environnement & Eau",CDD,,,,"Chef foreur Secteur : Énergie, Environnement & Eau."
JOB250002684,Référent comptable fournisseurs et clients,DIXSTONE OPERATIONS CONGO,Pointe-Noire,"Finance, Banque, Assurance, Comptabilité & Fiscalité",CDD,,,comptabilité; fiscalité,"Référent comptable fournisseurs et clients  Secteur : Finance, Banque, Assurance, Comptabilité & Fiscalité."
JOB250002728,Chef foreur,DIXSTONE OPERATIONS CONGO,Pointe-Noire,"Énergie, Environnement & Eau",CDD,,,,"Chef foreur Secteur : Énergie, Environnement & Eau."
JOB250002761,Référent comptable fournisseurs et clients,DIXSTONE OPERATIONS CONGO,Pointe-Noire,"Finance, Banque, Assurance, Comptabilité & Fiscalité",CDD,,,comptabilité; fiscalité,"Référent comptable fournisseurs et clients  Secteur : Finance, Banque, Assurance, Comptabilité & Fiscalité."
NONREF000090,Commercial,DMC IRON,Pointe-Noire,"Industrie, Production & Maintenance",CDD,,,,"Commercial Secteur : Industrie, Production & Maintenance."
NONREF000091,Commercial machine,DMC IRON,Pointe-Noire,"Industrie, Production & Maintenance",CDD,,,,"Commercial machine  Secteur : Industrie, Production & Maintenance."
NONREF000212,Responsable groupe electrogene,DMC IRON,Pointe-Noire,"Industrie, Production & Maintenance",CDD,,,,"Responsable groupe electrogene Secteur : Industrie, Production & Maintenance."
NONREF000225,Secretaire administrative,DMC IRON,Pointe-Noire,"Industrie, Production & Maintenance",CDD,,,,"Secretaire administrative Secteur : Industrie, Production & Maintenance."
NONREF000247,Techno-commercial,DMC IRON,Pointe-Noire,"Industrie, Production & Maintenance",CDD,,,,"Techno-commercial Secteur : Industrie, Production & Maintenance."
JOB250001647,COMPTABLE,DRIAN & PARTNERS,Pointe-Noire,"Finance, Banque, Assurance, Comptabilité & Fiscalité",CDD,,,comptabilité; fiscalité,"COMPTABLE  Secteur : Finance, Banque, Assurance, Comptabilité & Fiscalité."
JOB250000943,Agent de recrutement,EAD (ECOLE AFRICAINE DE DEVELOPPEMENT ),Pointe-Noire,"Conseil, Stratégie & Gestion des Ressources Humaines",CDI,,,gestion des ressources humaines,"Agent de recrutement Secteur : Conseil, Stratégie & Gestion des Ressources Humaines."
JOB250001151,RESPONSABLE GESTION DES ARCHIVES (ARCHIVISTE),Ecobank,Brazzaville,"Finance, Banque, Assurance, Comptabilité & Fiscalité",CDD,,,comptabilité; fiscalité,"RESPONSABLE GESTION DES ARCHIVES (ARCHIVISTE) Secteur : Finance, Banque, Assurance, Comptabilité & Fiscalité."
JOB250001497,AUDITEUR INTERNE,Ecobank,Brazzaville,"Finance, Banque, Assurance, Comptabilité & Fiscalité",CDD,,,comptabilité; fiscalité,"AUDITEUR INTERNE  Secteur : Finance, Banque, Assurance, Comptabilité & Fiscalité."
JOB250001879,DIRECTEURAUDIT PEAGE,EGIS ROAD OPERATION CONGO,Brazzaville,Divers,CDD,,,,DIRECTEURAUDIT PEAGE Secteur : Divers .
JOB250002835,Directeur d’Exploitation,EGIS ROAD OPERATION CONGO,Brazzaville,Divers,CDI,,,,Directeur d’Exploitation Secteur : Divers .
JOB250002212,Responsable Travaux Ligne Aerienne,EIFFAGE ENERGIE SYSTEMES-TRANSPORT ET DISTRIBUTION,Pointe-Noire,"Énergie, Environnement & Eau",CDI,,,,"Responsable Travaux Ligne Aerienne Secteur : Énergie, Environnement & Eau."
JOB250002213,ResponsableTravaux Génie Civil,EIFFAGE ENERGIE SYSTEMES-TRANSPORT ET DISTRIBUTION,Pointe-Noire,"Bâtiment, Travaux Publics & Aménagement du Territoire",CDI,,,génie civil,"ResponsableTravaux Génie Civil Secteur : Bâtiment, Travaux Publics & Aménagement du Territoire."
JOB250002214,Coordinateur Travaux,EIFFAGE ENERGIE SYSTEMES-TRANSPORT ET DISTRIBUTION,Pointe-Noire,"Bâtiment, Travaux Publics & Aménagement du Territoire",CDI,,,,"Coordinateur Travaux Secteur : Bâtiment, Travaux Publics & Aménagement du Territoire."
JOB250002252,Responsable de Chantier,EIFFAGE ENERGIE SYSTEMES-TRANSPORT ET DISTRIBUTION,Pointe-Noire,"Bâtiment, Travaux Publics & Aménagement du Territoire",CDI,,,,"Responsable de Chantier Secteur : Bâtiment, Travaux Publics & Aménagement du Territoire."
JOB250002318,Superviseur Travaux Génie Civil,EIFFAGE ENERGIE SYSTEMES-TRANSPORT ET DISTRIBUTION,Pointe-Noire,"Bâtiment, Travaux Publics & Aménagement du Territoire",CDI,,,génie civil,"Superviseur Travaux Génie Civil Secteur : Bâtiment, Travaux Publics & Aménagement du Territoire."
NONREF000095,Commis restaurant,ELAIS,Pointe-Noire,Hôtellerie - Restauration,CDD,,,,Commis restaurant Secteur : Hôtellerie - Restauration.
JOB250000979,COMPTABLE,ELSA PREMIUM SERVICES,Pointe-Noire,"Finance, Banque, Assurance, Comptabilité & Fiscalité",CDD,,,comptabilité; fiscalité,"COMPTABLE  Secteur : Finance, Banque, Assurance, Comptabilité & Fiscalité."
JOB250000980,Assistant GUOT,ELSA PREMIUM SERVICES,Pointe-Noire,"Transport, Logistique & Supply Chain",CDD,,,supply chain,"Assistant GUOT Secteur : Transport, Logistique & Supply Chain."
JOB250001202,CHEF DE SERVIES TRANSIT ET LOGISTIQUE ADJOINT,ELSA PREMIUM SERVICES,Pointe-Noire,"Transport, Logistique & Supply Chain",CDD,,,supply chain; transit,"CHEF DE SERVIES TRANSIT ET LOGISTIQUE ADJOINT Secteur : Transport, Logistique & Supply Chain."
JOB250001718,SECRETAIRE,ELSA PREMIUM SERVICES,Pointe-Noire,"Conseil, Stratégie & Gestion des Ressources Humaines",CDD,,,gestion des ressources humaines,"SECRETAIRE  Secteur : Conseil, Stratégie & Gestion des Ressources Humaines."
NONREF000008,Agent de recouvrement,EMPLOI SERVICE,Pointe-Noire,"Commerce, Vente, Marketing & Distribution",CDD,,,vente,"Agent de recouvrement Secteur : Commerce, Vente, Marketing & Distribution."
NONREF000161,it support,EMPLOI SERVICE,Pointe-Noire,"Commerce, Vente, Marketing & Distribution",CDD,,,vente,"it support Secteur : Commerce, Vente, Marketing & Distribution."
JOB250001119,ADMINISTRATEUR RESEAU INFORMATIQUE,EMPLOI SERVICE CONGO sarl,Brazzaville,"Informatique, Data, Télécommunications & Digital",CDD,,,,"ADMINISTRATEUR RESEAU INFORMATIQUE  Secteur : Informatique, Data, Télécommunications & Digital."
JOB250001121,COORDINATEUR EBU (GESTIONNAIRE DES COMPTES EBU),EMPLOI SERVICE CONGO sarl,Brazzaville,"Commerce, Vente, Marketing & Distribution",CDD,,,vente,"COORDINATEUR EBU (GESTIONNAIRE DES COMPTES EBU)  Secteur : Commerce, Vente, Marketing & Distribution."
JOB250001138,ADMINISTRATEUR RESEAU INFORMATIQUE,EMPLOI SERVICE CONGO sarl,Brazzaville,"Commerce, Vente, Marketing & Distribution",CDI,,,vente,"ADMINISTRATEUR RESEAU INFORMATIQUE  Secteur : Commerce, Vente, Marketing & Distribution."
JOB250001139,POINTEUR,EMPLOI SERVICE CONGO sarl,Brazzaville,"Conseil, Stratégie & Gestion des Ressources Humaines",CDD,,,gestion des ressources humaines,"POINTEUR Secteur : Conseil, Stratégie & Gestion des Ressources Humaines."
JOB250001140,Coordinateur EBU(GESTIONNAIRE DES COMPTES EBU),EMPLOI SERVICE CONGO sarl,Brazzaville,"Commerce, Vente, Marketing & Distribution",CDD,,,vente,"Coordinateur EBU(GESTIONNAIRE DES COMPTES EBU) Secteur : Commerce, Vente, Marketing & Distribution."
JOB250001169,SUPPORT Infrastructure Informatique,EMPLOI SERVICE CONGO sarl,Brazzaville,"Informatique, Data, Télécommunications & Digital",CDD,,,,"SUPPORT Infrastructure Informatique Secteur : Informatique, Data, Télécommunications & Digital."
JOB250001178,SUPERVISEUR INSTALLATEUR D'EQUIPEMENT INTERNET,EMPLOI SERVICE CONGO sarl,Brazzaville,"Informatique, Data, Télécommunications & Digital",CDD,,,,"SUPERVISEUR INSTALLATEUR D'EQUIPEMENT INTERNET Secteur : Informatique, Data, Télécommunications & Digital."
JOB250001186,INSTALLATEURD' EQUIPEMENT INTERNET,EMPLOI SERVICE CONGO sarl,Brazzaville,"Commerce, Vente, Marketing & Distribution",CDD,,,vente,"INSTALLATEURD' EQUIPEMENT INTERNET  Secteur : Commerce, Vente, Marketing & Distribution."
JOB250001208,SUPERVISEUR DE VENTE D'INTERNET RESIDENTIEL,EMPLOI SERVICE CONGO sarl,Brazzaville,"Commerce, Vente, Marketing & Distribution",CDD,,,vente,"SUPERVISEUR DE VENTE D'INTERNET RESIDENTIEL  Secteur : Commerce, Vente, Marketing & Distribution."
JOB250001758,Graphiste vidéaste,EMPLOI SERVICE CONGO sarl,Brazzaville,"Conseil, Stratégie & Gestion des Ressources Humaines",CDD,,,gestion des ressources humaines,"Graphiste vidéaste  Secteur : Conseil, Stratégie & Gestion des Ressources Humaines."
JOB250001759,Support risque et conformité,EMPLOI SERVICE CONGO sarl,Brazzaville,"Conseil, Stratégie & Gestion des Ressources Humaines",CDD,,,gestion des ressources humaines,"Support risque et conformité  Secteur : Conseil, Stratégie & Gestion des Ressources Humaines."
JOB250001761,Support sepela na dancecampaign,EMPLOI SERVICE CONGO sarl,Brazzaville,"Conseil, Stratégie & Gestion des Ressources Humaines",CDD,,,gestion des ressources humaines,"Support sepela na dancecampaign  Secteur : Conseil, Stratégie & Gestion des Ressources Humaines."
JOB250001896,MECANICIEN ENGIN LOURD,EMPLOI SERVICE CONGO sarl,Bouansa,"Conseil, Stratégie & Gestion des Ressources Humaines",CDD,,,gestion des ressources humaines,"MECANICIEN ENGIN LOURD Secteur : Conseil, Stratégie & Gestion des Ressources Humaines."
JOB250001899,TECHNICIEN FRIGORIFIQUE AUTO,EMPLOI SERVICE CONGO sarl,Bouansa,"Commerce, Vente, Marketing & Distribution",CDD,,,vente,"TECHNICIEN FRIGORIFIQUE AUTO Secteur : Commerce, Vente, Marketing & Distribution."
JOB250001902,PNEUMATICIEN,EMPLOI SERVICE CONGO sarl,Bouansa,"Industrie, Production & Maintenance",CDD,,,,"PNEUMATICIEN  Secteur : Industrie, Production & Maintenance."
JOB250002096,ADMINISTRATEUR DES RECONCILIATIONS DES COMPTES CLIENTS ENTREPRISES,EMPLOI SERVICE CONGO sarl,Brazzaville,"Commerce, Vente, Marketing & Distribution",CDD,,,vente,"ADMINISTRATEUR DES RECONCILIATIONS DES COMPTES CLIENTS ENTREPRISES  Secteur : Commerce, Vente, Marketing & Distribution."
JOB250002102,MECANICIEN,EMPLOI SERVICE CONGO sarl,Brazzaville,"Commerce, Vente, Marketing & Distribution",CDD,,,vente,"MECANICIEN Secteur : Commerce, Vente, Marketing & Distribution."
JOB250002104,Assistant Ressources Humaines,EMPLOI SERVICE CONGO sarl,Brazzaville,"Commerce, Vente, Marketing & Distribution",CDD,,,vente,"Assistant Ressources Humaines Secteur : Commerce, Vente, Marketing & Distribution."
JOB250002106,MAINTENANCIER,EMPLOI SERVICE CONGO sarl,Brazzaville,"Commerce, Vente, Marketing & Distribution",CDD,,,vente,"MAINTENANCIER Secteur : Commerce, Vente, Marketing & Distribution."
JOB250002107,AGENT PROCUREMENT,EMPLOI SERVICE CONGO sarl,Brazzaville,"Commerce, Vente, Marketing & Distribution",CDD,,,vente,"AGENT PROCUREMENT  Secteur : Commerce, Vente, Marketing & Distribution."
JOB250002108,AUDITEUR INTERNE JUNIOR,EMPLOI SERVICE CONGO sarl,Brazzaville,"Commerce, Vente, Marketing & Distribution",CDD,,,vente,"AUDITEUR INTERNE JUNIOR  Secteur : Commerce, Vente, Marketing & Distribution."
JOB250002112,CHARGE D'ACCUEIL,EMPLOI SERVICE CONGO sarl,Brazzaville,"Commerce, Vente, Marketing & Distribution",CDD,,,vente,"CHARGE D'ACCUEIL  Secteur : Commerce, Vente, Marketing & Distribution."
JOB250002114,Agent de call center,EMPLOI SERVICE CONGO sarl,Brazzaville,"Commerce, Vente, Marketing & Distribution",Contrat d'intérim,,,vente,"Agent de call center Secteur : Commerce, Vente, Marketing & Distribution."
JOB250002115,ASSISTANT COMPTABLE,EMPLOI SERVICE CONGO sarl,Brazzaville,"Finance, Banque, Assurance, Comptabilité & Fiscalité",CDD,,,comptabilité; fiscalité,"ASSISTANT COMPTABLE Secteur : Finance, Banque, Assurance, Comptabilité & Fiscalité."
JOB250002116,CHARGESIRH,EMPLOI SERVICE CONGO sarl,Brazzaville,"Conseil, Stratégie & Gestion des Ressources Humaines",CDD,,,gestion des ressources humaines,"CHARGESIRH Secteur : Conseil, Stratégie & Gestion des Ressources Humaines."
JOB250002117,Assistant juridique,EMPLOI SERVICE CONGO sarl,Brazzaville,Droit et Justice,CDD,,,,Assistant juridique Secteur : Droit et Justice.
JOB250002118,Agent commercial,EMPLOI SERVICE CONGO sarl,Brazzaville,"Commerce, Vente, Marketing & Distribution",Contrat d'intérim,,,vente,"Agent commercial Secteur : Commerce, Vente, Marketing & Distribution."
JOB250002179,Analyse de fraude,EMPLOI SERVICE CONGO sarl,Brazzaville,"Finance, Banque, Assurance, Comptabilité & Fiscalité",CDD,,,comptabilité; fiscalité,"Analyse de fraude Secteur : Finance, Banque, Assurance, Comptabilité & Fiscalité."
JOB250002182,Senior Spécialiste Communication interne & Culture,EMPLOI SERVICE CONGO sarl,Brazzaville,"Communication, Médias & Événementiel",CDD,,,,"Senior Spécialiste Communication interne & Culture  Secteur : Communication, Médias & Événementiel."
JOB250002509,Ingénieur Business Support,EMPLOI SERVICE CONGO sarl,Brazzaville,"Commerce, Vente, Marketing & Distribution",CDD,,,vente,"Ingénieur Business Support Secteur : Commerce, Vente, Marketing & Distribution."
JOB250001157,Assistant de Direction,Energie du Congo (ENCO S.A),Brazzaville,"Énergie, Environnement & Eau",CDD,,,,"Assistant de Direction Secteur : Énergie, Environnement & Eau."
JOB250001713,COMPTABLE,Energie du Congo (ENCO S.A),Brazzaville,"Finance, Banque, Assurance, Comptabilité & Fiscalité",CDD,,,comptabilité; fiscalité,"COMPTABLE  Secteur : Finance, Banque, Assurance, Comptabilité & Fiscalité."
JOB250002689,COMPTABLE,Energie du Congo (ENCO S.A),Brazzaville,"Finance, Banque, Assurance, Comptabilité & Fiscalité",CDI,,,comptabilité; fiscalité,"COMPTABLE  Secteur : Finance, Banque, Assurance, Comptabilité & Fiscalité."
JOB250000818,Superintendants Forage OffshoreJack Up 3,ENI CONGO S.A.U.,Pointe-Noire,"Pétrole, Gaz & Hydrocarbures",CDI,,,forage,"Superintendants Forage OffshoreJack Up 3 Secteur : Pétrole, Gaz & Hydrocarbures."
JOB250000819,Chef de Site Terminal Nearshore,ENI CONGO S.A.U.,Pointe-Noire,"Pétrole, Gaz & Hydrocarbures",CDI,,,,"Chef de Site Terminal Nearshore Secteur : Pétrole, Gaz & Hydrocarbures."
JOB250000821,Chef de Site Kitina,ENI CONGO S.A.U.,Pointe-Noire,"Pétrole, Gaz & Hydrocarbures",CDI,,,,"Chef de Site Kitina Secteur : Pétrole, Gaz & Hydrocarbures."
JOB250000900,Chef de Service Carbon Offset,ENI CONGO S.A.U.,Pointe-Noire,"Pétrole, Gaz & Hydrocarbures",CDI,,,,"Chef de Service Carbon Offset Secteur : Pétrole, Gaz & Hydrocarbures."
JOB250000907,Chef de Division Production et Efficacité Énergétique,ENI CONGO S.A.U.,Pointe-Noire,"Pétrole, Gaz & Hydrocarbures",CDD,,,,"Chef de Division Production et Efficacité Énergétique Secteur : Pétrole, Gaz & Hydrocarbures."
JOB250001021,Chef de Division Finances & Contrôle,ENI CONGO S.A.U.,Pointe-Noire,"Pétrole, Gaz & Hydrocarbures",CDD,,,,"Chef de Division Finances & Contrôle Secteur : Pétrole, Gaz & Hydrocarbures."
JOB250001023,Chef de Département Contrats Opérations et Exploration,ENI CONGO S.A.U.,Pointe-Noire,"Pétrole, Gaz & Hydrocarbures",CDD,,,,"Chef de Département Contrats Opérations et Exploration Secteur : Pétrole, Gaz & Hydrocarbures."
JOB250001141,Chef de Service Gestion HSE en Exécution de Projets,ENI CONGO S.A.U.,Pointe-Noire,"Assurance Qualité, Contrôle, Testing (QHSE)",CDD,,,hse; qhse,"Chef de Service Gestion HSE en Exécution de Projets Secteur : Assurance Qualité, Contrôle, Testing (QHSE)."
JOB250001142,Chef de Département Ingénierie Forage & Complétion,ENI CONGO S.A.U.,Pointe-Noire,"Pétrole, Gaz & Hydrocarbures",CDD,,,forage,"Chef de Département Ingénierie Forage & Complétion Secteur : Pétrole, Gaz & Hydrocarbures."
JOB250001143,Chef de Division Complétion & Commissioning Intégré,ENI CONGO S.A.U.,Pointe-Noire,"Pétrole, Gaz & Hydrocarbures",CDD,,,,"Chef de Division Complétion & Commissioning Intégré Secteur : Pétrole, Gaz & Hydrocarbures."
JOB250001144,Chef de Division Forage & Complétion,ENI CONGO S.A.U.,Pointe-Noire,"Énergie, Environnement & Eau",CDD,,,forage,"Chef de Division Forage & Complétion Secteur : Énergie, Environnement & Eau."
JOB250001145,Chef de Département Médico-Social,ENI CONGO S.A.U.,Pointe-Noire,"Pétrole, Gaz & Hydrocarbures",CDD,,,,"Chef de Département Médico-Social Secteur : Pétrole, Gaz & Hydrocarbures."
JOB250001146,Chef de Département Exploration Mer,ENI CONGO S.A.U.,Pointe-Noire,"Pétrole, Gaz & Hydrocarbures",CDD,,,,"Chef de Département Exploration Mer Secteur : Pétrole, Gaz & Hydrocarbures."
JOB250001147,Responsable Installation Offshore,ENI CONGO S.A.U.,Pointe-Noire,"Pétrole, Gaz & Hydrocarbures",CDD,,,,"Responsable Installation Offshore Secteur : Pétrole, Gaz & Hydrocarbures."
JOB250001148,Superintendant de Production,ENI CONGO S.A.U.,Pointe-Noire,"Pétrole, Gaz & Hydrocarbures",CDD,,,,"Superintendant de Production  Secteur : Pétrole, Gaz & Hydrocarbures."
JOB250001149,Chef de Site NGUYA FLNG,ENI CONGO S.A.U.,Pointe-Noire,"Pétrole, Gaz & Hydrocarbures",CDD,,,,"Chef de Site NGUYA FLNG Secteur : Pétrole, Gaz & Hydrocarbures."
JOB250001150,Chef de Département Contrats Stratégiques et Projets,ENI CONGO S.A.U.,Pointe-Noire,"Pétrole, Gaz & Hydrocarbures",CDD,,,,"Chef de Département Contrats Stratégiques et Projets Secteur : Pétrole, Gaz & Hydrocarbures."
JOB250001152,Chef de Département Process Safety,ENI CONGO S.A.U.,Pointe-Noire,"Pétrole, Gaz & Hydrocarbures",CDD,,,,"Chef de Département Process Safety Secteur : Pétrole, Gaz & Hydrocarbures."
JOB250001158,Chef de Département Gestion de Contrats,ENI CONGO S.A.U.,Pointe-Noire,"Pétrole, Gaz & Hydrocarbures",CDD,,,,"Chef de Département Gestion de Contrats Secteur : Pétrole, Gaz & Hydrocarbures."
JOB250001159,Superintendant HSE SCARABEO 5,ENI CONGO S.A.U.,Pointe-Noire,"Assurance Qualité, Contrôle, Testing (QHSE)",CDD,,,hse; qhse,"Superintendant HSE SCARABEO 5  Secteur : Assurance Qualité, Contrôle, Testing (QHSE)."
JOB250001163,Chef de Département Exécution S&B,ENI CONGO S.A.U.,Pointe-Noire,"Bâtiment, Travaux Publics & Aménagement du Territoire",CDD,,,,"Chef de Département Exécution S&B Secteur : Bâtiment, Travaux Publics & Aménagement du Territoire."
JOB250001164,Superintendant Maintenance & Inspection,ENI CONGO S.A.U.,Pointe-Noire,"Pétrole, Gaz & Hydrocarbures",CDD,,,,"Superintendant Maintenance & Inspection Secteur : Pétrole, Gaz & Hydrocarbures."
JOB250001171,Coordonnateur Production Shift,ENI CONGO S.A.U.,Pointe-Noire,"Pétrole, Gaz & Hydrocarbures",CDD,,,,"Coordonnateur Production Shift  Secteur : Pétrole, Gaz & Hydrocarbures."
JOB250001173,Superviseur Salle de Contrôle,ENI CONGO S.A.U.,Pointe-Noire,"Pétrole, Gaz & Hydrocarbures",CDD,,,,"Superviseur Salle de Contrôle Secteur : Pétrole, Gaz & Hydrocarbures."
JOB250001175,Spécialiste Process,ENI CONGO S.A.U.,Pointe-Noire,"Pétrole, Gaz & Hydrocarbures",CDD,,,,"Spécialiste Process Secteur : Pétrole, Gaz & Hydrocarbures."
JOB250001177,Superviseur Laboratoire,ENI CONGO S.A.U.,Pointe-Noire,"Pétrole, Gaz & Hydrocarbures",CDD,,,,"Superviseur Laboratoire Secteur : Pétrole, Gaz & Hydrocarbures."
JOB250001223,Superintendant HSE,ENI CONGO S.A.U.,Pointe-Noire,"Assurance Qualité, Contrôle, Testing (QHSE)",CDD,,,hse; qhse,"Superintendant HSE Secteur : Assurance Qualité, Contrôle, Testing (QHSE)."
JOB250001224,Superintendant HSE,ENI CONGO S.A.U.,Pointe-Noire,"Assurance Qualité, Contrôle, Testing (QHSE)",CDD,,,hse; qhse,"Superintendant HSE Secteur : Assurance Qualité, Contrôle, Testing (QHSE)."
JOB250001229,Ingénieur Pétrolier Scarabeo 5,ENI CONGO S.A.U.,Pointe-Noire,"Pétrole, Gaz & Hydrocarbures",CDD,,,,"Ingénieur Pétrolier Scarabeo 5 Secteur : Pétrole, Gaz & Hydrocarbures."
JOB250001230,Superintendant Maritime,ENI CONGO S.A.U.,Pointe-Noire,"Pétrole, Gaz & Hydrocarbures",CDD,,,,"Superintendant Maritime Secteur : Pétrole, Gaz & Hydrocarbures."
JOB250001231,Superviseur Maritime,ENI CONGO S.A.U.,Pointe-Noire,"Pétrole, Gaz & Hydrocarbures",CDD,,,,"Superviseur Maritime Secteur : Pétrole, Gaz & Hydrocarbures."
JOB250001283,INGENIEUR MECANIQUE,ENI CONGO S.A.U.,Pointe-Noire,"Pétrole, Gaz & Hydrocarbures",CDD,,,,"INGENIEUR MECANIQUE Secteur : Pétrole, Gaz & Hydrocarbures."
JOB250001284,Ingénieur Electrique,ENI CONGO S.A.U.,Pointe-Noire,"Pétrole, Gaz & Hydrocarbures",CDD,,,,"Ingénieur Electrique Secteur : Pétrole, Gaz & Hydrocarbures."
JOB250001285,Responsable HSE,ENI CONGO S.A.U.,Pointe-Noire,"Assurance Qualité, Contrôle, Testing (QHSE)",CDD,,,hse; qhse,"Responsable HSE Secteur : Assurance Qualité, Contrôle, Testing (QHSE)."
JOB250001286,Chef de Service Construction S&B,ENI CONGO S.A.U.,Pointe-Noire,"Pétrole, Gaz & Hydrocarbures",CDD,,,,"Chef de Service Construction S&B Secteur : Pétrole, Gaz & Hydrocarbures."
JOB250001300,Chef de Division Offshore FLNG,ENI CONGO S.A.U.,Pointe-Noire,"Pétrole, Gaz & Hydrocarbures",CDD,,,,"Chef de Division Offshore FLNG Secteur : Pétrole, Gaz & Hydrocarbures."
JOB250001301,Chef de Département Ingénierie S&B,ENI CONGO S.A.U.,Pointe-Noire,"Pétrole, Gaz & Hydrocarbures",CDD,,,,"Chef de Département Ingénierie S&B Secteur : Pétrole, Gaz & Hydrocarbures."
JOB250001302,Ingénieur Process LEAD EIT,ENI CONGO S.A.U.,Pointe-Noire,"Pétrole, Gaz & Hydrocarbures",CDD,,,,"Ingénieur Process LEAD EIT Secteur : Pétrole, Gaz & Hydrocarbures."
JOB250001303,Ingénieur Process Lead,ENI CONGO S.A.U.,Pointe-Noire,"Pétrole, Gaz & Hydrocarbures",CDD,,,,"Ingénieur Process Lead  Secteur : Pétrole, Gaz & Hydrocarbures."
JOB250001307,Chef de Département Interface & Ingénierie Offshore FLNG,ENI CONGO S.A.U.,Pointe-Noire,"Pétrole, Gaz & Hydrocarbures",CDD,,,,"Chef de Département Interface & Ingénierie Offshore FLNG Secteur : Pétrole, Gaz & Hydrocarbures."
JOB250001308,Ingénieur Securité Technique,ENI CONGO S.A.U.,Pointe-Noire,"Pétrole, Gaz & Hydrocarbures",CDD,,,,"Ingénieur Securité Technique Secteur : Pétrole, Gaz & Hydrocarbures."
JOB250001309,Chef de Département Développement Durable,ENI CONGO S.A.U.,Pointe-Noire,"Pétrole, Gaz & Hydrocarbures",CDD,,,,"Chef de Département Développement Durable Secteur : Pétrole, Gaz & Hydrocarbures."
JOB250001310,"Chef de Département Ingenierie WHP5, WHP4 RISER PLT & WHP6",ENI CONGO S.A.U.,Pointe-Noire,"Pétrole, Gaz & Hydrocarbures",CDD,,,,"Chef de Département Ingenierie WHP5, WHP4 RISER PLT & WHP6 Secteur : Pétrole, Gaz & Hydrocarbures."
JOB250001311,"Chef de Subdivision WHP5, WHP6 & WHP4 RISER PLT EPC",ENI CONGO S.A.U.,Pointe-Noire,"Pétrole, Gaz & Hydrocarbures",CDD,,,,"Chef de Subdivision WHP5, WHP6 & WHP4 RISER PLT EPC Secteur : Pétrole, Gaz & Hydrocarbures."
JOB250001312,Chef de Département FLNG Offshore Site,ENI CONGO S.A.U.,Pointe-Noire,"Pétrole, Gaz & Hydrocarbures",CDD,,,,"Chef de Département FLNG Offshore Site  Secteur : Pétrole, Gaz & Hydrocarbures."
JOB250001313,Chef de Division Separation & Boosting EPC,ENI CONGO S.A.U.,Pointe-Noire,"Pétrole, Gaz & Hydrocarbures",CDD,,,,"Chef de Division Separation & Boosting EPC Secteur : Pétrole, Gaz & Hydrocarbures."
JOB250001314,Chef de Service Commissioning S&B,ENI CONGO S.A.U.,Pointe-Noire,"Pétrole, Gaz & Hydrocarbures",CDD,,,,"Chef de Service Commissioning S&B Secteur : Pétrole, Gaz & Hydrocarbures."
JOB250001315,Chef de Service Commissioning & Complétion,ENI CONGO S.A.U.,Pointe-Noire,"Pétrole, Gaz & Hydrocarbures",CDD,,,,"Chef de Service Commissioning & Complétion Secteur : Pétrole, Gaz & Hydrocarbures."
JOB250001321,"Chef de Département Construction & Commissioning WHP5, WHP4 RISER PLT & WHP6",ENI CONGO S.A.U.,Pointe-Noire,"Pétrole, Gaz & Hydrocarbures",CDD,,,,"Chef de Département Construction & Commissioning WHP5, WHP4 RISER PLT & WHP6 Secteur : Pétrole, Gaz & Hydrocarbures."
JOB250002084,Responsable d'Agence,EP2C ENERGY CONGO,Pointe-Noire,"Conseil, Stratégie & Gestion des Ressources Humaines",CDI,,,gestion des ressources humaines,"Responsable d'Agence Secteur : Conseil, Stratégie & Gestion des Ressources Humaines."
JOB250002091,Assistant Projet Immobilier,EQuatoria,Brazzaville,Immobilier,CDI,,,,Assistant Projet Immobilier Secteur : Immobilier.
NONREF000165,Magasinier,ERIUM AIR LIQUIDE,Pointe-Noire,"Industrie, Production & Maintenance",CDI,,,,"Magasinier Secteur : Industrie, Production & Maintenance."
JOB250000931,TECHNICIEN.NE INSERTION (TI),ESSOR,Brazzaville,ONG & Social,CDD,,,,TECHNICIEN.NE INSERTION (TI) Secteur : ONG & Social.
JOB250000985,ATTACHE DE DIRECTION,ETABLISSEMENT GKM,Pointe-Noire,"Finance, Banque, Assurance, Comptabilité & Fiscalité",CDD,,,comptabilité; fiscalité,"ATTACHE DE DIRECTION Secteur : Finance, Banque, Assurance, Comptabilité & Fiscalité."
JOB250000887,SUPERVISEUR,ETS BEABA'R,Pointe-Noire,Hôtellerie - Restauration,CDD,,,,SUPERVISEUR Secteur : Hôtellerie - Restauration.
JOB250001270,Administratrice Gérante,ETS GMD,Brazzaville,Gestion Administrative,CDD,,,gestion administrative,Administratrice Gérante Secteur : Gestion Administrative.
JOB250001271,CAISSIER,ETS GMD,Brazzaville,"Finance, Banque, Assurance, Comptabilité & Fiscalité",CDD,,,comptabilité; fiscalité,"CAISSIER Secteur : Finance, Banque, Assurance, Comptabilité & Fiscalité."
JOB250001272,RESPONSABLE RESSOURCES HUMAINES,ETS GMD,Brazzaville,"Conseil, Stratégie & Gestion des Ressources Humaines",CDD,,,gestion des ressources humaines,"RESPONSABLE RESSOURCES HUMAINES  Secteur : Conseil, Stratégie & Gestion des Ressources Humaines."
JOB250001273,Cuisinier,ETS GMD,Brazzaville,Hôtellerie - Restauration,CDD,,,,Cuisinier  Secteur : Hôtellerie - Restauration.
JOB250001274,Chauffeur,ETS GMD,Brazzaville,"Transport, Logistique & Supply Chain",CDD,,,supply chain,"Chauffeur  Secteur : Transport, Logistique & Supply Chain."
JOB250002032,ASSISTANT COMPTABLE,ETS LINVANI MPION,Pointe-Noire,"Finance, Banque, Assurance, Comptabilité & Fiscalité",CDD,,,comptabilité; fiscalité,"ASSISTANT COMPTABLE Secteur : Finance, Banque, Assurance, Comptabilité & Fiscalité."
JOB250002035,Agent commercial,ETS LINVANI MPION,Pointe-Noire,"Finance, Banque, Assurance, Comptabilité & Fiscalité",CDD,,,comptabilité; fiscalité,"Agent commercial Secteur : Finance, Banque, Assurance, Comptabilité & Fiscalité."
JOB250001853,CHEF CUISINIER,ETS. LE JAIPUR,Pointe-Noire,Hôtellerie - Restauration,CDI,,,,CHEF CUISINIER Secteur : Hôtellerie - Restauration.
JOB250001854,CHEFD'AGENCE,ETS. LE JAIPUR,Pointe-Noire,Gestion Administrative,CDI,,,gestion administrative,CHEFD'AGENCE Secteur : Gestion Administrative.
JOB250001855,Responsable Logistique,ETS. LE JAIPUR,Pointe-Noire,Hôtellerie - Restauration,CDI,,,,Responsable Logistique Secteur : Hôtellerie - Restauration.
JOB250002774,Juriste,Etude Maitre BOUANGA-GNIANGAISE,Pointe-Noire,Droit et Justice,CDD,,,,Juriste Secteur : Droit et Justice.
JOB250002639,Chauffeur Bilingue,EURO WOLD,Pointe-Noire,"Transport, Logistique & Supply Chain",CDD,,,supply chain,"Chauffeur Bilingue Secteur : Transport, Logistique & Supply Chain."
JOB250001019,Chauffeur,EUROPEAN TRAVEL LTD,Pointe-Noire,"Tourisme, Loisirs & Voyages",CDD,,,,"Chauffeur  Secteur : Tourisme, Loisirs & Voyages."
JOB250002637,Agent d'Equipage,EXMAR SINGAPORE SUCCURSALE DU CONGO,Pointe-Noire,"Transport, Logistique & Supply Chain",CDD,,,supply chain,"Agent d'Equipage Secteur : Transport, Logistique & Supply Chain."
JOB250002266,GUICHETIER-CAISSIER,EXPRESS UNION CONGO,Brazzaville,"Finance, Banque, Assurance, Comptabilité & Fiscalité",CDD,,,comptabilité; fiscalité,"GUICHETIER-CAISSIER  Secteur : Finance, Banque, Assurance, Comptabilité & Fiscalité."
JOB250002267,CHEF D'AGENCE ADJOINT,EXPRESS UNION CONGO,Brazzaville,"Finance, Banque, Assurance, Comptabilité & Fiscalité",CDD,,,comptabilité; fiscalité,"CHEF D'AGENCE ADJOINT Secteur : Finance, Banque, Assurance, Comptabilité & Fiscalité."
JOB250000942,GUICHETIER-CAISSIER,EXPRESS UNION CONGO SA,Pointe-Noire,"Finance, Banque, Assurance, Comptabilité & Fiscalité",CDD,,,comptabilité; fiscalité,"GUICHETIER-CAISSIER  Secteur : Finance, Banque, Assurance, Comptabilité & Fiscalité."
JOB250002310,GUICHETIER-CAISSIER,EXPRESS UNION CONGO SA,Pointe-Noire,"Finance, Banque, Assurance, Comptabilité & Fiscalité",CDD,,,comptabilité; fiscalité,"GUICHETIER-CAISSIER  Secteur : Finance, Banque, Assurance, Comptabilité & Fiscalité."
NONREF000119,Directeur des opérations,EXPRO,Pointe-Noire,"Pétrole, Gaz & Hydrocarbures",CDD,,,,"Directeur des opérations Secteur : Pétrole, Gaz & Hydrocarbures."
NONREF000185,Opérator 1 TCP CONGO,EXPRO,Pointe-Noire,"Pétrole, Gaz & Hydrocarbures",CDD,,,,"Opérator 1 TCP CONGO Secteur : Pétrole, Gaz & Hydrocarbures."
NONREF000231,Sénior opérator wireline cgo,EXPRO,Pointe-Noire,"Pétrole, Gaz & Hydrocarbures",CDD,,,,"Sénior opérator wireline cgo Secteur : Pétrole, Gaz & Hydrocarbures."
NONREF000239,Superviseur des installations,EXPRO,Pointe-Noire,"Pétrole, Gaz & Hydrocarbures",CDD,,,,"Superviseur des installations Secteur : Pétrole, Gaz & Hydrocarbures."
NONREF000240,Superviseur des opérations TRS,EXPRO,Pointe-Noire,"Pétrole, Gaz & Hydrocarbures",CDD,,,,"Superviseur des opérations TRS Secteur : Pétrole, Gaz & Hydrocarbures."
JOB250001410,Mécanicien junior,EXPRO WORLDWIDE BV,Pointe-Noire,"Industrie, Production & Maintenance",CDD,,,,"Mécanicien junior Secteur : Industrie, Production & Maintenance."
JOB250001908,Superviseur Slickline,EXPRO WORLDWIDE BV,Pointe-Noire,"Pétrole, Gaz & Hydrocarbures",CDD,,,,"Superviseur Slickline Secteur : Pétrole, Gaz & Hydrocarbures."
JOB250001909,Opérateur Senior,EXPRO WORLDWIDE BV,Pointe-Noire,"Pétrole, Gaz & Hydrocarbures",CDD,,,,"Opérateur Senior Secteur : Pétrole, Gaz & Hydrocarbures."
JOB250001910,Electricien,EXPRO WORLDWIDE BV,Pointe-Noire,"Énergie, Environnement & Eau",CDD,,,,"Electricien Secteur : Énergie, Environnement & Eau."
JOB250001911,Assistant Opérateur 1 ; 2 ; 3,EXPRO WORLDWIDE BV,Pointe-Noire,"Pétrole, Gaz & Hydrocarbures",CDD,,,,"Assistant Opérateur 1 ; 2 ; 3 Secteur : Pétrole, Gaz & Hydrocarbures."
JOB250001912,Opérateurs Slickline1 ; 2 ; 3,EXPRO WORLDWIDE BV,Pointe-Noire,"Pétrole, Gaz & Hydrocarbures",CDD,,,,"Opérateurs Slickline1 ; 2 ; 3 Secteur : Pétrole, Gaz & Hydrocarbures."
JOB250001913,Assistant QHSE,EXPRO WORLDWIDE BV,Pointe-Noire,"Assurance Qualité, Contrôle, Testing (QHSE)",CDD,,,qhse,"Assistant QHSE Secteur : Assurance Qualité, Contrôle, Testing (QHSE)."
JOB250001947,MAGASINIER,EXPRO WORLDWIDE BV,Pointe-Noire,"Commerce, Vente, Marketing & Distribution",CDD,,,vente,"MAGASINIER  Secteur : Commerce, Vente, Marketing & Distribution."
JOB250002664,Controleur de Gestion,EXPRO WORLDWIDE BV,Pointe-Noire,"Conseil, Stratégie & Gestion des Ressources Humaines",CDI,,,gestion des ressources humaines,"Controleur de Gestion Secteur : Conseil, Stratégie & Gestion des Ressources Humaines."
JOB250002760,Controleur Financier,EXPRO WORLDWIDE BV,Pointe-Noire,"Finance, Banque, Assurance, Comptabilité & Fiscalité",CDI,,,comptabilité; fiscalité,"Controleur Financier  Secteur : Finance, Banque, Assurance, Comptabilité & Fiscalité."
JOB250002185,COMMERCIAL,FAMA  CONGO,Pointe-Noire,"Commerce, Vente, Marketing & Distribution",CDD,,,vente,"COMMERCIAL  Secteur : Commerce, Vente, Marketing & Distribution."
JOB250001245,Chef d'Agence,FINAM CONGO,Brazzaville,"Finance, Banque, Assurance, Comptabilité & Fiscalité",CDD,,,comptabilité; fiscalité,"Chef d'Agence  Secteur : Finance, Banque, Assurance, Comptabilité & Fiscalité."
JOB250002669,COMPTABLE,FINAM CONGO,Brazzaville,"Finance, Banque, Assurance, Comptabilité & Fiscalité",CDD,,,comptabilité; fiscalité,"COMPTABLE  Secteur : Finance, Banque, Assurance, Comptabilité & Fiscalité."
JOB250002670,Assistant de Direction,FINAM CONGO,Brazzaville,"Conseil, Stratégie & Gestion des Ressources Humaines",CDD,,,gestion des ressources humaines,"Assistant de Direction Secteur : Conseil, Stratégie & Gestion des Ressources Humaines."
JOB250002671,Chargé Clientèle,FINAM CONGO,Brazzaville,"Finance, Banque, Assurance, Comptabilité & Fiscalité",CDD,,,comptabilité; fiscalité,"Chargé Clientèle Secteur : Finance, Banque, Assurance, Comptabilité & Fiscalité."
JOB250002672,CAISSIER,FINAM CONGO,Brazzaville,"Finance, Banque, Assurance, Comptabilité & Fiscalité",CDD,,,comptabilité; fiscalité,"CAISSIER Secteur : Finance, Banque, Assurance, Comptabilité & Fiscalité."
JOB250002673,Agent Clientéle,FINAM CONGO,Brazzaville,"Finance, Banque, Assurance, Comptabilité & Fiscalité",CDD,,,comptabilité; fiscalité,"Agent Clientéle Secteur : Finance, Banque, Assurance, Comptabilité & Fiscalité."
JOB250002674,Chef d'Agence,FINAM CONGO,Brazzaville,Divers,CDI,,,,Chef d'Agence  Secteur : Divers .
JOB250002675,CAISSIER,FINAM CONGO,Brazzaville,"Finance, Banque, Assurance, Comptabilité & Fiscalité",CDD,,,comptabilité; fiscalité,"CAISSIER Secteur : Finance, Banque, Assurance, Comptabilité & Fiscalité."
JOB250000908,Grutiers,FLOTEL CONGO SARLU,Pointe-Noire,"Pétrole, Gaz & Hydrocarbures",Contrat d'intérim,,,,"Grutiers Secteur : Pétrole, Gaz & Hydrocarbures."
JOB250000911,Soudeur,FLOTEL CONGO SARLU,Pointe-Noire,"Pétrole, Gaz & Hydrocarbures",Contrat d'intérim,,,,"Soudeur Secteur : Pétrole, Gaz & Hydrocarbures."
JOB250000912,OPERATEUR FORAGE WORK-OVER,FLOTEL CONGO SARLU,Pointe-Noire,"Énergie, Environnement & Eau",Contrat d'intérim,,,forage,"OPERATEUR FORAGE WORK-OVER Secteur : Énergie, Environnement & Eau."
JOB250000924,OPERATEUR ASSISTANT,FLOTEL CONGO SARLU,Pointe-Noire,"Pétrole, Gaz & Hydrocarbures",Contrat d'intérim,,,,"OPERATEUR ASSISTANT  Secteur : Pétrole, Gaz & Hydrocarbures."
JOB250000925,Electricien,FLOTEL CONGO SARLU,Pointe-Noire,"Énergie, Environnement & Eau",Contrat d'intérim,,,,"Electricien Secteur : Énergie, Environnement & Eau."
JOB250000926,HSE,FLOTEL CONGO SARLU,Pointe-Noire,"Assurance Qualité, Contrôle, Testing (QHSE)",Contrat d'intérim,,,hse; qhse,"HSE Secteur : Assurance Qualité, Contrôle, Testing (QHSE)."
JOB250001029,Technicien Support Maintenance,FLOTEL CONGO SARLU,Pointe-Noire,"Pétrole, Gaz & Hydrocarbures",CDD,,,,"Technicien Support Maintenance Secteur : Pétrole, Gaz & Hydrocarbures."
JOB250002746,SECOND OFFICER (MARINE),FLOTEL CONGO SARLU,Pointe-Noire,"Transport, Logistique & Supply Chain",CDD,,,supply chain,"SECOND OFFICER (MARINE) Secteur : Transport, Logistique & Supply Chain."
JOB250002747,Bosco,FLOTEL CONGO SARLU,Pointe-Noire,"Conseil, Stratégie & Gestion des Ressources Humaines",CDD,,,gestion des ressources humaines,"Bosco Secteur : Conseil, Stratégie & Gestion des Ressources Humaines."
JOB250002799,Assistant Administratif,FMC TECHNOLOGIES CAMERON SARL CONGO BRANCH,Pointe-Noire,"Conseil, Stratégie & Gestion des Ressources Humaines",CDD,,,gestion des ressources humaines,"Assistant Administratif Secteur : Conseil, Stratégie & Gestion des Ressources Humaines."
JOB250001154,Assistant Logistique,FONDATION AVSI,Pointe-Noire,Recherche et Développement,CDD,,,,Assistant Logistique Secteur : Recherche et Développement.
JOB250001919,Chargé de Redevabilité,FONDATION AVSI,Pointe-Noire,ONG & Social,CDD,,,,Chargé de Redevabilité Secteur : ONG & Social.
JOB250001921,Coordonnateur des Activités Terrain,FONDATION AVSI,Pointe-Noire,"Transport, Logistique & Supply Chain",CDD,,,supply chain,"Coordonnateur des Activités Terrain Secteur : Transport, Logistique & Supply Chain."
JOB250001922,COMPTABLE,FONDATION AVSI,Pointe-Noire,"Finance, Banque, Assurance, Comptabilité & Fiscalité",CDD,,,comptabilité; fiscalité,"COMPTABLE  Secteur : Finance, Banque, Assurance, Comptabilité & Fiscalité."
JOB250001923,Agent de Terrain,FONDATION AVSI,Pointe-Noire,ONG & Social,CDD,,,,Agent de Terrain Secteur : ONG & Social.
JOB250001924,SECRETAIRE,FONDATION AVSI,Pointe-Noire,"Conseil, Stratégie & Gestion des Ressources Humaines",CDD,,,gestion des ressources humaines,"SECRETAIRE  Secteur : Conseil, Stratégie & Gestion des Ressources Humaines."
JOB250002287,Chauffeur,FONDATION AVSI,Pointe-Noire,"Transport, Logistique & Supply Chain",CDD,,,supply chain,"Chauffeur  Secteur : Transport, Logistique & Supply Chain."
JOB250002256,CHARGE DE LOGISTIQUE ET ADMINISTRATION,FONDATION CENTERS FOR INTERNATIONAL (FCIP),Brazzaville,"Transport, Logistique & Supply Chain",CDD,,,supply chain,"CHARGE DE LOGISTIQUE ET ADMINISTRATION  Secteur : Transport, Logistique & Supply Chain."
JOB250002280,AGENT DE COMMUNICATION,FONDATION MATETE << F.M.L.I>>,Brazzaville,"Communication, Médias & Événementiel",CDD,,,,"AGENT DE COMMUNICATION Secteur : Communication, Médias & Événementiel."
JOB250002281,Controleur de Gestion,FONDATION MATETE << F.M.L.I>>,Brazzaville,"Finance, Banque, Assurance, Comptabilité & Fiscalité",CDD,,,comptabilité; fiscalité,"Controleur de Gestion Secteur : Finance, Banque, Assurance, Comptabilité & Fiscalité."
JOB250002284,SECRETAIRE,FONDATION MATETE << F.M.L.I>>,Brazzaville,"Santé, Pharmacie & Recherche Scientifique",CDD,,,pharmacie,"SECRETAIRE  Secteur : Santé, Pharmacie & Recherche Scientifique."
JOB250001160,AIDE COMPTABLE,FOOD AND CO,Brazzaville,Hôtellerie - Restauration,CDD,,,,AIDE COMPTABLE  Secteur : Hôtellerie - Restauration.
JOB250001848,Offre d'emploi Boulanger,FOOD AND CO,Brazzaville,Hôtellerie - Restauration,CDD,,,,Offre d'emploi Boulanger Secteur : Hôtellerie - Restauration.
JOB250002228,Chauffeur,FOOD AND CO,Brazzaville,"Transport, Logistique & Supply Chain",CDD,,,supply chain,"Chauffeur  Secteur : Transport, Logistique & Supply Chain."
JOB250002229,PLONGEUR POLYVALENT,FOOD AND CO,Brazzaville,Hôtellerie - Restauration,CDD,,,,PLONGEUR POLYVALENT  Secteur : Hôtellerie - Restauration.
JOB250002232,BUANDIER,FOOD AND CO,Brazzaville,Hôtellerie - Restauration,CDD,,,,BUANDIER  Secteur : Hôtellerie - Restauration.
JOB250002243,CAISSIER,FOOD AND CO,Brazzaville,"Finance, Banque, Assurance, Comptabilité & Fiscalité",CDD,,,comptabilité; fiscalité,"CAISSIER Secteur : Finance, Banque, Assurance, Comptabilité & Fiscalité."
JOB250002244,Barman,FOOD AND CO,Brazzaville,Hôtellerie - Restauration,CDD,,,,Barman Secteur : Hôtellerie - Restauration.
JOB250002245,ASSISTANT MANAGER,FOOD AND CO,Brazzaville,"Conseil, Stratégie & Gestion des Ressources Humaines",CDD,,,gestion des ressources humaines,"ASSISTANT MANAGER  Secteur : Conseil, Stratégie & Gestion des Ressources Humaines."
JOB250002247,SERVEUR,FOOD AND CO,Brazzaville,Hôtellerie - Restauration,CDD,,,,SERVEUR  Secteur : Hôtellerie - Restauration.
JOB250002249,TECHNICIEN DE SURFACE POLYVALENT,FOOD AND CO,Brazzaville,Hôtellerie - Restauration,CDD,,,,TECHNICIEN DE SURFACE POLYVALENT  Secteur : Hôtellerie - Restauration.
JOB250001180,SUPERVISEUR WAREHOUSE MANAGMENT SYSTEME,FORTIS LOGISTIQUE,Pointe-Noire,"Transport, Logistique & Supply Chain",CDI,,,supply chain,"SUPERVISEUR WAREHOUSE MANAGMENT SYSTEME Secteur : Transport, Logistique & Supply Chain."
JOB250001181,TECHNICIAN CANBUS,FORTIS LOGISTIQUE,Pointe-Noire,"Transport, Logistique & Supply Chain",CDI,,,supply chain,"TECHNICIAN CANBUS Secteur : Transport, Logistique & Supply Chain."
JOB250001706,Superviseur Warehouse Management Système,FORTIS LOGISTIQUE,Pointe-Noire,"Transport, Logistique & Supply Chain",CDI,,,supply chain,"Superviseur Warehouse Management Système Secteur : Transport, Logistique & Supply Chain."
JOB250001477,COMPTABLE,FOUNDATION CENTERS FOR INTERNATIONAL,Brazzaville,"Santé, Pharmacie & Recherche Scientifique",CDD,,,pharmacie,"COMPTABLE  Secteur : Santé, Pharmacie & Recherche Scientifique."
JOB250001478,Chauffeur,FOUNDATION CENTERS FOR INTERNATIONAL,Brazzaville,"Santé, Pharmacie & Recherche Scientifique",CDD,,,pharmacie,"Chauffeur  Secteur : Santé, Pharmacie & Recherche Scientifique."
JOB250001479,Chargé des achats et de la Logistique,FOUNDATION CENTERS FOR INTERNATIONAL,Brazzaville,"Santé, Pharmacie & Recherche Scientifique",CDD,,,pharmacie,"Chargé des achats et de la Logistique Secteur : Santé, Pharmacie & Recherche Scientifique."
JOB250001480,Responsable de l’Engagement Communautaire et de la Promotion des Services de Santé,FOUNDATION CENTERS FOR INTERNATIONAL,Brazzaville,"Santé, Pharmacie & Recherche Scientifique",CDD,,,pharmacie,"Responsable de l’Engagement Communautaire et de la Promotion des Services de Santé Secteur : Santé, Pharmacie & Recherche Scientifique."
JOB250001481,Directeur technique,FOUNDATION CENTERS FOR INTERNATIONAL,Brazzaville,"Santé, Pharmacie & Recherche Scientifique",CDD,,,pharmacie,"Directeur technique Secteur : Santé, Pharmacie & Recherche Scientifique."
JOB250001482,Chef d'Equipe Régional,FOUNDATION CENTERS FOR INTERNATIONAL,Brazzaville,"Santé, Pharmacie & Recherche Scientifique",CDD,,,pharmacie,"Chef d'Equipe Régional Secteur : Santé, Pharmacie & Recherche Scientifique."
JOB250001483,Chargé de Suivi et Evaluation,FOUNDATION CENTERS FOR INTERNATIONAL,Brazzaville,"Santé, Pharmacie & Recherche Scientifique",CDD,,,pharmacie,"Chargé de Suivi et Evaluation Secteur : Santé, Pharmacie & Recherche Scientifique."
JOB250001484,Conseiller en Suivi et Evaluation,FOUNDATION CENTERS FOR INTERNATIONAL,Brazzaville,"Santé, Pharmacie & Recherche Scientifique",CDD,,,pharmacie,"Conseiller en Suivi et Evaluation Secteur : Santé, Pharmacie & Recherche Scientifique."
JOB250001485,Chargé du Laboratoire et de la Chaine d’Approvisionnement,FOUNDATION CENTERS FOR INTERNATIONAL,Brazzaville,"Santé, Pharmacie & Recherche Scientifique",CDD,,,pharmacie,"Chargé du Laboratoire et de la Chaine d’Approvisionnement Secteur : Santé, Pharmacie & Recherche Scientifique."
JOB250001486,Responsable Base de Données,FOUNDATION CENTERS FOR INTERNATIONAL,Brazzaville,"Santé, Pharmacie & Recherche Scientifique",CDD,,,pharmacie,"Responsable Base de Données Secteur : Santé, Pharmacie & Recherche Scientifique."
JOB250001487,Responsable Clinique,FOUNDATION CENTERS FOR INTERNATIONAL,Brazzaville,"Santé, Pharmacie & Recherche Scientifique",CDD,,,pharmacie,"Responsable Clinique Secteur : Santé, Pharmacie & Recherche Scientifique."
JOB250001488,Conseiller Clinique,FOUNDATION CENTERS FOR INTERNATIONAL,Brazzaville,"Santé, Pharmacie & Recherche Scientifique",CDD,,,pharmacie,"Conseiller Clinique Secteur : Santé, Pharmacie & Recherche Scientifique."
JOB250001489,Senior Human Resources Officer,FOUNDATION CENTERS FOR INTERNATIONAL,Brazzaville,"Santé, Pharmacie & Recherche Scientifique",CDD,,,pharmacie,"Senior Human Resources Officer Secteur : Santé, Pharmacie & Recherche Scientifique."
NONREF000192,Préparateur,FRIEDLANDER,Pointe-Noire,"Industrie, Production & Maintenance",CDD,,,,"Préparateur Secteur : Industrie, Production & Maintenance."
JOB250002041,Chef comptable,FRIEDLANDER INDUSTRIE CONGO,Pointe-Noire,"Industrie, Production & Maintenance",CDI,,,,"Chef comptable Secteur : Industrie, Production & Maintenance."
JOB250001578,Directeur des Opérations,GENERALE DE COMMERCE ET INDUSTRIE,Pointe-Noire,"Industrie, Production & Maintenance",CDI,,,,"Directeur des Opérations Secteur : Industrie, Production & Maintenance."
JOB250001579,INGENIEUR DE PROCEDES,GENERALE DE COMMERCE ET INDUSTRIE,Pointe-Noire,"Industrie, Production & Maintenance",CDI,,,,"INGENIEUR DE PROCEDES Secteur : Industrie, Production & Maintenance."
NONREF000098,Comptable,GI TECHNOLOGY LOGGIN,Pointe-Noire,"Industrie, Production & Maintenance",CDD,,,,"Comptable Secteur : Industrie, Production & Maintenance."
NONREF000045,Assistante RH,GI TECHNOLOGY LOGGING,Pointe-Noire,"Conseil, Stratégie & Gestion des Ressources Humaines",CDD,,,gestion des ressources humaines,"Assistante RH Secteur : Conseil, Stratégie & Gestion des Ressources Humaines."
NONREF000056,Cadre Comptable,GI TECHNOLOGY LOGGING,Pointe-Noire,"Pétrole, Gaz & Hydrocarbures",CDD,,,,"Cadre Comptable Secteur : Pétrole, Gaz & Hydrocarbures."
JOB250000823,Assistant Ressources Humaines,"GI TECNOLOGY LOGGING CO, LTD.CONGO SARLU",Pointe-Noire,"Pétrole, Gaz & Hydrocarbures",CDD,,,,"Assistant Ressources Humaines Secteur : Pétrole, Gaz & Hydrocarbures."
JOB250000824,Cadre Comptable,"GI TECNOLOGY LOGGING CO, LTD.CONGO SARLU",Pointe-Noire,"Pétrole, Gaz & Hydrocarbures",CDD,,,,"Cadre Comptable  Secteur : Pétrole, Gaz & Hydrocarbures."
JOB250002683,CONSEILLER CLIENT SENIOR,GKM,Brazzaville,"Commerce, Vente, Marketing & Distribution",CDD,,,vente,"CONSEILLER CLIENT SENIOR Secteur : Commerce, Vente, Marketing & Distribution."
JOB250000906,AUDITEUR SENIOR,GKM AUDIT & CONSEIL,Pointe-Noire,"Finance, Banque, Assurance, Comptabilité & Fiscalité",CDI,,,comptabilité; fiscalité,"AUDITEUR SENIOR Secteur : Finance, Banque, Assurance, Comptabilité & Fiscalité."
JOB250002067,CHAUFFEUR COURSIER,GKM AUDIT & CONSEIL,Pointe-Noire,"Finance, Banque, Assurance, Comptabilité & Fiscalité",CDD,,,comptabilité; fiscalité,"CHAUFFEUR COURSIER  Secteur : Finance, Banque, Assurance, Comptabilité & Fiscalité."
JOB250002068,SECRETAIRE DE DIRECTION,GKM AUDIT & CONSEIL,Pointe-Noire,"Conseil, Stratégie & Gestion des Ressources Humaines",CDI,,,gestion des ressources humaines,"SECRETAIRE DE DIRECTION  Secteur : Conseil, Stratégie & Gestion des Ressources Humaines."
JOB250002272,Conseiller Client Confirmé,GKM AUDIT & CONSEIL,Pointe-Noire,"Commerce, Vente, Marketing & Distribution",CDD,,,vente,"Conseiller Client Confirmé Secteur : Commerce, Vente, Marketing & Distribution."
JOB250002566,Auditeur Senior,GKM AUDIT & CONSEIL,Pointe-Noire,Droit et Justice,CDI,,,,Auditeur Senior Secteur : Droit et Justice.
NONREF000010,Agent entrée -sortie,GLOBAL ACCESS CONGO,Pointe-Noire,"Transport, Logistique & Supply Chain",CDD,,,supply chain,"Agent entrée -sortie Secteur : Transport, Logistique & Supply Chain."
NONREF000027,Assistant comptable,GLOBAL ACCESS CONGO,Pointe-Noire,"Transport, Logistique & Supply Chain",CDD,,,supply chain,"Assistant comptable Secteur : Transport, Logistique & Supply Chain."
NONREF000037,Assistante Adm RH,GLOBAL ACCESS CONGO,Pointe-Noire,"Conseil, Stratégie & Gestion des Ressources Humaines",CDD,,,gestion des ressources humaines,"Assistante Adm RH Secteur : Conseil, Stratégie & Gestion des Ressources Humaines."
NONREF000183,Opérateur-maintenance Syst,GLOBAL ACCESS CONGO,Pointe-Noire,"Transport, Logistique & Supply Chain",CDD,,,supply chain,"Opérateur-maintenance Syst Secteur : Transport, Logistique & Supply Chain."
JOB250001003,"Responsable Administratif & Financier Régional (Congo, Guinée …)",GLOBAL ACCESS CONGO,Pointe-Noire,"Finance, Banque, Assurance, Comptabilité & Fiscalité",CDI,,,comptabilité; fiscalité,"Responsable Administratif & Financier Régional (Congo, Guinée …) Secteur : Finance, Banque, Assurance, Comptabilité & Fiscalité."
JOB250002607,Gestionnaire,GLOBAL IT SOLUTIONS,Brazzaville,"Commerce, Vente, Marketing & Distribution",CDI,,,vente,"Gestionnaire  Secteur : Commerce, Vente, Marketing & Distribution."
JOB250002279,SAGE FEMME,GLOBALE AFRIQUE CORPORATION (GAC),Brazzaville,"Santé, Pharmacie & Recherche Scientifique",CDD,,,pharmacie,"SAGE FEMME  Secteur : Santé, Pharmacie & Recherche Scientifique."
NONREF000028,Assistant controleur de gestion,GLOBALINE,Pointe-Noire,"Industrie, Production & Maintenance",CDD,,,,"Assistant controleur de gestion Secteur : Industrie, Production & Maintenance."
NONREF000130,Electrotechnicien,GLOBALINE,Pointe-Noire,"Industrie, Production & Maintenance",CDD,,,,"Electrotechnicien Secteur : Industrie, Production & Maintenance."
NONREF000232,Siropier et laborantin,GLOBALINE,Pointe-Noire,"Industrie, Production & Maintenance",CDD,,,,"Siropier et laborantin Secteur : Industrie, Production & Maintenance."
JOB250000894,SUPERVISEUR DES SHOPS,GLOBALINE SA,Pointe-Noire,"Industrie, Production & Maintenance",CDD,,,,"SUPERVISEUR DES SHOPS  Secteur : Industrie, Production & Maintenance."
JOB250001188,RESPONSABLE MAGASIN,GLOBALINE SA,Pointe-Noire,"Industrie, Production & Maintenance",CDD,,,,"RESPONSABLE MAGASIN Secteur : Industrie, Production & Maintenance."
JOB250001242,GESTIONNAIRE DE STOKS,GLOBALINE SA,Brazzaville,"Transport, Logistique & Supply Chain",CDD,,,supply chain,"GESTIONNAIRE DE STOKS  Secteur : Transport, Logistique & Supply Chain."
JOB250001439,CHAUFFEUR CHARGÉ DE RECOUVREMENT,GLOBALINE SA,Brazzaville,"Transport, Logistique & Supply Chain",CDI,,,supply chain,"CHAUFFEUR CHARGÉ DE RECOUVREMENT  Secteur : Transport, Logistique & Supply Chain."
JOB250002861,Agent Commercial,GLOBALINE SA,Pointe-Noire,"Commerce, Vente, Marketing & Distribution",CDD,,,vente,"Agent Commercial Secteur : Commerce, Vente, Marketing & Distribution."
NONREF000030,Assistant QHSE,GMC,Pointe-Noire,"Assurance Qualité, Contrôle, Testing (QHSE)",CDD,,,qhse,"Assistant QHSE Secteur : Assurance Qualité, Contrôle, Testing (QHSE)."
JOB250001933,Aide Opérateur,GNCAC,Pointe-Noire,"Pétrole, Gaz & Hydrocarbures",CDD,,,,"Aide Opérateur  Secteur : Pétrole, Gaz & Hydrocarbures."
JOB250001937,AMBULANCIER,GNCAC,Kouilou,"Industrie, Production & Maintenance",CDD,,,,"AMBULANCIER Secteur : Industrie, Production & Maintenance."
JOB250001939,ASSISTANT TECHNIQUE,GNCAC,Kouilou,"Pétrole, Gaz & Hydrocarbures",CDD,,,,"ASSISTANT TECHNIQUE Secteur : Pétrole, Gaz & Hydrocarbures."
JOB250001948,Chauffeur Poids Léger,GNCAC,Kouilou,"Transport, Logistique & Supply Chain",CDD,,,supply chain,"Chauffeur Poids Léger Secteur : Transport, Logistique & Supply Chain."
JOB250001960,Chauffeur Poids Lourds,GNCAC,Kouilou,"Transport, Logistique & Supply Chain",CDD,,,supply chain,"Chauffeur Poids Lourds Secteur : Transport, Logistique & Supply Chain."
JOB250001961,Coordonnateur Génie Civil,GNCAC,Kouilou,"Pétrole, Gaz & Hydrocarbures",CDD,,,génie civil,"Coordonnateur Génie Civil Secteur : Pétrole, Gaz & Hydrocarbures."
JOB250001962,Electricien Turbiniste,GNCAC,Kouilou,"Énergie, Environnement & Eau",CDD,,,,"Electricien Turbiniste Secteur : Énergie, Environnement & Eau."
JOB250001964,HELPER,GNCAC,Kouilou,"Pétrole, Gaz & Hydrocarbures",CDD,,,,"HELPER Secteur : Pétrole, Gaz & Hydrocarbures."
JOB250001966,MAGASINIER,GNCAC,Kouilou,"Pétrole, Gaz & Hydrocarbures",CDD,,,,"MAGASINIER  Secteur : Pétrole, Gaz & Hydrocarbures."
JOB250001969,MECANICIEN,GNCAC,Kouilou,"Pétrole, Gaz & Hydrocarbures",CDD,,,,"MECANICIEN Secteur : Pétrole, Gaz & Hydrocarbures."
JOB250001970,OPERATEUR,GNCAC,Kouilou,"Pétrole, Gaz & Hydrocarbures",CDD,,,,"OPERATEUR Secteur : Pétrole, Gaz & Hydrocarbures."
JOB250001971,Superviseur Dico,GNCAC,Kouilou,"Pétrole, Gaz & Hydrocarbures",CDD,,,,"Superviseur Dico Secteur : Pétrole, Gaz & Hydrocarbures."
JOB250001972,SuperviseurMagasin,GNCAC,Kouilou,"Pétrole, Gaz & Hydrocarbures",CDD,,,,"SuperviseurMagasin Secteur : Pétrole, Gaz & Hydrocarbures."
JOB250001973,SuperviseurService Transport,GNCAC,Kouilou,"Pétrole, Gaz & Hydrocarbures",CDD,,,,"SuperviseurService Transport Secteur : Pétrole, Gaz & Hydrocarbures."
JOB250001974,SUPERVISEUR HSE,GNCAC,Kouilou,"Assurance Qualité, Contrôle, Testing (QHSE)",CDD,,,hse; qhse,"SUPERVISEUR HSE  Secteur : Assurance Qualité, Contrôle, Testing (QHSE)."
JOB250001975,Mécanicien Senior,GNCAC,Kouilou,"Pétrole, Gaz & Hydrocarbures",CDD,,,,"Mécanicien Senior Secteur : Pétrole, Gaz & Hydrocarbures."
JOB250001985,Mécanicien Foreman,GNCAC,Kouilou,"Pétrole, Gaz & Hydrocarbures",CDD,,,,"Mécanicien Foreman Secteur : Pétrole, Gaz & Hydrocarbures."
JOB250001989,Instrumentiste Foreman,GNCAC,Kouilou,"Pétrole, Gaz & Hydrocarbures",CDD,,,,"Instrumentiste Foreman Secteur : Pétrole, Gaz & Hydrocarbures."
JOB250001992,Electricien Foreman,GNCAC,Kouilou,"Énergie, Environnement & Eau",CDD,,,,"Electricien Foreman Secteur : Énergie, Environnement & Eau."
JOB250001993,ElectricienSenior,GNCAC,Kouilou,"Énergie, Environnement & Eau",CDD,,,,"ElectricienSenior Secteur : Énergie, Environnement & Eau."
JOB250001994,Instrumentiste Junior,GNCAC,Kouilou,"Pétrole, Gaz & Hydrocarbures",CDD,,,,"Instrumentiste Junior Secteur : Pétrole, Gaz & Hydrocarbures."
JOB250001995,MécanicienJunior,GNCAC,Kouilou,"Industrie, Production & Maintenance",CDD,,,,"MécanicienJunior Secteur : Industrie, Production & Maintenance."
JOB250001996,Technicien d'Exploitation,GNCAC,Kouilou,"Pétrole, Gaz & Hydrocarbures",CDD,,,,"Technicien d'Exploitation Secteur : Pétrole, Gaz & Hydrocarbures."
JOB250001997,Chauffeur Camion Hiab,GNCAC,Kouilou,"Pétrole, Gaz & Hydrocarbures",CDD,,,,"Chauffeur Camion Hiab Secteur : Pétrole, Gaz & Hydrocarbures."
JOB250002002,Electricien Junior,GNCAC,Kouilou,"Pétrole, Gaz & Hydrocarbures",CDD,,,,"Electricien Junior Secteur : Pétrole, Gaz & Hydrocarbures."
JOB250002007,HSE Base Vie,GNCAC,Kouilou,"Assurance Qualité, Contrôle, Testing (QHSE)",CDD,,,hse; qhse,"HSE Base Vie Secteur : Assurance Qualité, Contrôle, Testing (QHSE)."
JOB250002011,MAGASINIER,GNCAC,Kouilou,"Pétrole, Gaz & Hydrocarbures",CDD,,,,"MAGASINIER  Secteur : Pétrole, Gaz & Hydrocarbures."
JOB250002012,Plombier Foreman,GNCAC,Kouilou,"Pétrole, Gaz & Hydrocarbures",CDD,,,,"Plombier Foreman Secteur : Pétrole, Gaz & Hydrocarbures."
JOB250002013,CARISTE,GNCAC,Kouilou,"Pétrole, Gaz & Hydrocarbures",CDD,,,,"CARISTE Secteur : Pétrole, Gaz & Hydrocarbures."
JOB250002014,Superviseur Station Gasoil,GNCAC,Kouilou,"Pétrole, Gaz & Hydrocarbures",CDD,,,,"Superviseur Station Gasoil Secteur : Pétrole, Gaz & Hydrocarbures."
JOB250002015,Assistant Maintenance,GNCAC,Kouilou,"Pétrole, Gaz & Hydrocarbures",CDD,,,,"Assistant Maintenance Secteur : Pétrole, Gaz & Hydrocarbures."
JOB250002016,HVAC Senior,GNCAC,Kouilou,"Pétrole, Gaz & Hydrocarbures",CDD,,,,"HVAC Senior Secteur : Pétrole, Gaz & Hydrocarbures."
JOB250002017,InstrumentisteSenior,GNCAC,Kouilou,"Pétrole, Gaz & Hydrocarbures",CDD,,,,"InstrumentisteSenior Secteur : Pétrole, Gaz & Hydrocarbures."
JOB250002018,PLOMBIER,GNCAC,Kouilou,"Pétrole, Gaz & Hydrocarbures",CDD,,,,"PLOMBIER Secteur : Pétrole, Gaz & Hydrocarbures."
NONREF000062,Chaudronnerie,GNCAC SAU,Pointe-Noire,"Industrie, Production & Maintenance",CDD,,,,"Chaudronnerie Secteur : Industrie, Production & Maintenance."
NONREF000179,Montage,GNCAC SAU,Pointe-Noire,"Industrie, Production & Maintenance",CDD,,,,"Montage Secteur : Industrie, Production & Maintenance."
NONREF000249,Tuyauterie,GNCAC SAU,Pointe-Noire,"Industrie, Production & Maintenance",CDD,,,tuyauterie,"Tuyauterie Secteur : Industrie, Production & Maintenance."
JOB250002060,Marketing Specialist,GOZEM CONGO,Brazzaville,"Communication, Médias & Événementiel",CDD,,,,"Marketing Specialist Secteur : Communication, Médias & Événementiel."
JOB250002061,Marketing Specialist,GOZEM CONGO,Brazzaville,"Informatique, Data, Télécommunications & Digital",CDD,,,,"Marketing Specialist Secteur : Informatique, Data, Télécommunications & Digital."
JOB250002708,Agent Support,GOZEM CONGO,Brazzaville,"Informatique, Data, Télécommunications & Digital",CDD,,,,"Agent Support Secteur : Informatique, Data, Télécommunications & Digital."
JOB250000968,OPERATEUR POLYVALENT DE MEUNIER,GRAND MOULIN DE POINTE NOIRE,Pointe-Noire,"Industrie, Production & Maintenance",CDD,,,,"OPERATEUR POLYVALENT DE MEUNIER Secteur : Industrie, Production & Maintenance."
JOB250001216,Assistant Ressources Humaines,GRAND MOULIN DE POINTE NOIRE,Pointe-Noire,"Industrie, Production & Maintenance",CDI,,,,"Assistant Ressources Humaines Secteur : Industrie, Production & Maintenance."
JOB250001217,Technico Commercial,GRAND MOULIN DE POINTE NOIRE,Pointe-Noire,"Industrie, Production & Maintenance",CDI,,,,"Technico Commercial  Secteur : Industrie, Production & Maintenance."
JOB250001335,MAGASINIER,GRAND MOULIN DE POINTE NOIRE,Pointe-Noire,"Commerce, Vente, Marketing & Distribution",CDI,,,vente,"MAGASINIER  Secteur : Commerce, Vente, Marketing & Distribution."
JOB250001336,Opérateur Presse,GRAND MOULIN DE POINTE NOIRE,Pointe-Noire,"Industrie, Production & Maintenance",CDD,,,,"Opérateur Presse Secteur : Industrie, Production & Maintenance."
NONREF000400,Assistant aux Achats,GRAND MOULIN DE POINTE NOIRE,Pointe-Noire,"Commerce, Vente, Marketing & Distribution",CDD,,,vente,"Assistant aux Achats Secteur : Commerce, Vente, Marketing & Distribution."
NONREF000190,Pointeur dans le magasin,GRANDS MOULIN DU CGO,Pointe-Noire,"Industrie, Production & Maintenance",CDD,,,,"Pointeur dans le magasin Secteur : Industrie, Production & Maintenance."
NONREF000004,Agent administratif,GRANDS MOULINS DE PN,Pointe-Noire,"Industrie, Production & Maintenance",CDD,,,,"Agent administratif Secteur : Industrie, Production & Maintenance."
NONREF000014,Aide comptable,GRANDS MOULINS DE PN,Pointe-Noire,"Industrie, Production & Maintenance",CDD,,,,"Aide comptable Secteur : Industrie, Production & Maintenance."
JOB250000922,MANUTENTIONNAIRES,GRANDS MOULINS DU CONGO,Pointe-Noire,"Transport, Logistique & Supply Chain",CDD,,,supply chain,"MANUTENTIONNAIRES Secteur : Transport, Logistique & Supply Chain."
JOB250000945,Transitaire,GRANDS MOULINS DU CONGO,Pointe-Noire,"Transport, Logistique & Supply Chain",CDD,,,supply chain,"Transitaire Secteur : Transport, Logistique & Supply Chain."
JOB250001416,ELECTRO TECHNICIEN,GRANDS MOULINS DU CONGO,Pointe-Noire,"Énergie, Environnement & Eau",CDI,,,,"ELECTRO TECHNICIEN Secteur : Énergie, Environnement & Eau."
JOB250002315,Responsable des Affaires Juridiques et de la Conformité,GRANDS MOULINS DU CONGO,Pointe-Noire,"Industrie, Production & Maintenance",CDD,,,,"Responsable des Affaires Juridiques et de la Conformité Secteur : Industrie, Production & Maintenance."
JOB250002655,Agent commercial,GRANDS MOULINS DU CONGO,Pointe-Noire,"Commerce, Vente, Marketing & Distribution",CDD,,,vente,"Agent commercial Secteur : Commerce, Vente, Marketing & Distribution."
JOB250002656,Agent commercial,GRANDS MOULINS DU CONGO,Pointe-Noire,"Commerce, Vente, Marketing & Distribution",CDD,,,vente,"Agent commercial Secteur : Commerce, Vente, Marketing & Distribution."
JOB250002659,Pointeur Livreur,GRANDS MOULINS DU CONGO,Pointe-Noire,"Industrie, Production & Maintenance",CDD,,,,"Pointeur Livreur Secteur : Industrie, Production & Maintenance."
JOB250002040,Ingénieur Travaux,GRASSET SPORAFRIC,Pointe-Noire,"Bâtiment, Travaux Publics & Aménagement du Territoire",CDI,,,,"Ingénieur Travaux Secteur : Bâtiment, Travaux Publics & Aménagement du Territoire."
JOB250002431,Motoriste et Système mécanique,GRASSET SPORAFRIC,Pointe-Noire,"Transport, Logistique & Supply Chain",CDI,,,supply chain,"Motoriste et Système mécanique Secteur : Transport, Logistique & Supply Chain."
JOB250002432,Responsable Administratif et Financier,GRASSET SPORAFRIC,Pointe-Noire,"Finance, Banque, Assurance, Comptabilité & Fiscalité",CDI,,,comptabilité; fiscalité,"Responsable Administratif et Financier Secteur : Finance, Banque, Assurance, Comptabilité & Fiscalité."
JOB250002845,Ingénieur Electro-mécano-technico-commercial,GRASSET SPORAFRIC,Pointe-Noire,"Commerce, Vente, Marketing & Distribution",CDI,,,vente,"Ingénieur Electro-mécano-technico-commercial Secteur : Commerce, Vente, Marketing & Distribution."
JOB250001574,COMPTABLE,GRET,Brazzaville,"Commerce, Vente, Marketing & Distribution",CDD,,,vente,"COMPTABLE  Secteur : Commerce, Vente, Marketing & Distribution."
JOB250001577,Responsable Logistique et Sécurité,GRET,Brazzaville,"Commerce, Vente, Marketing & Distribution",CDD,,,vente,"Responsable Logistique et Sécurité Secteur : Commerce, Vente, Marketing & Distribution."
JOB250001580,SECRETAIRE CAISSIER,GRET,Brazzaville,"Commerce, Vente, Marketing & Distribution",CDD,,,vente,"SECRETAIRE CAISSIER Secteur : Commerce, Vente, Marketing & Distribution."
JOB250001581,comptable paie et formateur,GRET,Brazzaville,"Commerce, Vente, Marketing & Distribution",CDD,,,paie; vente,"comptable paie et formateur Secteur : Commerce, Vente, Marketing & Distribution."
JOB250001586,ANIMATEUR,GRET,Brazzaville,"Commerce, Vente, Marketing & Distribution",CDD,,,vente,"ANIMATEUR Secteur : Commerce, Vente, Marketing & Distribution."
JOB250001587,ANIMATEUR,GRET,Brazzaville,"Commerce, Vente, Marketing & Distribution",CDD,,,vente,"ANIMATEUR Secteur : Commerce, Vente, Marketing & Distribution."
JOB250001952,CHAUFFEUR LOGISTICIEN,GRET,Brazzaville,"Transport, Logistique & Supply Chain",CDD,,,supply chain,"CHAUFFEUR LOGISTICIEN Secteur : Transport, Logistique & Supply Chain."
JOB250001954,ASSISTANT ADMINISTRATIFET COMPTABLE,GRET,Brazzaville,"Finance, Banque, Assurance, Comptabilité & Fiscalité",CDD,,,comptabilité; fiscalité,"ASSISTANT ADMINISTRATIFET COMPTABLE  Secteur : Finance, Banque, Assurance, Comptabilité & Fiscalité."
JOB250002217,RESPONSABLE COMPTABLE,GRET,Brazzaville,"Finance, Banque, Assurance, Comptabilité & Fiscalité",CDD,,,comptabilité; fiscalité,"RESPONSABLE COMPTABLE  Secteur : Finance, Banque, Assurance, Comptabilité & Fiscalité."
JOB250001955,CHAUFFEUR COURSIER,GROUP VIVENDI AFRICA CONGO,Pointe-Noire,"Transport, Logistique & Supply Chain",CDI,,,supply chain,"CHAUFFEUR COURSIER  Secteur : Transport, Logistique & Supply Chain."
JOB250002120,CHAUFFEUR COURSIER,GROUP VIVENDI AFRICA CONGO,Brazzaville,"Transport, Logistique & Supply Chain",CDI,,,supply chain,"CHAUFFEUR COURSIER  Secteur : Transport, Logistique & Supply Chain."
JOB250002128,CHAUFFEUR COURSIER,GROUP VIVENDI AFRICA CONGO,Brazzaville,"Transport, Logistique & Supply Chain",CDD,,,supply chain,"CHAUFFEUR COURSIER  Secteur : Transport, Logistique & Supply Chain."
NONREF000172,Marketing,GROUPE M&N SARL,Pointe-Noire,"Bâtiment, Travaux Publics & Aménagement du Territoire",CDD,,,,"Marketing Secteur : Bâtiment, Travaux Publics & Aménagement du Territoire."
NONREF000042,Assistante log des opérations,GRUPPO ANTONINI ENERG,Pointe-Noire,"Pétrole, Gaz & Hydrocarbures",CDD,,,,"Assistante log des opérations Secteur : Pétrole, Gaz & Hydrocarbures."
JOB250001172,Assistant Qualité QA/QC,GRUPPO ANTONINI ENERGY SAR,Pointe-Noire,"Pétrole, Gaz & Hydrocarbures",CDD,,,,"Assistant Qualité QA/QC Secteur : Pétrole, Gaz & Hydrocarbures."
JOB250001337,DIRECTEUR ADMINISTRATIF ET FINANCIER,HAPAG LLOYD CONGO,Pointe-Noire,"Transport, Logistique & Supply Chain",CDI,,,supply chain,"DIRECTEUR ADMINISTRATIF ET FINANCIER Secteur : Transport, Logistique & Supply Chain."
JOB250002105,COMMERCIAL,HAPAG LLOYD CONGO,Pointe-Noire,"Commerce, Vente, Marketing & Distribution",CDI,,,vente,"COMMERCIAL  Secteur : Commerce, Vente, Marketing & Distribution."
NONREF000102,Comptable,HAPAG-LIOYD CONGO,Pointe-Noire,"Transport, Logistique & Supply Chain",CDI,,,supply chain,"Comptable Secteur : Transport, Logistique & Supply Chain."
JOB250001704,RESPONSABLE APPROVISIONNEMENT ACHAT ET LOGISTIQUE,HELIOS TOWERS CONGO BRAZZAVILLE-SASU,Brazzaville,"Informatique, Data, Télécommunications & Digital",CDD,,,,"RESPONSABLE APPROVISIONNEMENT ACHAT ET LOGISTIQUE Secteur : Informatique, Data, Télécommunications & Digital."
JOB250002526,RESPONSABLE DESRESSOURSES HUMAINES,HELIOS TOWERS CONGO BRAZZAVILLE-SASU,Brazzaville,Hôtellerie - Restauration,CDD,,,,RESPONSABLE DESRESSOURSES HUMAINES Secteur : Hôtellerie - Restauration.
JOB250002527,SUPERVISEUR DE ZONE,HELIOS TOWERS CONGO BRAZZAVILLE-SASU,Brazzaville,"Conseil, Stratégie & Gestion des Ressources Humaines",CDD,,,gestion des ressources humaines,"SUPERVISEUR DE ZONE Secteur : Conseil, Stratégie & Gestion des Ressources Humaines."
JOB250000830,CHARGE DE RELATION CLIENT,HOPE CONGO,Pointe-Noire,"Finance, Banque, Assurance, Comptabilité & Fiscalité",Stage professionnel,,,comptabilité; fiscalité,"CHARGE DE RELATION CLIENT Secteur : Finance, Banque, Assurance, Comptabilité & Fiscalité."
JOB250002221,STAGIAIRES CHARGES DE RELATION CLIENTEL,HOPE congo S.A,Brazzaville,"Finance, Banque, Assurance, Comptabilité & Fiscalité",CDD,,,comptabilité; fiscalité,"STAGIAIRES CHARGES DE RELATION CLIENTEL  Secteur : Finance, Banque, Assurance, Comptabilité & Fiscalité."
JOB250002449,stagiaire chauffeur,HOPE congo S.A,Brazzaville,"Transport, Logistique & Supply Chain",CDD,,,supply chain,"stagiaire chauffeur Secteur : Transport, Logistique & Supply Chain."
JOB250000927,RESPONSABLE RESSOURCES HUMAINES,HORUS SA,Pointe-Noire,"Conseil, Stratégie & Gestion des Ressources Humaines",CDD,,,gestion des ressources humaines,"RESPONSABLE RESSOURCES HUMAINES  Secteur : Conseil, Stratégie & Gestion des Ressources Humaines."
JOB250000928,AUDITEUR,HORUS SA,Pointe-Noire,"Finance, Banque, Assurance, Comptabilité & Fiscalité",CDD,,,comptabilité; fiscalité,"AUDITEUR Secteur : Finance, Banque, Assurance, Comptabilité & Fiscalité."
JOB250000929,Chauffeur,HORUS SA,Pointe-Noire,"Transport, Logistique & Supply Chain",CDD,,,supply chain,"Chauffeur  Secteur : Transport, Logistique & Supply Chain."
JOB250002344,Chauffeur Poids Lourds,HORUS SA,Kouilou,"Transport, Logistique & Supply Chain",CDD,,,supply chain,"Chauffeur Poids Lourds Secteur : Transport, Logistique & Supply Chain."
JOB250002345,Controleur de Gestion,HORUS SA,Kouilou,"Transport, Logistique & Supply Chain",CDD,,,supply chain,"Controleur de Gestion Secteur : Transport, Logistique & Supply Chain."
JOB250001563,BUANDIER,HOTEL  LAURIA ATLANTIC,Pointe-Noire,Nettoyage & Blanchisserie,CDD,,,,BUANDIER  Secteur : Nettoyage & Blanchisserie.
JOB250001564,Réceptionniste,HOTEL  LAURIA ATLANTIC,Pointe-Noire,Hôtellerie - Restauration,CDD,,,,Réceptionniste  Secteur : Hôtellerie - Restauration.
JOB250001565,VALET DE CHAMBRE,HOTEL  LAURIA ATLANTIC,Pointe-Noire,Hôtellerie - Restauration,CDD,,,,VALET DE CHAMBRE  Secteur : Hôtellerie - Restauration.
JOB250001654,Area Business Development Manager,HUMAN RESOURCE SOLUTIONS (HSD) CONGO LTD,Pointe-Noire,"Commerce, Vente, Marketing & Distribution",CDI,,,vente,"Area Business Development Manager Secteur : Commerce, Vente, Marketing & Distribution."
JOB250001533,Assistant de Direction,ICARE SERVICES SARLU,Brazzaville,"Énergie, Environnement & Eau",CDD,,,,"Assistant de Direction Secteur : Énergie, Environnement & Eau."
JOB250001535,RESPONSABLE QUALITE HYGIENE SECURITE ET ENVIRONNEMENT,ICARE SERVICES SARLU,Brazzaville,"Énergie, Environnement & Eau",CDD,,,,"RESPONSABLE QUALITE HYGIENE SECURITE ET ENVIRONNEMENT Secteur : Énergie, Environnement & Eau."
NONREF000022,Assistant administratif cpt,IECD,Pointe-Noire,Gestion Administrative,CDD,,,gestion administrative,Assistant administratif cpt Secteur : Gestion Administrative.
NONREF000038,Assistante Administratif,IECD,Pointe-Noire,"Éducation, Formation & Enseignement",CDD,,,enseignement,"Assistante Administratif Secteur : Éducation, Formation & Enseignement."
NONREF000236,Stagiaire en pisciculture,IECD,Pointe-Noire,"Éducation, Formation & Enseignement",CDD,,,enseignement,"Stagiaire en pisciculture Secteur : Éducation, Formation & Enseignement."
JOB250000973,CHARGEDE RELATIONS ET PARTENARIAT,IECD (INSTITUT EUROPEEN DE COOPERATION ET DE DEVELOPPEMENT),Pointe-Noire,Recherche et Développement,CDD,,,,CHARGEDE RELATIONS ET PARTENARIAT Secteur : Recherche et Développement.
JOB250002768,Assistant Technique,IECD (INSTITUT EUROPEEN DE COOPERATION ET DE DEVELOPPEMENT),Pointe-Noire,"Conseil, Stratégie & Gestion des Ressources Humaines",CDD,,,gestion des ressources humaines,"Assistant Technique  Secteur : Conseil, Stratégie & Gestion des Ressources Humaines."
JOB250002772,Assistant Administratif et Comptable,IECD (INSTITUT EUROPEEN DE COOPERATION ET DE DEVELOPPEMENT),Pointe-Noire,"Conseil, Stratégie & Gestion des Ressources Humaines",CDD,,,gestion des ressources humaines,"Assistant Administratif et Comptable Secteur : Conseil, Stratégie & Gestion des Ressources Humaines."
JOB250002829,Expert Pédagogique et Employabilité,IECD (INSTITUT EUROPEEN DE COOPERATION ET DE DEVELOPPEMENT),Pointe-Noire,"Éducation, Formation & Enseignement",CDD,,,enseignement,"Expert Pédagogique et Employabilité Secteur : Éducation, Formation & Enseignement."
JOB250002830,Chargé de Suivi de Projet,IECD (INSTITUT EUROPEEN DE COOPERATION ET DE DEVELOPPEMENT),Pointe-Noire,"Éducation, Formation & Enseignement",CDD,,,enseignement,"Chargé de Suivi de Projet Secteur : Éducation, Formation & Enseignement."
NONREF000115,Directeur Adm et financier,IMC LOGISTIC,Pointe-Noire,"Transport, Logistique & Supply Chain",CDD,,,supply chain,"Directeur Adm et financier Secteur : Transport, Logistique & Supply Chain."
NONREF000123,Directeur RH,IMC LOGISTIC,Pointe-Noire,"Conseil, Stratégie & Gestion des Ressources Humaines",CDD,,,gestion des ressources humaines,"Directeur RH Secteur : Conseil, Stratégie & Gestion des Ressources Humaines."
NONREF000174,Mécanicien chef de garage,IMC LOGISTIC,Pointe-Noire,"Transport, Logistique & Supply Chain",CDD,,,supply chain,"Mécanicien chef de garage Secteur : Transport, Logistique & Supply Chain."
NONREF000208,Responsable achats passation,IMC LOGISTIC,Pointe-Noire,"Éducation, Formation & Enseignement",CDD,,,enseignement,"Responsable achats passation Secteur : Éducation, Formation & Enseignement."
JOB250001192,"Superviseur de l'environnement , santé et de la sécurité au travail",IMEX ENVIRONNEMENT S.AS,Brazzaville,"Bâtiment, Travaux Publics & Aménagement du Territoire",CDD,,,,"Superviseur de l'environnement , santé et de la sécurité au travail  Secteur : Bâtiment, Travaux Publics & Aménagement du Territoire."
JOB250001211,Ingenieur en construction,IMEX ENVIRONNEMENT S.AS,Brazzaville,"Bâtiment, Travaux Publics & Aménagement du Territoire",Contrat d'intérim,,,,"Ingenieur en construction Secteur : Bâtiment, Travaux Publics & Aménagement du Territoire."
JOB250001248,Superviseur de l'ingénierie,IMEX ENVIRONNEMENT S.AS,Brazzaville,"Énergie, Environnement & Eau",CDD,,,,"Superviseur de l'ingénierie  Secteur : Énergie, Environnement & Eau."
JOB250001819,Recrutement en externes des (MOA) (H),IMEX ENVIRONNEMENT S.AS,Nkayi,"Énergie, Environnement & Eau",CDD,,,,"Recrutement en externes des (MOA) (H) Secteur : Énergie, Environnement & Eau."
JOB250002343,GESTIONNAIRE IMMOBILIER,IMMO INVEST PATRIMOINE,Brazzaville,"Commerce, Vente, Marketing & Distribution",CDD,,,vente,"GESTIONNAIRE IMMOBILIER Secteur : Commerce, Vente, Marketing & Distribution."
JOB250002347,COMPTABLE FISCALISTE,IMMO INVEST PATRIMOINE,Brazzaville,"Commerce, Vente, Marketing & Distribution",CDD,,,vente,"COMPTABLE FISCALISTE Secteur : Commerce, Vente, Marketing & Distribution."
JOB250002025,Responsable communication & Relations publiques,IMPERATUS ENERGY,Brazzaville,"Pétrole, Gaz & Hydrocarbures",CDD,,,,"Responsable communication & Relations publiques Secteur : Pétrole, Gaz & Hydrocarbures."
JOB250002026,Responsable Contrôle Interne,IMPERATUS ENERGY,Brazzaville,"Finance, Banque, Assurance, Comptabilité & Fiscalité",CDD,,,comptabilité; fiscalité,"Responsable Contrôle Interne Secteur : Finance, Banque, Assurance, Comptabilité & Fiscalité."
JOB250002027,Assistant de Direction,IMPERATUS ENERGY,Brazzaville,"Conseil, Stratégie & Gestion des Ressources Humaines",CDD,,,gestion des ressources humaines,"Assistant de Direction Secteur : Conseil, Stratégie & Gestion des Ressources Humaines."
JOB250001566,ASSISTANT ADMINISTRATIF,IMPRIMERIE CENTRALE D'AFRIQUE,Pointe-Noire,"Conseil, Stratégie & Gestion des Ressources Humaines",CDD,,,gestion des ressources humaines,"ASSISTANT ADMINISTRATIF Secteur : Conseil, Stratégie & Gestion des Ressources Humaines."
JOB250002801,DIRECTEUR TECHNIQUE EN INDUSTRIES GRAPHIQUES,IMPRIMERIE CENTRALE D'AFRIQUE,Pointe-Noire,Divers,CDI,,,,DIRECTEUR TECHNIQUE EN INDUSTRIES GRAPHIQUES Secteur : Divers .
JOB250002186,Chef de l’Atelier Mécanique,INDUSTRIE FORESTIERE DE OUESSO ( IFO),Ouesso,"Industrie, Production & Maintenance",CDI,,,,"Chef de l’Atelier Mécanique  Secteur : Industrie, Production & Maintenance."
JOB250002188,Responsable Ligne Horizontale,INDUSTRIE FORESTIERE DE OUESSO ( IFO),Ouesso,"Industrie, Production & Maintenance",CDI,,,,"Responsable Ligne Horizontale  Secteur : Industrie, Production & Maintenance."
JOB250002189,Coordinateur des équipes de nuit des Industrie,INDUSTRIE FORESTIERE DE OUESSO ( IFO),Ouesso,"Industrie, Production & Maintenance",CDI,,,,"Coordinateur des équipes de nuit des Industrie  Secteur : Industrie, Production & Maintenance."
JOB250002387,ADJOINT AU CHEF DE SERVICE LAMELLÉ-COLLÉ,INDUSTRIE FORESTIERE DE OUESSO ( IFO),Ouesso,Exploitation Forestière & Bois,CDI,,,,ADJOINT AU CHEF DE SERVICE LAMELLÉ-COLLÉ  Secteur : Exploitation Forestière & Bois.
JOB250002401,RESPONSABLE FINANCIER,INDUSTRIE FORESTIERE DE OUESSO ( IFO),Ouesso,Exploitation Forestière & Bois,CDI,,,,RESPONSABLE FINANCIER Secteur : Exploitation Forestière & Bois.
JOB250002402,ADJOINT AU DIRECTEUR DES USINES,INDUSTRIE FORESTIERE DE OUESSO ( IFO),Ouesso,Exploitation Forestière & Bois,CDI,,,,ADJOINT AU DIRECTEUR DES USINES  Secteur : Exploitation Forestière & Bois.
JOB250002404,DIRECTEUR GÉNÉRAL ADJOINT,INDUSTRIE FORESTIERE DE OUESSO ( IFO),Ouesso,Exploitation Forestière & Bois,CDI,,,,DIRECTEUR GÉNÉRAL ADJOINT  Secteur : Exploitation Forestière & Bois.
JOB250002515,DIRECTEUR FORÊT,INDUSTRIE FORESTIERE DE OUESSO ( IFO),Ouesso,Exploitation Forestière & Bois,CDI,,,,DIRECTEUR FORÊT  Secteur : Exploitation Forestière & Bois.
JOB250002516,DIRECTEUR TECHNIQUE,INDUSTRIE FORESTIERE DE OUESSO ( IFO),Ouesso,Exploitation Forestière & Bois,CDI,,,,DIRECTEUR TECHNIQUE Secteur : Exploitation Forestière & Bois.
JOB250000974,TECHNICIEN FIBRE OPTIQUE,INFRACOM,Pointe-Noire,"Commerce, Vente, Marketing & Distribution",CDD,,,fibre optique; vente,"TECHNICIEN FIBRE OPTIQUE Secteur : Commerce, Vente, Marketing & Distribution."
JOB250000981,Aide Technique,INFRACOM,Pointe-Noire,"Commerce, Vente, Marketing & Distribution",CDD,,,vente,"Aide Technique Secteur : Commerce, Vente, Marketing & Distribution."
JOB250000982,MECANICIEN TRICYCLE,INFRACOM,Pointe-Noire,"Industrie, Production & Maintenance",CDD,,,,"MECANICIEN TRICYCLE Secteur : Industrie, Production & Maintenance."
JOB250001719,TECHNICIENS FIBRE OPTIQUE,INFRACOM,Pointe-Noire,"Commerce, Vente, Marketing & Distribution",CDD,,,fibre optique; vente,"TECHNICIENS FIBRE OPTIQUE Secteur : Commerce, Vente, Marketing & Distribution."
JOB250001867,Technicien Superieur en Fibre Optique,INFRACOM,Pointe-Noire,"Informatique, Data, Télécommunications & Digital",CDD,,,fibre optique,"Technicien Superieur en Fibre Optique Secteur : Informatique, Data, Télécommunications & Digital."
JOB250001868,TECHNICIENS FIBRE OPTIQUE,INFRACOM,Pointe-Noire,"Informatique, Data, Télécommunications & Digital",CDD,,,fibre optique,"TECHNICIENS FIBRE OPTIQUE Secteur : Informatique, Data, Télécommunications & Digital."
JOB250001869,CHAUFFEUR KAVAKI,INFRACOM,Pointe-Noire,"Transport, Logistique & Supply Chain",CDD,,,supply chain,"CHAUFFEUR KAVAKI Secteur : Transport, Logistique & Supply Chain."
JOB250002083,Chef d'Equipe de Chantier,INFRACOM,Pointe-Noire,"Bâtiment, Travaux Publics & Aménagement du Territoire",CDD,,,,"Chef d'Equipe de Chantier Secteur : Bâtiment, Travaux Publics & Aménagement du Territoire."
JOB250002122,Responsable Fibre Optique,INFRACOM,Pointe-Noire,"Informatique, Data, Télécommunications & Digital",CDD,,,fibre optique,"Responsable Fibre Optique Secteur : Informatique, Data, Télécommunications & Digital."
JOB250002123,Aide Technicien Fibre Optique,INFRACOM,Pointe-Noire,"Informatique, Data, Télécommunications & Digital",CDD,,,fibre optique,"Aide Technicien Fibre Optique Secteur : Informatique, Data, Télécommunications & Digital."
JOB250002124,Technicienne Monteuse Fibre Optique,INFRACOM,Pointe-Noire,"Informatique, Data, Télécommunications & Digital",CDD,,,fibre optique,"Technicienne Monteuse Fibre Optique Secteur : Informatique, Data, Télécommunications & Digital."
JOB250002125,TechnicienFibre Optique,INFRACOM,Pointe-Noire,"Informatique, Data, Télécommunications & Digital",CDD,,,,"TechnicienFibre Optique  Secteur : Informatique, Data, Télécommunications & Digital."
JOB250002126,Chauffeur Kavaki,INFRACOM,Pointe-Noire,"Transport, Logistique & Supply Chain",CDD,,,supply chain,"Chauffeur Kavaki Secteur : Transport, Logistique & Supply Chain."
JOB250002534,Chauffeur,INFRACOM,Pointe-Noire,"Transport, Logistique & Supply Chain",CDD,,,supply chain,"Chauffeur  Secteur : Transport, Logistique & Supply Chain."
JOB250002535,Superviseur Fibre Optique,INFRACOM,Pointe-Noire,"Informatique, Data, Télécommunications & Digital",CDD,,,fibre optique,"Superviseur Fibre Optique Secteur : Informatique, Data, Télécommunications & Digital."
JOB250002539,Technicien Fibre Optique,INFRACOM,Pointe-Noire,"Informatique, Data, Télécommunications & Digital",CDD,,,fibre optique,"Technicien Fibre Optique Secteur : Informatique, Data, Télécommunications & Digital."
JOB250001368,ASSISTANT TRESORERIE,INTELLIGENCYA SKILLS,Brazzaville,"Finance, Banque, Assurance, Comptabilité & Fiscalité",CDD,,,comptabilité; fiscalité,"ASSISTANT TRESORERIE  Secteur : Finance, Banque, Assurance, Comptabilité & Fiscalité."
JOB250001374,AssistantComptable,INTELLIGENCYA SKILLS,Brazzaville,"Finance, Banque, Assurance, Comptabilité & Fiscalité",CDI,,,comptabilité; fiscalité,"AssistantComptable Secteur : Finance, Banque, Assurance, Comptabilité & Fiscalité."
JOB250001376,ASSISTANT DE DIRECTION,INTELLIGENCYA SKILLS,Brazzaville,"Commerce, Vente, Marketing & Distribution",CDD,,,vente,"ASSISTANT DE DIRECTION Secteur : Commerce, Vente, Marketing & Distribution."
JOB250001834,Agent suivi et recouvrement,INTELLIGENCYA SKILLS,Brazzaville,"Finance, Banque, Assurance, Comptabilité & Fiscalité",CDD,,,comptabilité; fiscalité,"Agent suivi et recouvrement Secteur : Finance, Banque, Assurance, Comptabilité & Fiscalité."
JOB250001835,Agent Ressources Humaines,INTELLIGENCYA SKILLS,Brazzaville,"Conseil, Stratégie & Gestion des Ressources Humaines",CDD,,,gestion des ressources humaines,"Agent Ressources Humaines Secteur : Conseil, Stratégie & Gestion des Ressources Humaines."
JOB250001846,RESPONSABLE PROJET,INTELLIGENCYA SKILLS,Brazzaville,"Commerce, Vente, Marketing & Distribution",CDD,,,vente,"RESPONSABLE PROJET  Secteur : Commerce, Vente, Marketing & Distribution."
JOB250001847,Réceptionniste,INTELLIGENCYA SKILLS,Brazzaville,"Commerce, Vente, Marketing & Distribution",CDD,,,vente,"Réceptionniste  Secteur : Commerce, Vente, Marketing & Distribution."
JOB250001849,ASSISTANT COMMERCIAL,INTELLIGENCYA SKILLS,Brazzaville,"Commerce, Vente, Marketing & Distribution",CDD,,,vente,"ASSISTANT COMMERCIAL Secteur : Commerce, Vente, Marketing & Distribution."
JOB250001850,TECHNICIEN DE MAINTENANCE INFORMATIQUE,INTELLIGENCYA SKILLS,Brazzaville,"Commerce, Vente, Marketing & Distribution",CDD,,,maintenance informatique; vente,"TECHNICIEN DE MAINTENANCE INFORMATIQUE  Secteur : Commerce, Vente, Marketing & Distribution."
JOB250001851,Controleur de Gestion,INTELLIGENCYA SKILLS,Brazzaville,"Finance, Banque, Assurance, Comptabilité & Fiscalité",CDD,,,comptabilité; fiscalité,"Controleur de Gestion Secteur : Finance, Banque, Assurance, Comptabilité & Fiscalité."
JOB250001852,Assistant d'approvisionnement,INTELLIGENCYA SKILLS,Brazzaville,"Finance, Banque, Assurance, Comptabilité & Fiscalité",CDD,,,comptabilité; fiscalité,"Assistant d'approvisionnement  Secteur : Finance, Banque, Assurance, Comptabilité & Fiscalité."
JOB250001863,ADMINISTRATEUR BASE DE DONNEES,INTELLIGENCYA SKILLS,Brazzaville,"Commerce, Vente, Marketing & Distribution",CDD,,,vente,"ADMINISTRATEUR BASE DE DONNEES Secteur : Commerce, Vente, Marketing & Distribution."
JOB250001901,AGENT DISTRIBUTION COURRIER,INTELLIGENCYA SKILLS,Brazzaville,"Commerce, Vente, Marketing & Distribution",CDD,,,vente,"AGENT DISTRIBUTION COURRIER  Secteur : Commerce, Vente, Marketing & Distribution."
JOB250001918,ANALYSTE FINANCIER,INTELLIGENCYA SKILLS,Brazzaville,"Finance, Banque, Assurance, Comptabilité & Fiscalité",CDD,,,comptabilité; fiscalité,"ANALYSTE FINANCIER Secteur : Finance, Banque, Assurance, Comptabilité & Fiscalité."
JOB250001920,ASSISTANT DE DIRECTION BILLINGUE,INTELLIGENCYA SKILLS,Brazzaville,"Commerce, Vente, Marketing & Distribution",CDD,,,vente,"ASSISTANT DE DIRECTION BILLINGUE  Secteur : Commerce, Vente, Marketing & Distribution."
JOB250001967,ASSISTANT ADMINISTRATIF BILINGUE,INTELLIGENCYA SKILLS,Brazzaville,"Conseil, Stratégie & Gestion des Ressources Humaines",CDD,,,gestion des ressources humaines,"ASSISTANT ADMINISTRATIF BILINGUE  Secteur : Conseil, Stratégie & Gestion des Ressources Humaines."
JOB250001968,AGENT MARKETING ET COMMUNICATION,INTELLIGENCYA SKILLS,Brazzaville,"Commerce, Vente, Marketing & Distribution",CDD,,,vente,"AGENT MARKETING ET COMMUNICATION  Secteur : Commerce, Vente, Marketing & Distribution."
JOB250001978,ASSISTANT COMMERCIAL,INTELLIGENCYA SKILLS,Brazzaville,"Commerce, Vente, Marketing & Distribution",CDD,,,vente,"ASSISTANT COMMERCIAL Secteur : Commerce, Vente, Marketing & Distribution."
JOB250001980,SUPERVISEUR CHARGE DE RECOUVREMENT,INTELLIGENCYA SKILLS,Brazzaville,"Commerce, Vente, Marketing & Distribution",CDD,,,vente,"SUPERVISEUR CHARGE DE RECOUVREMENT  Secteur : Commerce, Vente, Marketing & Distribution."
JOB250002685,Chargé de la Supervision et des Flux de Données,INTELLIGENCYA SKILLS,Brazzaville,"Informatique, Data, Télécommunications & Digital",CDD,,,,"Chargé de la Supervision et des Flux de Données Secteur : Informatique, Data, Télécommunications & Digital."
JOB250002686,Chargé des achats,INTELLIGENCYA SKILLS,Pointe-Noire,"Transport, Logistique & Supply Chain",CDD,,,supply chain,"Chargé des achats  Secteur : Transport, Logistique & Supply Chain."
JOB250002703,Chargé de protocole,INTELLIGENCYA SKILLS,Pointe-Noire,"Éducation, Formation & Enseignement",CDD,,,enseignement,"Chargé de protocole Secteur : Éducation, Formation & Enseignement."
JOB250002706,Chef de piste,INTELLIGENCYA SKILLS,Pointe-Noire,"Transport, Logistique & Supply Chain",CDD,,,supply chain,"Chef de piste Secteur : Transport, Logistique & Supply Chain."
JOB250002709,Médecin Intérimaire,INTELLIGENCYA SKILLS,Brazzaville,"Santé, Pharmacie & Recherche Scientifique",CDD,,,pharmacie,"Médecin Intérimaire Secteur : Santé, Pharmacie & Recherche Scientifique."
JOB250002710,Chargédu centre d'écoute,INTELLIGENCYA SKILLS,Brazzaville,"Commerce, Vente, Marketing & Distribution",CDD,,,vente,"Chargédu centre d'écoute Secteur : Commerce, Vente, Marketing & Distribution."
JOB250002719,Agent chargéd'évaluation,INTELLIGENCYA SKILLS,Brazzaville,"Informatique, Data, Télécommunications & Digital",CDD,,,,"Agent chargéd'évaluation  Secteur : Informatique, Data, Télécommunications & Digital."
JOB250002721,Assistant aux contrats,INTELLIGENCYA SKILLS,Brazzaville,Droit et Justice,CDD,,,,Assistant aux contrats  Secteur : Droit et Justice.
JOB250002722,ASSISTANT CONTROLE DE GESTION,INTELLIGENCYA SKILLS,Brazzaville,"Commerce, Vente, Marketing & Distribution",CDD,,,contrôle de gestion; vente,"ASSISTANT CONTROLE DE GESTION Secteur : Commerce, Vente, Marketing & Distribution."
JOB250002723,Assistant audit interne,INTELLIGENCYA SKILLS,Brazzaville,"Finance, Banque, Assurance, Comptabilité & Fiscalité",CDD,,,audit; comptabilité; fiscalité,"Assistant audit interne Secteur : Finance, Banque, Assurance, Comptabilité & Fiscalité."
JOB250002725,Assistant infographe,INTELLIGENCYA SKILLS,Brazzaville,"Informatique, Data, Télécommunications & Digital",CDD,,,,"Assistant infographe  Secteur : Informatique, Data, Télécommunications & Digital."
JOB250002726,CAISSIER,INTELLIGENCYA SKILLS,Brazzaville,"Finance, Banque, Assurance, Comptabilité & Fiscalité",CDD,,,comptabilité; fiscalité,"CAISSIER Secteur : Finance, Banque, Assurance, Comptabilité & Fiscalité."
JOB250002727,CHARGE DE LA CONFORMITE DES PKI,INTELLIGENCYA SKILLS,Boundji,"Commerce, Vente, Marketing & Distribution",CDD,,,vente,"CHARGE DE LA CONFORMITE DES PKI Secteur : Commerce, Vente, Marketing & Distribution."
NONREF000255,Aide Chaudronnier,Interim 2000,Bouenza,"Conseil, Stratégie & Gestion des Ressources Humaines",CDD,,,gestion des ressources humaines,"Aide Chaudronnier Secteur : Conseil, Stratégie & Gestion des Ressources Humaines."
NONREF000256,Aide Electricien,Interim 2000,Bouenza,"Conseil, Stratégie & Gestion des Ressources Humaines",CDD,,,gestion des ressources humaines,"Aide Electricien Secteur : Conseil, Stratégie & Gestion des Ressources Humaines."
NONREF000257,Aide Laborantin,Interim 2000,Bouenza,"Conseil, Stratégie & Gestion des Ressources Humaines",CDD,,,gestion des ressources humaines,"Aide Laborantin Secteur : Conseil, Stratégie & Gestion des Ressources Humaines."
NONREF000258,Aide Laborantin,Interim 2000,Bouenza,"Conseil, Stratégie & Gestion des Ressources Humaines",CDD,,,gestion des ressources humaines,"Aide Laborantin Secteur : Conseil, Stratégie & Gestion des Ressources Humaines."
NONREF000261,Aide Soudeur,Interim 2000,Bouenza,"Conseil, Stratégie & Gestion des Ressources Humaines",CDD,,,gestion des ressources humaines,"Aide Soudeur Secteur : Conseil, Stratégie & Gestion des Ressources Humaines."
NONREF000262,AP Carton 25 Kg,Interim 2000,Bouenza,"Conseil, Stratégie & Gestion des Ressources Humaines",CDD,,,gestion des ressources humaines,"AP Carton 25 Kg Secteur : Conseil, Stratégie & Gestion des Ressources Humaines."
NONREF000266,Chargeur Trenie,Interim 2000,Bouenza,"Conseil, Stratégie & Gestion des Ressources Humaines",CDD,,,gestion des ressources humaines,"Chargeur Trenie Secteur : Conseil, Stratégie & Gestion des Ressources Humaines."
NONREF000268,Chaudronnier,Interim 2000,Bouenza,"Conseil, Stratégie & Gestion des Ressources Humaines",CDD,,,gestion des ressources humaines,"Chaudronnier Secteur : Conseil, Stratégie & Gestion des Ressources Humaines."
NONREF000272,Chef d'équipe,Interim 2000,Bouenza,"Conseil, Stratégie & Gestion des Ressources Humaines",CDD,,,gestion des ressources humaines,"Chef d'équipe Secteur : Conseil, Stratégie & Gestion des Ressources Humaines."
NONREF000273,Chef d'équipe,Interim 2000,Bouenza,"Conseil, Stratégie & Gestion des Ressources Humaines",CDD,,,gestion des ressources humaines,"Chef d'équipe Secteur : Conseil, Stratégie & Gestion des Ressources Humaines."
NONREF000286,Chef d'équpe Distillation,Interim 2000,Bouenza,"Conseil, Stratégie & Gestion des Ressources Humaines",CDD,,,gestion des ressources humaines,"Chef d'équpe Distillation Secteur : Conseil, Stratégie & Gestion des Ressources Humaines."
NONREF000292,Echantillonneur,Interim 2000,Bouenza,"Conseil, Stratégie & Gestion des Ressources Humaines",CDD,,,gestion des ressources humaines,"Echantillonneur Secteur : Conseil, Stratégie & Gestion des Ressources Humaines."
NONREF000294,Electricien,Interim 2000,Bouenza,"Conseil, Stratégie & Gestion des Ressources Humaines",CDD,,,gestion des ressources humaines,"Electricien Secteur : Conseil, Stratégie & Gestion des Ressources Humaines."
NONREF000297,Electricien OP,Interim 2000,Bouenza,"Conseil, Stratégie & Gestion des Ressources Humaines",CDD,,,gestion des ressources humaines,"Electricien OP Secteur : Conseil, Stratégie & Gestion des Ressources Humaines."
NONREF000298,Encartonneuse,Interim 2000,Bouenza,"Conseil, Stratégie & Gestion des Ressources Humaines",CDD,,,gestion des ressources humaines,"Encartonneuse Secteur : Conseil, Stratégie & Gestion des Ressources Humaines."
NONREF000301,Laborantin,Interim 2000,Bouenza,"Conseil, Stratégie & Gestion des Ressources Humaines",CDD,,,gestion des ressources humaines,"Laborantin Secteur : Conseil, Stratégie & Gestion des Ressources Humaines."
NONREF000302,Laborantin,Interim 2000,Bouenza,"Conseil, Stratégie & Gestion des Ressources Humaines",CDD,,,gestion des ressources humaines,"Laborantin Secteur : Conseil, Stratégie & Gestion des Ressources Humaines."
NONREF000303,Laborantin,Interim 2000,Bouenza,"Conseil, Stratégie & Gestion des Ressources Humaines",CDD,,,gestion des ressources humaines,"Laborantin Secteur : Conseil, Stratégie & Gestion des Ressources Humaines."
NONREF000304,Laborantin,Interim 2000,Bouenza,"Conseil, Stratégie & Gestion des Ressources Humaines",CDD,,,gestion des ressources humaines,"Laborantin Secteur : Conseil, Stratégie & Gestion des Ressources Humaines."
NONREF000305,Laborantin,Interim 2000,Bouenza,"Conseil, Stratégie & Gestion des Ressources Humaines",CDD,,,gestion des ressources humaines,"Laborantin Secteur : Conseil, Stratégie & Gestion des Ressources Humaines."
NONREF000310,Manœuvre,Interim 2000,Bouenza,"Conseil, Stratégie & Gestion des Ressources Humaines",CDD,,,gestion des ressources humaines,"Manœuvre Secteur : Conseil, Stratégie & Gestion des Ressources Humaines."
NONREF000311,Manœuvre,Interim 2000,Bouenza,"Conseil, Stratégie & Gestion des Ressources Humaines",CDD,,,gestion des ressources humaines,"Manœuvre Secteur : Conseil, Stratégie & Gestion des Ressources Humaines."
NONREF000312,Manœuvre,Interim 2000,Bouenza,"Conseil, Stratégie & Gestion des Ressources Humaines",CDD,,,gestion des ressources humaines,"Manœuvre Secteur : Conseil, Stratégie & Gestion des Ressources Humaines."
NONREF000313,Manutentionnaire,Interim 2000,Bouenza,"Conseil, Stratégie & Gestion des Ressources Humaines",CDD,,,gestion des ressources humaines,"Manutentionnaire Secteur : Conseil, Stratégie & Gestion des Ressources Humaines."
NONREF000314,Mécanicien,Interim 2000,Bouenza,"Conseil, Stratégie & Gestion des Ressources Humaines",CDD,,,gestion des ressources humaines,"Mécanicien Secteur : Conseil, Stratégie & Gestion des Ressources Humaines."
NONREF000315,Mécanicien,Interim 2000,Bouenza,"Conseil, Stratégie & Gestion des Ressources Humaines",CDD,,,gestion des ressources humaines,"Mécanicien Secteur : Conseil, Stratégie & Gestion des Ressources Humaines."
NONREF000335,Mécanicien OP,Interim 2000,Bouenza,"Conseil, Stratégie & Gestion des Ressources Humaines",CDD,,,gestion des ressources humaines,"Mécanicien OP Secteur : Conseil, Stratégie & Gestion des Ressources Humaines."
NONREF000336,Mécanicien OP,Interim 2000,Bouenza,"Conseil, Stratégie & Gestion des Ressources Humaines",CDD,,,gestion des ressources humaines,"Mécanicien OP Secteur : Conseil, Stratégie & Gestion des Ressources Humaines."
NONREF000338,Mécanicien OQ,Interim 2000,Bouenza,"Conseil, Stratégie & Gestion des Ressources Humaines",CDD,,,gestion des ressources humaines,"Mécanicien OQ Secteur : Conseil, Stratégie & Gestion des Ressources Humaines."
NONREF000339,Mécanicien OQ,Interim 2000,Bouenza,"Conseil, Stratégie & Gestion des Ressources Humaines",CDD,,,gestion des ressources humaines,"Mécanicien OQ Secteur : Conseil, Stratégie & Gestion des Ressources Humaines."
NONREF000340,Mécanicien OS,Interim 2000,Bouenza,"Conseil, Stratégie & Gestion des Ressources Humaines",CDD,,,gestion des ressources humaines,"Mécanicien OS Secteur : Conseil, Stratégie & Gestion des Ressources Humaines."
NONREF000341,Mécanicien OS,Interim 2000,Bouenza,"Conseil, Stratégie & Gestion des Ressources Humaines",CDD,,,gestion des ressources humaines,"Mécanicien OS Secteur : Conseil, Stratégie & Gestion des Ressources Humaines."
NONREF000342,Mécanicien OS,Interim 2000,Bouenza,"Conseil, Stratégie & Gestion des Ressources Humaines",CDD,,,gestion des ressources humaines,"Mécanicien OS Secteur : Conseil, Stratégie & Gestion des Ressources Humaines."
NONREF000343,Mécanicien OS,Interim 2000,Bouenza,"Conseil, Stratégie & Gestion des Ressources Humaines",CDD,,,gestion des ressources humaines,"Mécanicien OS Secteur : Conseil, Stratégie & Gestion des Ressources Humaines."
NONREF000344,Mécanicien OS,Interim 2000,Bouenza,"Conseil, Stratégie & Gestion des Ressources Humaines",CDD,,,gestion des ressources humaines,"Mécanicien OS Secteur : Conseil, Stratégie & Gestion des Ressources Humaines."
NONREF000351,Meuleur Arcing,Interim 2000,Bouenza,"Conseil, Stratégie & Gestion des Ressources Humaines",CDD,,,gestion des ressources humaines,"Meuleur Arcing Secteur : Conseil, Stratégie & Gestion des Ressources Humaines."
NONREF000353,Opérateur,Interim 2000,Bouenza,"Conseil, Stratégie & Gestion des Ressources Humaines",CDD,,,gestion des ressources humaines,"Opérateur Secteur : Conseil, Stratégie & Gestion des Ressources Humaines."
NONREF000354,Opérateur,Interim 2000,Bouenza,"Conseil, Stratégie & Gestion des Ressources Humaines",CDD,,,gestion des ressources humaines,"Opérateur Secteur : Conseil, Stratégie & Gestion des Ressources Humaines."
NONREF000358,Opérateur Distillation,Interim 2000,Bouenza,"Conseil, Stratégie & Gestion des Ressources Humaines",CDD,,,gestion des ressources humaines,"Opérateur Distillation Secteur : Conseil, Stratégie & Gestion des Ressources Humaines."
NONREF000359,Opérateur Fermentation,Interim 2000,Bouenza,"Conseil, Stratégie & Gestion des Ressources Humaines",CDD,,,gestion des ressources humaines,"Opérateur Fermentation Secteur : Conseil, Stratégie & Gestion des Ressources Humaines."
NONREF000362,Opérateur Teaux,Interim 2000,Bouenza,"Conseil, Stratégie & Gestion des Ressources Humaines",CDD,,,gestion des ressources humaines,"Opérateur Teaux Secteur : Conseil, Stratégie & Gestion des Ressources Humaines."
NONREF000363,Opérateur USE,Interim 2000,Bouenza,"Conseil, Stratégie & Gestion des Ressources Humaines",CDD,,,gestion des ressources humaines,"Opérateur USE Secteur : Conseil, Stratégie & Gestion des Ressources Humaines."
NONREF000364,Ouvrier Qualifié,Interim 2000,Bouenza,"Conseil, Stratégie & Gestion des Ressources Humaines",CDD,,,gestion des ressources humaines,"Ouvrier Qualifié Secteur : Conseil, Stratégie & Gestion des Ressources Humaines."
NONREF000365,Paletisseur,Interim 2000,Bouenza,"Conseil, Stratégie & Gestion des Ressources Humaines",CDD,,,gestion des ressources humaines,"Paletisseur Secteur : Conseil, Stratégie & Gestion des Ressources Humaines."
NONREF000366,Paletisseur,Interim 2000,Bouenza,"Conseil, Stratégie & Gestion des Ressources Humaines",CDD,,,gestion des ressources humaines,"Paletisseur Secteur : Conseil, Stratégie & Gestion des Ressources Humaines."
NONREF000372,Regleur,Interim 2000,Bouenza,"Conseil, Stratégie & Gestion des Ressources Humaines",CDD,,,gestion des ressources humaines,"Regleur Secteur : Conseil, Stratégie & Gestion des Ressources Humaines."
NONREF000379,Soudeur,Interim 2000,Bouenza,"Conseil, Stratégie & Gestion des Ressources Humaines",CDD,,,gestion des ressources humaines,"Soudeur Secteur : Conseil, Stratégie & Gestion des Ressources Humaines."
NONREF000380,Soudeur,Interim 2000,Bouenza,"Conseil, Stratégie & Gestion des Ressources Humaines",CDD,,,gestion des ressources humaines,"Soudeur Secteur : Conseil, Stratégie & Gestion des Ressources Humaines."
NONREF000382,Soudeur OP,Interim 2000,Bouenza,"Conseil, Stratégie & Gestion des Ressources Humaines",CDD,,,gestion des ressources humaines,"Soudeur OP Secteur : Conseil, Stratégie & Gestion des Ressources Humaines."
NONREF000385,Soudeur OQ,Interim 2000,Bouenza,"Conseil, Stratégie & Gestion des Ressources Humaines",CDD,,,gestion des ressources humaines,"Soudeur OQ Secteur : Conseil, Stratégie & Gestion des Ressources Humaines."
NONREF000390,Tourneur,Interim 2000,Bouenza,"Conseil, Stratégie & Gestion des Ressources Humaines",CDD,,,gestion des ressources humaines,"Tourneur Secteur : Conseil, Stratégie & Gestion des Ressources Humaines."
NONREF000392,Tourneur Cylindre,Interim 2000,Bouenza,"Conseil, Stratégie & Gestion des Ressources Humaines",CDD,,,gestion des ressources humaines,"Tourneur Cylindre Secteur : Conseil, Stratégie & Gestion des Ressources Humaines."
NONREF000393,Tourneur Cylindre,Interim 2000,Bouenza,"Conseil, Stratégie & Gestion des Ressources Humaines",CDD,,,gestion des ressources humaines,"Tourneur Cylindre Secteur : Conseil, Stratégie & Gestion des Ressources Humaines."
JOB250002059,Assistant Achats et Opérations,INTERPRO,Pointe-Noire,"Transport, Logistique & Supply Chain",CDD,,,supply chain,"Assistant Achats et Opérations Secteur : Transport, Logistique & Supply Chain."
JOB250002153,Assistant Ressources Humaines,INTERPRO,Pointe-Noire,"Conseil, Stratégie & Gestion des Ressources Humaines",CDD,,,gestion des ressources humaines,"Assistant Ressources Humaines Secteur : Conseil, Stratégie & Gestion des Ressources Humaines."
STG250001167,"Assistant en recouvrement, conseil aux Entreprises et Développement commercial",InterTrade Solutions,Pointe-Noire,"Finance, Banque, Assurance, Comptabilité & Fiscalité",Stage professionnel,,,comptabilité; fiscalité,"Assistant en recouvrement, conseil aux Entreprises et Développement commercial Secteur : Finance, Banque, Assurance, Comptabilité & Fiscalité."
JOB250002042,Technicien HSE,ITMS SA,Pointe-Noire,"Assurance Qualité, Contrôle, Testing (QHSE)",CDD,,,hse; qhse,"Technicien HSE Secteur : Assurance Qualité, Contrôle, Testing (QHSE)."
JOB250002044,Opérateur WORKOVER,ITMS SA,Pointe-Noire,"Pétrole, Gaz & Hydrocarbures",CDD,,,,"Opérateur WORKOVER Secteur : Pétrole, Gaz & Hydrocarbures."
JOB250001904,RESPONSABLE MARKETING,JAIPUR TRAVELS,Pointe-Noire,"Commerce, Vente, Marketing & Distribution",CDI,,,vente,"RESPONSABLE MARKETING Secteur : Commerce, Vente, Marketing & Distribution."
JOB250001905,Chef d'Agence,JAIPUR TRAVELS,Pointe-Noire,"Tourisme, Loisirs & Voyages",CDI,,,,"Chef d'Agence  Secteur : Tourisme, Loisirs & Voyages."
JOB250001906,Auditeur Financier,JAIPUR TRAVELS,Pointe-Noire,"Finance, Banque, Assurance, Comptabilité & Fiscalité",CDI,,,comptabilité; fiscalité,"Auditeur Financier Secteur : Finance, Banque, Assurance, Comptabilité & Fiscalité."
JOB250001907,AUDITEUR INTERNE,JAIPUR TRAVELS,Pointe-Noire,"Finance, Banque, Assurance, Comptabilité & Fiscalité",CDI,,,comptabilité; fiscalité,"AUDITEUR INTERNE  Secteur : Finance, Banque, Assurance, Comptabilité & Fiscalité."
JOB250000845,Manœuvre,JOB CREATION,Pointe-Noire,"Conseil, Stratégie & Gestion des Ressources Humaines",CDD,,,gestion des ressources humaines,"Manœuvre Secteur : Conseil, Stratégie & Gestion des Ressources Humaines."
NONREF000015,Aide comptable,JOB CREATION,Pointe-Noire,"Commerce, Vente, Marketing & Distribution",CDD,,,vente,"Aide comptable Secteur : Commerce, Vente, Marketing & Distribution."
NONREF000072,Chauffeurs poids lègers,JOB CREATION,Pointe-Noire,"Commerce, Vente, Marketing & Distribution",CDD,,,vente,"Chauffeurs poids lègers Secteur : Commerce, Vente, Marketing & Distribution."
NONREF000086,Commercial,JOB CREATION,Pointe-Noire,"Commerce, Vente, Marketing & Distribution",CDD,,,vente,"Commercial Secteur : Commerce, Vente, Marketing & Distribution."
NONREF000088,Commercial,JOB CREATION,Pointe-Noire,"Commerce, Vente, Marketing & Distribution",CDD,,,vente,"Commercial Secteur : Commerce, Vente, Marketing & Distribution."
NONREF000168,Manoeuvres,JOB CREATION,Pointe-Noire,"Commerce, Vente, Marketing & Distribution",CDD,,,vente,"Manoeuvres Secteur : Commerce, Vente, Marketing & Distribution."
NONREF000169,Manoeuvres,JOB CREATION,Pointe-Noire,"Commerce, Vente, Marketing & Distribution",CDD,,,vente,"Manoeuvres Secteur : Commerce, Vente, Marketing & Distribution."
JOB250002433,Manœuvre,JOB CREATION,Pointe-Noire,Divers,CDD,,,,Manœuvre Secteur : Divers .
NONREF000006,Agent de comptoir livraison,KACC,Pointe-Noire,"Commerce, Vente, Marketing & Distribution",CDD,,,vente,"Agent de comptoir livraison Secteur : Commerce, Vente, Marketing & Distribution."
NONREF000012,Agent gate PCC,KACC,Pointe-Noire,"Commerce, Vente, Marketing & Distribution",CDD,,,vente,"Agent gate PCC Secteur : Commerce, Vente, Marketing & Distribution."
NONREF000191,Pompiste,KACC,Pointe-Noire,"Commerce, Vente, Marketing & Distribution",CDD,,,vente,"Pompiste Secteur : Commerce, Vente, Marketing & Distribution."
NONREF000250,Usineur,KACC,Pointe-Noire,"Commerce, Vente, Marketing & Distribution",CDD,,,vente,"Usineur Secteur : Commerce, Vente, Marketing & Distribution."
JOB250001945,SALES AND DISTRIBUTION SUPERVISOR COORDINATION-DISTRIBUTION TELECOM,KAIROS,Brazzaville,"Informatique, Data, Télécommunications & Digital",CDD,,,,"SALES AND DISTRIBUTION SUPERVISOR COORDINATION-DISTRIBUTION TELECOM Secteur : Informatique, Data, Télécommunications & Digital."
JOB250002110,Responsable des Opérations,K-CHIMIE,Pointe-Noire,"Industrie, Production & Maintenance",CDD,,,,"Responsable des Opérations Secteur : Industrie, Production & Maintenance."
JOB250001534,MAGASINIER,KIMI &  CO,Pointe-Noire,"Pétrole, Gaz & Hydrocarbures",CDD,,,,"MAGASINIER  Secteur : Pétrole, Gaz & Hydrocarbures."
JOB250002744,Chargé D'affaires,KJ PREFAB,Kouilou,"Finance, Banque, Assurance, Comptabilité & Fiscalité",CDI,,,comptabilité; fiscalité,"Chargé D'affaires Secteur : Finance, Banque, Assurance, Comptabilité & Fiscalité."
JOB250002208,Assistant de Direction,KLN PROJECT LOGISTICS CONGO,Pointe-Noire,"Transport, Logistique & Supply Chain",CDD,,,supply chain,"Assistant de Direction Secteur : Transport, Logistique & Supply Chain."
JOB250002209,RESPONSABLE RESSOURCES HUMAINES,KLN PROJECT LOGISTICS CONGO,Pointe-Noire,"Transport, Logistique & Supply Chain",CDD,,,supply chain,"RESPONSABLE RESSOURCES HUMAINES  Secteur : Transport, Logistique & Supply Chain."
JOB250002326,Agent d'expédition,KLN PROJECT LOGISTICS CONGO,Pointe-Noire,"Transport, Logistique & Supply Chain",CDD,,,supply chain,"Agent d'expédition Secteur : Transport, Logistique & Supply Chain."
JOB250002328,Agent Transit Maritime,KLN PROJECT LOGISTICS CONGO,Pointe-Noire,"Transport, Logistique & Supply Chain",CDD,,,supply chain; transit,"Agent Transit Maritime  Secteur : Transport, Logistique & Supply Chain."
JOB250002430,Agent relation client Chinois,KLN PROJECT LOGISTICS CONGO,Pointe-Noire,"Transport, Logistique & Supply Chain",CDD,,,supply chain,"Agent relation client Chinois Secteur : Transport, Logistique & Supply Chain."
JOB250002175,Assistant de Direction,KONTINENT CONGO,Brazzaville,"Conseil, Stratégie & Gestion des Ressources Humaines",CDD,,,gestion des ressources humaines,"Assistant de Direction Secteur : Conseil, Stratégie & Gestion des Ressources Humaines."
JOB250001729,TECHNICIEN ISP,KOUILOU ASSISTANCE CONSEIL CONGO ( KACC),Brazzaville,"Commerce, Vente, Marketing & Distribution",CDD,,,vente,"TECHNICIEN ISP Secteur : Commerce, Vente, Marketing & Distribution."
JOB250001730,AGENT NOC,KOUILOU ASSISTANCE CONSEIL CONGO ( KACC),Brazzaville,"Commerce, Vente, Marketing & Distribution",CDD,,,vente,"AGENT NOC Secteur : Commerce, Vente, Marketing & Distribution."
JOB250001732,AGENT NOC,KOUILOU ASSISTANCE CONSEIL CONGO ( KACC),Brazzaville,"Commerce, Vente, Marketing & Distribution",CDD,,,vente,"AGENT NOC Secteur : Commerce, Vente, Marketing & Distribution."
JOB250001733,SUPERVISEUR OSP,KOUILOU ASSISTANCE CONSEIL CONGO ( KACC),Brazzaville,"Commerce, Vente, Marketing & Distribution",CDD,,,vente,"SUPERVISEUR OSP  Secteur : Commerce, Vente, Marketing & Distribution."
JOB250001735,AGENT OSP,KOUILOU ASSISTANCE CONSEIL CONGO ( KACC),Brazzaville,"Commerce, Vente, Marketing & Distribution",CDD,,,vente,"AGENT OSP Secteur : Commerce, Vente, Marketing & Distribution."
JOB250001858,AGENT OSP,KOUILOU ASSISTANCE CONSEIL CONGO ( KACC),Pointe-Noire,"Informatique, Data, Télécommunications & Digital",CDD,,,,"AGENT OSP Secteur : Informatique, Data, Télécommunications & Digital."
JOB250001891,Aide Technicien de Maintenance FFE,KOUILOU ASSISTANCE CONSEIL CONGO ( KACC),Pointe-Noire,"Pétrole, Gaz & Hydrocarbures",CDD,,,,"Aide Technicien de Maintenance FFE Secteur : Pétrole, Gaz & Hydrocarbures."
JOB250001892,Technicien de Maintenance FFE,KOUILOU ASSISTANCE CONSEIL CONGO ( KACC),Pointe-Noire,"Pétrole, Gaz & Hydrocarbures",CDD,,,,"Technicien de Maintenance FFE Secteur : Pétrole, Gaz & Hydrocarbures."
JOB250001893,Superviseur Maintenance FFE,KOUILOU ASSISTANCE CONSEIL CONGO ( KACC),Pointe-Noire,"Pétrole, Gaz & Hydrocarbures",CDD,,,,"Superviseur Maintenance FFE Secteur : Pétrole, Gaz & Hydrocarbures."
JOB250001897,AGENT GEOMARKETING,KOUILOU ASSISTANCE CONSEIL CONGO ( KACC),Brazzaville,"Commerce, Vente, Marketing & Distribution",CDD,,,vente,"AGENT GEOMARKETING  Secteur : Commerce, Vente, Marketing & Distribution."
JOB250001898,EQUIPIER FIBRE,KOUILOU ASSISTANCE CONSEIL CONGO ( KACC),Brazzaville,"Informatique, Data, Télécommunications & Digital",CDD,,,,"EQUIPIER FIBRE Secteur : Informatique, Data, Télécommunications & Digital."
JOB250001900,CHEF DE PROJET,KOUILOU ASSISTANCE CONSEIL CONGO ( KACC),Brazzaville,"Conseil, Stratégie & Gestion des Ressources Humaines",CDD,,,gestion des ressources humaines,"CHEF DE PROJET  Secteur : Conseil, Stratégie & Gestion des Ressources Humaines."
JOB250002274,Responsable Asset Intégrité,KOUILOU ASSISTANCE CONSEIL CONGO ( KACC),Pointe-Noire,"Pétrole, Gaz & Hydrocarbures",CDD,,,,"Responsable Asset Intégrité Secteur : Pétrole, Gaz & Hydrocarbures."
JOB250002275,Superviseur Electriciens Puits,KOUILOU ASSISTANCE CONSEIL CONGO ( KACC),Pointe-Noire,"Pétrole, Gaz & Hydrocarbures",CDD,,,,"Superviseur Electriciens Puits Secteur : Pétrole, Gaz & Hydrocarbures."
JOB250002282,Ingénieur Bilan Matière et Allocation,KOUILOU ASSISTANCE CONSEIL CONGO ( KACC),Pointe-Noire,"Pétrole, Gaz & Hydrocarbures",CDD,,,,"Ingénieur Bilan Matière et Allocation Secteur : Pétrole, Gaz & Hydrocarbures."
JOB250002283,RESPONSABLE RESSOURCES HUMAINES,KOUILOU ASSISTANCE CONSEIL CONGO ( KACC),Pointe-Noire,"Conseil, Stratégie & Gestion des Ressources Humaines",CDD,,,gestion des ressources humaines,"RESPONSABLE RESSOURCES HUMAINES  Secteur : Conseil, Stratégie & Gestion des Ressources Humaines."
JOB250002360,Coordonnateur HSE,KOUILOU ASSISTANCE CONSEIL CONGO ( KACC),Pointe-Noire,"Assurance Qualité, Contrôle, Testing (QHSE)",CDD,,,hse; qhse,"Coordonnateur HSE Secteur : Assurance Qualité, Contrôle, Testing (QHSE)."
JOB250002477,TECHNICIEN ISP,KOUILOU ASSISTANCE CONSEIL CONGO ( KACC),Pointe-Noire,"Informatique, Data, Télécommunications & Digital",CDD,,,,"TECHNICIEN ISP Secteur : Informatique, Data, Télécommunications & Digital."
JOB250002478,Aide Vendeur à Domicile,KOUILOU ASSISTANCE CONSEIL CONGO ( KACC),Pointe-Noire,"Informatique, Data, Télécommunications & Digital",CDD,,,,"Aide Vendeur à Domicile Secteur : Informatique, Data, Télécommunications & Digital."
JOB250002567,Assistant Sécurité Environnement ( ASE),KOUILOU ASSISTANCE CONSEIL CONGO ( KACC),Pointe-Noire,"Industrie, Production & Maintenance",CDD,,,,"Assistant Sécurité Environnement ( ASE) Secteur : Industrie, Production & Maintenance."
JOB250002570,Chargé de Recrutement,KOUILOU ASSISTANCE CONSEIL CONGO ( KACC),Pointe-Noire,"Conseil, Stratégie & Gestion des Ressources Humaines",CDD,,,gestion des ressources humaines,"Chargé de Recrutement Secteur : Conseil, Stratégie & Gestion des Ressources Humaines."
JOB250002575,Chef d'Equipe Monteur,KOUILOU ASSISTANCE CONSEIL CONGO ( KACC),Pointe-Noire,"Industrie, Production & Maintenance",CDD,,,,"Chef d'Equipe Monteur Secteur : Industrie, Production & Maintenance."
JOB250002578,Monteur,KOUILOU ASSISTANCE CONSEIL CONGO ( KACC),Pointe-Noire,"Industrie, Production & Maintenance",CDD,,,,"Monteur Secteur : Industrie, Production & Maintenance."
JOB250002701,Responsable magasin,KOUILOU ASSISTANCE CONSEIL CONGO ( KACC),Pointe-Noire,"Commerce, Vente, Marketing & Distribution",CDD,,,vente,"Responsable magasin Secteur : Commerce, Vente, Marketing & Distribution."
JOB250002702,AssistantBureau d'Etude et Chargé d'Affaires,KOUILOU ASSISTANCE CONSEIL CONGO ( KACC),Pointe-Noire,"Industrie, Production & Maintenance",CDD,,,,"AssistantBureau d'Etude et Chargé d'Affaires Secteur : Industrie, Production & Maintenance."
JOB250002705,Chef de Section Mécanique,KOUILOU ASSISTANCE CONSEIL CONGO ( KACC),Pointe-Noire,"Énergie, Environnement & Eau",CDD,,,,"Chef de Section Mécanique  Secteur : Énergie, Environnement & Eau."
JOB250002755,Chauffeur,KOUILOU ASSISTANCE CONSEIL CONGO ( KACC),Pointe-Noire,"Transport, Logistique & Supply Chain",CDD,,,supply chain,"Chauffeur  Secteur : Transport, Logistique & Supply Chain."
JOB250002756,MAGASINIER,KOUILOU ASSISTANCE CONSEIL CONGO ( KACC),Pointe-Noire,"Transport, Logistique & Supply Chain",CDD,,,supply chain,"MAGASINIER  Secteur : Transport, Logistique & Supply Chain."
JOB250002757,Technicien de Maintenance,KOUILOU ASSISTANCE CONSEIL CONGO ( KACC),Pointe-Noire,"Transport, Logistique & Supply Chain",CDD,,,supply chain,"Technicien de Maintenance Secteur : Transport, Logistique & Supply Chain."
JOB250002758,Technicien de surface,KOUILOU ASSISTANCE CONSEIL CONGO ( KACC),Pointe-Noire,"Énergie, Environnement & Eau",CDD,,,,"Technicien de surface Secteur : Énergie, Environnement & Eau."
JOB250002775,Coordinateur Maintenance Offshore,KOUILOU ASSISTANCE CONSEIL CONGO ( KACC),Pointe-Noire,"Pétrole, Gaz & Hydrocarbures",CDD,,,,"Coordinateur Maintenance Offshore Secteur : Pétrole, Gaz & Hydrocarbures."
JOB250002776,Manager QHSE,KOUILOU ASSISTANCE CONSEIL CONGO ( KACC),Pointe-Noire,"Assurance Qualité, Contrôle, Testing (QHSE)",CDD,,,qhse,"Manager QHSE Secteur : Assurance Qualité, Contrôle, Testing (QHSE)."
JOB250002777,Chef de Site,KOUILOU ASSISTANCE CONSEIL CONGO ( KACC),Pointe-Noire,"Pétrole, Gaz & Hydrocarbures",CDD,,,,"Chef de Site Secteur : Pétrole, Gaz & Hydrocarbures."
JOB250002778,Compagny Man Workover,KOUILOU ASSISTANCE CONSEIL CONGO ( KACC),Pointe-Noire,"Pétrole, Gaz & Hydrocarbures",CDD,,,,"Compagny Man Workover Secteur : Pétrole, Gaz & Hydrocarbures."
JOB250002779,Responsable Logistique Oil and Gas,KOUILOU ASSISTANCE CONSEIL CONGO ( KACC),Pointe-Noire,"Pétrole, Gaz & Hydrocarbures",CDD,,,,"Responsable Logistique Oil and Gas Secteur : Pétrole, Gaz & Hydrocarbures."
JOB250002780,Ingénieur Workover,KOUILOU ASSISTANCE CONSEIL CONGO ( KACC),Pointe-Noire,"Pétrole, Gaz & Hydrocarbures",CDD,,,,"Ingénieur Workover Secteur : Pétrole, Gaz & Hydrocarbures."
JOB250002781,Ingénieur Electrique,KOUILOU ASSISTANCE CONSEIL CONGO ( KACC),Pointe-Noire,"Pétrole, Gaz & Hydrocarbures",CDD,,,,"Ingénieur Electrique Secteur : Pétrole, Gaz & Hydrocarbures."
JOB250002782,INGENIEUR INSTRUMENTATION,KOUILOU ASSISTANCE CONSEIL CONGO ( KACC),Pointe-Noire,"Pétrole, Gaz & Hydrocarbures",CDD,,,instrumentation,"INGENIEUR INSTRUMENTATION Secteur : Pétrole, Gaz & Hydrocarbures."
JOB250002783,Technicien Cable Moyenne,KOUILOU ASSISTANCE CONSEIL CONGO ( KACC),Pointe-Noire,"Pétrole, Gaz & Hydrocarbures",CDD,,,,"Technicien Cable Moyenne Secteur : Pétrole, Gaz & Hydrocarbures."
JOB250002784,Technicien Fibre Optique- Cables Sous-Marins,KOUILOU ASSISTANCE CONSEIL CONGO ( KACC),Pointe-Noire,"Pétrole, Gaz & Hydrocarbures",CDD,,,fibre optique,"Technicien Fibre Optique- Cables Sous-Marins Secteur : Pétrole, Gaz & Hydrocarbures."
JOB250001214,Technicien en RH,KOUILOU ASSISTANCE CONSEILS CONGO,Pointe-Noire,"Conseil, Stratégie & Gestion des Ressources Humaines",CDD,,,gestion des ressources humaines,"Technicien en RH Secteur : Conseil, Stratégie & Gestion des Ressources Humaines."
JOB250002569,RESPONSABLE RESSOURCES HUMAINES,KRONOS,Pointe-Noire,"Conseil, Stratégie & Gestion des Ressources Humaines",CDI,,,gestion des ressources humaines,"RESPONSABLE RESSOURCES HUMAINES  Secteur : Conseil, Stratégie & Gestion des Ressources Humaines."
JOB250002574,AUDITEUR INTERNE,KRONOS,Pointe-Noire,"Finance, Banque, Assurance, Comptabilité & Fiscalité",CDI,,,comptabilité; fiscalité,"AUDITEUR INTERNE  Secteur : Finance, Banque, Assurance, Comptabilité & Fiscalité."
JOB250002596,COMPTABLE,KRONOS,Pointe-Noire,"Finance, Banque, Assurance, Comptabilité & Fiscalité",CDI,,,comptabilité; fiscalité,"COMPTABLE  Secteur : Finance, Banque, Assurance, Comptabilité & Fiscalité."
JOB250001419,Directeur des Activités,LA CONGOLAISE DES ROUTES,Brazzaville,"Bâtiment, Travaux Publics & Aménagement du Territoire",CDD,,,,"Directeur des Activités Secteur : Bâtiment, Travaux Publics & Aménagement du Territoire."
JOB250002426,Responsable contenu,LA CONGOLAISE DES ROUTES,Brazzaville,"Communication, Médias & Événementiel",CDD,,,,"Responsable contenu Secteur : Communication, Médias & Événementiel."
JOB250002613,Analyst Data,LA CONGOLAISE DES ROUTES,Brazzaville,"Informatique, Data, Télécommunications & Digital",CDI,,,,"Analyst Data Secteur : Informatique, Data, Télécommunications & Digital."
JOB250002616,Administrateur des Ventes et Relations clients,LA CONGOLAISE DES ROUTES,Brazzaville,Divers,CDI,,,,Administrateur des Ventes et Relations clients Secteur : Divers .
JOB250002813,Assistant d'Opération,LA CONGOLAISE DES ROUTES,Brazzaville,Divers,CDI,,,,Assistant d'Opération Secteur : Divers .
JOB250002416,Chef du projet,LA POINTE,Pointe-Noire,"Pétrole, Gaz & Hydrocarbures",CDI,,,,"Chef du projet Secteur : Pétrole, Gaz & Hydrocarbures."
JOB250002450,Personnel de direction et d'encadrement,LA POINTE,Brazzaville,Hôtellerie - Restauration,CDD,,,,Personnel de direction et d'encadrement Secteur : Hôtellerie - Restauration.
JOB250002451,Directeurde magasin,LA POINTE,Brazzaville,"Conseil, Stratégie & Gestion des Ressources Humaines",CDD,,,gestion des ressources humaines,"Directeurde magasin Secteur : Conseil, Stratégie & Gestion des Ressources Humaines."
JOB250002452,Directeur adjoint ou adjointe,LA POINTE,Brazzaville,"Conseil, Stratégie & Gestion des Ressources Humaines",CDD,,,gestion des ressources humaines,"Directeur adjoint ou adjointe Secteur : Conseil, Stratégie & Gestion des Ressources Humaines."
JOB250002453,Responsable de secteur,LA POINTE,Brazzaville,"Commerce, Vente, Marketing & Distribution",CDD,,,vente,"Responsable de secteur Secteur : Commerce, Vente, Marketing & Distribution."
JOB250002454,Chef de caisse,LA POINTE,Brazzaville,"Finance, Banque, Assurance, Comptabilité & Fiscalité",CDD,,,caisse; comptabilité; fiscalité,"Chef de caisse Secteur : Finance, Banque, Assurance, Comptabilité & Fiscalité."
JOB250002455,Personnel de vente et de service client,LA POINTE,Brazzaville,"Commerce, Vente, Marketing & Distribution",CDD,,,service client; vente,"Personnel de vente et de service client  Secteur : Commerce, Vente, Marketing & Distribution."
JOB250002456,Chef de rayon,LA POINTE,Brazzaville,"Commerce, Vente, Marketing & Distribution",CDD,,,vente,"Chef de rayon Secteur : Commerce, Vente, Marketing & Distribution."
JOB250002457,"Employéde libre-service (ou employé de rayon, vendeur, mise en rayon)",LA POINTE,Brazzaville,"Commerce, Vente, Marketing & Distribution",CDD,,,vente,"Employéde libre-service (ou employé de rayon, vendeur, mise en rayon) Secteur : Commerce, Vente, Marketing & Distribution."
JOB250002458,Hôtede caisse,LA POINTE,Brazzaville,"Commerce, Vente, Marketing & Distribution",CDD,,,caisse; vente,"Hôtede caisse Secteur : Commerce, Vente, Marketing & Distribution."
JOB250002459,Employé Drive,LA POINTE,Brazzaville,"Commerce, Vente, Marketing & Distribution",CDD,,,vente,"Employé Drive Secteur : Commerce, Vente, Marketing & Distribution."
JOB250002460,Vendeur conseil,LA POINTE,Brazzaville,"Commerce, Vente, Marketing & Distribution",CDD,,,vente,"Vendeur conseil Secteur : Commerce, Vente, Marketing & Distribution."
JOB250002461,Préparateur de commandes drive,LA POINTE,Brazzaville,"Commerce, Vente, Marketing & Distribution",CDD,,,vente,"Préparateur de commandes drive Secteur : Commerce, Vente, Marketing & Distribution."
JOB250002462,Personnel spécialisé,LA POINTE,Brazzaville,"Commerce, Vente, Marketing & Distribution",CDD,,,vente,"Personnel spécialisé Secteur : Commerce, Vente, Marketing & Distribution."
JOB250002463,"Artisan en rayon traditionnel (Boulanger, Boucher, Poissonnier, Pâtissier, etc.)",LA POINTE,Brazzaville,Hôtellerie - Restauration,CDD,,,,"Artisan en rayon traditionnel (Boulanger, Boucher, Poissonnier, Pâtissier, etc.) Secteur : Hôtellerie - Restauration."
JOB250002464,Employéen rayon produits frais (fruits et légumes),LA POINTE,Brazzaville,"Commerce, Vente, Marketing & Distribution",CDD,,,vente,"Employéen rayon produits frais (fruits et légumes) Secteur : Commerce, Vente, Marketing & Distribution."
JOB250002465,Conseiller vente rayon traditionnel,LA POINTE,Brazzaville,"Commerce, Vente, Marketing & Distribution",CDD,,,vente,"Conseiller vente rayon traditionnel Secteur : Commerce, Vente, Marketing & Distribution."
JOB250002466,Personnel de logistique et d’arrière-boutique,LA POINTE,Brazzaville,"Transport, Logistique & Supply Chain",CDD,,,supply chain,"Personnel de logistique et d’arrière-boutique  Secteur : Transport, Logistique & Supply Chain."
JOB250002467,MAGASINIER,LA POINTE,Brazzaville,"Transport, Logistique & Supply Chain",CDD,,,supply chain,"MAGASINIER  Secteur : Transport, Logistique & Supply Chain."
JOB250002468,Responsable de l'inventaire,LA POINTE,Brazzaville,"Commerce, Vente, Marketing & Distribution",CDD,,,vente,"Responsable de l'inventaire Secteur : Commerce, Vente, Marketing & Distribution."
JOB250002469,Manager des stocks,LA POINTE,Brazzaville,"Transport, Logistique & Supply Chain",CDD,,,supply chain,"Manager des stocks Secteur : Transport, Logistique & Supply Chain."
JOB250002470,Technicien comptable,LA POINTE,Brazzaville,"Finance, Banque, Assurance, Comptabilité & Fiscalité",CDD,,,comptabilité; fiscalité,"Technicien comptable Secteur : Finance, Banque, Assurance, Comptabilité & Fiscalité."
JOB250002493,Acheteur,LA POINTE,Brazzaville,"Transport, Logistique & Supply Chain",CDD,,,supply chain,"Acheteur Secteur : Transport, Logistique & Supply Chain."
JOB250002494,Livreur,LA POINTE,Brazzaville,"Transport, Logistique & Supply Chain",CDD,,,supply chain,"Livreur  Secteur : Transport, Logistique & Supply Chain."
JOB250002495,Préposé à l’entretien,LA POINTE,Brazzaville,Nettoyage & Blanchisserie,CDD,,,,Préposé à l’entretien Secteur : Nettoyage & Blanchisserie.
JOB250002496,Personnel support,LA POINTE,Brazzaville,"Transport, Logistique & Supply Chain",CDD,,,supply chain,"Personnel support Secteur : Transport, Logistique & Supply Chain."
JOB250002497,AGENT DE SECURITE,LA POINTE,Brazzaville,"Sécurité, Sûreté & Défense",CDD,,,,"AGENT DE SECURITE Secteur : Sécurité, Sûreté & Défense."
JOB250002498,Employé commercial,LA POINTE,Brazzaville,"Commerce, Vente, Marketing & Distribution",CDD,,,vente,"Employé commercial Secteur : Commerce, Vente, Marketing & Distribution."
JOB250002499,ANIMATEUR,LA POINTE,Brazzaville,Sports - Coaching sportif - Gestion d’activités sportives,CDD,,,,ANIMATEUR Secteur : Sports - Coaching sportif - Gestion d’activités sportives.
JOB250001433,Agent polyvalent,LABEL HOTELIER,Pointe-Noire,Hôtellerie - Restauration,CDD,,,,Agent polyvalent Secteur : Hôtellerie - Restauration.
JOB250001550,DIRECTEUR GENERAL ET TECHNIQUE,LABORATOIRE DE METROLOGIE ET DE MAINTENANCE,Pointe-Noire,"Industrie, Production & Maintenance",CDI,,,,"DIRECTEUR GENERAL ET TECHNIQUE Secteur : Industrie, Production & Maintenance."
JOB250001551,COMPTABLE,LABORATOIRE DE METROLOGIE ET DE MAINTENANCE,Pointe-Noire,"Industrie, Production & Maintenance",CDD,,,,"COMPTABLE  Secteur : Industrie, Production & Maintenance."
JOB250001520,Responsable Transit et Archivage,L'ARCHER CAPITAL,Brazzaville,"Finance, Banque, Assurance, Comptabilité & Fiscalité",CDD,,,archivage; comptabilité; fiscalité; transit,"Responsable Transit et Archivage  Secteur : Finance, Banque, Assurance, Comptabilité & Fiscalité."
JOB250001745,"Directeur Général Adjoint , projet transformation",L'ARCHER CAPITAL,Brazzaville,"Finance, Banque, Assurance, Comptabilité & Fiscalité",CDD,,,comptabilité; fiscalité,"Directeur Général Adjoint , projet transformation Secteur : Finance, Banque, Assurance, Comptabilité & Fiscalité."
JOB250001956,Administrateurbase de données,L'ARCHER CAPITAL,Brazzaville,"Informatique, Data, Télécommunications & Digital",CDD,,,,"Administrateurbase de données  Secteur : Informatique, Data, Télécommunications & Digital."
JOB250001957,DIRECTEUR DE LA BANQUE DIGITALE,L'ARCHER CAPITAL,Brazzaville,"Finance, Banque, Assurance, Comptabilité & Fiscalité",CDD,,,comptabilité; fiscalité,"DIRECTEUR DE LA BANQUE DIGITALE  Secteur : Finance, Banque, Assurance, Comptabilité & Fiscalité."
JOB250001958,DIRECTEUR DES FINANCES,L'ARCHER CAPITAL,Brazzaville,"Finance, Banque, Assurance, Comptabilité & Fiscalité",CDD,,,comptabilité; fiscalité,"DIRECTEUR DES FINANCES  Secteur : Finance, Banque, Assurance, Comptabilité & Fiscalité."
JOB250002005,Directeur des systèmes d'information,L'ARCHER CAPITAL,Brazzaville,"Informatique, Data, Télécommunications & Digital",CDD,,,,"Directeur des systèmes d'information  Secteur : Informatique, Data, Télécommunications & Digital."
JOB250002006,Directeur des systèmes d'information,L'ARCHER CAPITAL,Brazzaville,"Informatique, Data, Télécommunications & Digital",CDD,,,,"Directeur des systèmes d'information  Secteur : Informatique, Data, Télécommunications & Digital."
JOB250002009,Développeur Programmeur,L'ARCHER CAPITAL,Brazzaville,"Informatique, Data, Télécommunications & Digital",CDD,,,,"Développeur Programmeur Secteur : Informatique, Data, Télécommunications & Digital."
JOB250002010,Responsable infrastructure,L'ARCHER CAPITAL,Brazzaville,"Informatique, Data, Télécommunications & Digital",CDI,,,,"Responsable infrastructure Secteur : Informatique, Data, Télécommunications & Digital."
JOB250002145,DIRECTEUR DE LA BANQUE DIGITALE,L'ARCHER CAPITAL,Brazzaville,"Finance, Banque, Assurance, Comptabilité & Fiscalité",CDD,,,comptabilité; fiscalité,"DIRECTEUR DE LA BANQUE DIGITALE  Secteur : Finance, Banque, Assurance, Comptabilité & Fiscalité."
JOB250002147,DIRECTEUR DES FINANCES,L'ARCHER CAPITAL,Brazzaville,"Finance, Banque, Assurance, Comptabilité & Fiscalité",CDD,,,comptabilité; fiscalité,"DIRECTEUR DES FINANCES  Secteur : Finance, Banque, Assurance, Comptabilité & Fiscalité."
JOB250002149,RESPONSABLE COMMERCIAL ET OPERATIONS,L'ARCHER CAPITAL,Brazzaville,"Commerce, Vente, Marketing & Distribution",CDI,,,vente,"RESPONSABLE COMMERCIAL ET OPERATIONS Secteur : Commerce, Vente, Marketing & Distribution."
JOB250002156,CHEF DE SERVICE MONETIQUE ET OPERATION EN LIGNE,L'ARCHER CAPITAL,Brazzaville,"Finance, Banque, Assurance, Comptabilité & Fiscalité",CDI,,,comptabilité; fiscalité,"CHEF DE SERVICE MONETIQUE ET OPERATION EN LIGNE  Secteur : Finance, Banque, Assurance, Comptabilité & Fiscalité."
JOB250002160,Chef Der Service Administration de credit,L'ARCHER CAPITAL,Brazzaville,"Finance, Banque, Assurance, Comptabilité & Fiscalité",CDI,,,comptabilité; fiscalité,"Chef Der Service Administration de credit  Secteur : Finance, Banque, Assurance, Comptabilité & Fiscalité."
JOB250002163,COMPTABLE,L'ARCHER CAPITAL,Brazzaville,"Finance, Banque, Assurance, Comptabilité & Fiscalité",CDI,,,comptabilité; fiscalité,"COMPTABLE  Secteur : Finance, Banque, Assurance, Comptabilité & Fiscalité."
JOB250002164,Chef de service transferts domestiques et opérations locales,L'ARCHER CAPITAL,Brazzaville,"Finance, Banque, Assurance, Comptabilité & Fiscalité",CDI,,,comptabilité; fiscalité,"Chef de service transferts domestiques et opérations locales  Secteur : Finance, Banque, Assurance, Comptabilité & Fiscalité."
JOB250002166,CHARGE DE LA GESTION DE LA TRESORERIE,L'ARCHER CAPITAL,Brazzaville,"Finance, Banque, Assurance, Comptabilité & Fiscalité",CDI,,,comptabilité; fiscalité,"CHARGE DE LA GESTION DE LA TRESORERIE  Secteur : Finance, Banque, Assurance, Comptabilité & Fiscalité."
JOB250002176,Performance et Product manager,L'ARCHER CAPITAL,Brazzaville,"Finance, Banque, Assurance, Comptabilité & Fiscalité",CDI,,,comptabilité; fiscalité,"Performance et Product manager Secteur : Finance, Banque, Assurance, Comptabilité & Fiscalité."
JOB250002177,Responsable du commerce international,L'ARCHER CAPITAL,Brazzaville,"Commerce, Vente, Marketing & Distribution",CDI,,,vente,"Responsable du commerce international  Secteur : Commerce, Vente, Marketing & Distribution."
JOB250002178,RESPONSABLE DES OPERATIONS EN AGENCES,L'ARCHER CAPITAL,Brazzaville,"Finance, Banque, Assurance, Comptabilité & Fiscalité",CDI,,,comptabilité; fiscalité,"RESPONSABLE DES OPERATIONS EN AGENCES  Secteur : Finance, Banque, Assurance, Comptabilité & Fiscalité."
JOB250002278,CONTROLEUR INTERNE INFORMATIQUE,L'ARCHER CAPITAL,Brazzaville,"Finance, Banque, Assurance, Comptabilité & Fiscalité",CDD,,,comptabilité; fiscalité,"CONTROLEUR INTERNE INFORMATIQUE  Secteur : Finance, Banque, Assurance, Comptabilité & Fiscalité."
JOB250002285,GRAPHISTE,L'ARCHER CAPITAL,Brazzaville,"Communication, Médias & Événementiel",CDD,,,,"GRAPHISTE Secteur : Communication, Médias & Événementiel."
JOB250002393,Stagiaire SALES,L'ARCHER CAPITAL,Brazzaville,"Commerce, Vente, Marketing & Distribution",CDD,,,vente,"Stagiaire SALES Secteur : Commerce, Vente, Marketing & Distribution."
JOB250002492,SALES,L'ARCHER CAPITAL,Brazzaville,"Finance, Banque, Assurance, Comptabilité & Fiscalité",CDD,,,comptabilité; fiscalité,"SALES Secteur : Finance, Banque, Assurance, Comptabilité & Fiscalité."
JOB250002391,Assistant veille règlementaire et déontologie,LCB Bank,Brazzaville,Droit et Justice,CDD,,,,Assistant veille règlementaire et déontologie  Secteur : Droit et Justice.
JOB250002405,ASSISTANTRESSOURCES HUMAINES,LCB Bank,Brazzaville,"Conseil, Stratégie & Gestion des Ressources Humaines",CDD,,,gestion des ressources humaines,"ASSISTANTRESSOURCES HUMAINES  Secteur : Conseil, Stratégie & Gestion des Ressources Humaines."
JOB250002406,CONSEILLER CLIENTELE,LCB Bank,Brazzaville,"Commerce, Vente, Marketing & Distribution",CDD,,,vente,"CONSEILLER CLIENTELE  Secteur : Commerce, Vente, Marketing & Distribution."
JOB250002408,INSPECTEUR ET AUDITEUR JUNIOR,LCB Bank,Brazzaville,"Finance, Banque, Assurance, Comptabilité & Fiscalité",CDD,,,comptabilité; fiscalité,"INSPECTEUR ET AUDITEUR JUNIOR Secteur : Finance, Banque, Assurance, Comptabilité & Fiscalité."
JOB250002409,Chauffeur,LCB Bank,Brazzaville,"Finance, Banque, Assurance, Comptabilité & Fiscalité",CDD,,,comptabilité; fiscalité,"Chauffeur  Secteur : Finance, Banque, Assurance, Comptabilité & Fiscalité."
JOB250002625,COORDONATEUR LOCAL DE LA FONDATION BOA CONGO,LCB Bank,Brazzaville,"Finance, Banque, Assurance, Comptabilité & Fiscalité",CDI,,,comptabilité; fiscalité,"COORDONATEUR LOCAL DE LA FONDATION BOA CONGO Secteur : Finance, Banque, Assurance, Comptabilité & Fiscalité."
JOB250002699,Planificateur de projet,LE GERMOIR SA,Pointe-Noire,"Pétrole, Gaz & Hydrocarbures",CDD,,,,"Planificateur de projet Secteur : Pétrole, Gaz & Hydrocarbures."
JOB250002712,Superviseur en isolation,LE GERMOIR SA,Pointe-Noire,"Pétrole, Gaz & Hydrocarbures",CDD,,,,"Superviseur en isolation Secteur : Pétrole, Gaz & Hydrocarbures."
JOB250002713,Travailleur en isolation,LE GERMOIR SA,Pointe-Noire,"Pétrole, Gaz & Hydrocarbures",CDD,,,,"Travailleur en isolation Secteur : Pétrole, Gaz & Hydrocarbures."
JOB250002714,Travailleur en isolation,LE GERMOIR SA,Pointe-Noire,"Pétrole, Gaz & Hydrocarbures",CDD,,,,"Travailleur en isolation Secteur : Pétrole, Gaz & Hydrocarbures."
JOB250002715,Superviseur de tuyauterie,LE GERMOIR SA,Pointe-Noire,"Pétrole, Gaz & Hydrocarbures",CDD,,,tuyauterie,"Superviseur de tuyauterie Secteur : Pétrole, Gaz & Hydrocarbures."
JOB250002716,Ouvrier d'atelier,LE GERMOIR SA,Pointe-Noire,"Pétrole, Gaz & Hydrocarbures",CDD,,,,"Ouvrier d'atelier Secteur : Pétrole, Gaz & Hydrocarbures."
JOB250002729,Spécialiste du fret,LE GERMOIR SA,Pointe-Noire,"Pétrole, Gaz & Hydrocarbures",CDD,,,,"Spécialiste du fret Secteur : Pétrole, Gaz & Hydrocarbures."
JOB250002730,Manager,LE GERMOIR SA,Pointe-Noire,Hôtellerie - Restauration,CDD,,,,Manager Secteur : Hôtellerie - Restauration.
JOB250002731,Tuyauteur,LE GERMOIR SA,Pointe-Noire,"Pétrole, Gaz & Hydrocarbures",CDD,,,,"Tuyauteur Secteur : Pétrole, Gaz & Hydrocarbures."
JOB250002732,Echafaudeur,LE GERMOIR SA,Pointe-Noire,"Bâtiment, Travaux Publics & Aménagement du Territoire",CDD,,,,"Echafaudeur Secteur : Bâtiment, Travaux Publics & Aménagement du Territoire."
JOB250002733,Soudeur,LE GERMOIR SA,Pointe-Noire,"Bâtiment, Travaux Publics & Aménagement du Territoire",CDD,,,,"Soudeur Secteur : Bâtiment, Travaux Publics & Aménagement du Territoire."
JOB250002739,Responsable de production,LE GERMOIR SA,Pointe-Noire,Agriculture & Industrie Agroalimentaire,CDD,,,,Responsable de production Secteur : Agriculture & Industrie Agroalimentaire.
JOB250002808,Superviseur Maintenance FLNG,LE GERMOIR SA,Pointe-Noire,"Pétrole, Gaz & Hydrocarbures",CDD,,,,"Superviseur Maintenance FLNG Secteur : Pétrole, Gaz & Hydrocarbures."
JOB250001701,Chef de base,L'ENTREPRENEUR  CONSTRUCTION,Pointe-Noire,"Industrie, Production & Maintenance",CDI,,,,"Chef de base Secteur : Industrie, Production & Maintenance."
JOB250001702,CHEF DE CHANTIER,L'ENTREPRENEUR  CONSTRUCTION,Pointe-Noire,"Bâtiment, Travaux Publics & Aménagement du Territoire",CDI,,,,"CHEF DE CHANTIER Secteur : Bâtiment, Travaux Publics & Aménagement du Territoire."
JOB250001703,CARRELEUR,L'ENTREPRENEUR  CONSTRUCTION,Pointe-Noire,"Bâtiment, Travaux Publics & Aménagement du Territoire",CDI,,,,"CARRELEUR Secteur : Bâtiment, Travaux Publics & Aménagement du Territoire."
JOB250001016,Responsable Achat Transit & Stock,LIFTCO CONGO,Pointe-Noire,"Transport, Logistique & Supply Chain",CDD,,,supply chain; transit,"Responsable Achat Transit & Stock  Secteur : Transport, Logistique & Supply Chain."
JOB250001665,"Comptable Fournisseur, Achats et Stocks",LIFTCO CONGO,Pointe-Noire,"Finance, Banque, Assurance, Comptabilité & Fiscalité",CDD,,,comptabilité; fiscalité,"Comptable Fournisseur, Achats et Stocks Secteur : Finance, Banque, Assurance, Comptabilité & Fiscalité."
JOB250002154,Technico Commercial,LIFTCO CONGO,Pointe-Noire,"Industrie, Production & Maintenance",CDD,,,,"Technico Commercial  Secteur : Industrie, Production & Maintenance."
JOB250001414,CHARGE D'AFFAIRE,LOANGO ENVIRONNEMENT SLE,Kouilou,"Énergie, Environnement & Eau",CDI,,,,"CHARGE D'AFFAIRE  Secteur : Énergie, Environnement & Eau."
JOB250001490,Chef d'Agence,LOANGO ENVIRONNEMENT SLE,Kouilou,"Énergie, Environnement & Eau",CDI,,,,"Chef d'Agence  Secteur : Énergie, Environnement & Eau."
JOB250001657,Chargéd'Affaire,LOANGO ENVIRONNEMENT SLE,Kouilou,"Énergie, Environnement & Eau",CDI,,,,"Chargéd'Affaire Secteur : Énergie, Environnement & Eau."
NONREF000065,Chauffeur,LOXEA,Pointe-Noire,"Commerce, Vente, Marketing & Distribution",CDD,,,vente,"Chauffeur Secteur : Commerce, Vente, Marketing & Distribution."
NONREF000094,Commerciale,LOXEA CONGO,Pointe-Noire,"Conseil, Stratégie & Gestion des Ressources Humaines",CDI,,,gestion des ressources humaines,"Commerciale Secteur : Conseil, Stratégie & Gestion des Ressources Humaines."
JOB250000963,GESTIONNAIRE PARC,LOXEA NEW MOBILITY SOLUTIONS,Pointe-Noire,"Commerce, Vente, Marketing & Distribution",CDI,,,vente,"GESTIONNAIRE PARC Secteur : Commerce, Vente, Marketing & Distribution."
JOB250002740,Gestionnaire Parc Automobile,LOXEA NEW MOBILITY SOLUTIONS,Pointe-Noire,"Commerce, Vente, Marketing & Distribution",CDI,,,vente,"Gestionnaire Parc Automobile Secteur : Commerce, Vente, Marketing & Distribution."
JOB250000825,FISCALISTE,LUKOIL UPSTREAM CONGO,Pointe-Noire,"Pétrole, Gaz & Hydrocarbures",CDD,,,,"FISCALISTE Secteur : Pétrole, Gaz & Hydrocarbures."
NONREF000133,Fiscaliste,LUKOIL UPSTREAM CONGO,Pointe-Noire,"Pétrole, Gaz & Hydrocarbures",CDD,,,,"Fiscaliste Secteur : Pétrole, Gaz & Hydrocarbures."
JOB250001049,DIRECTEUR GÉOLOGIE ET EXPLOITATION,LUKOIL UPSTREAM CONGO,Pointe-Noire,"Pétrole, Gaz & Hydrocarbures",CDD,,,,"DIRECTEUR GÉOLOGIE ET EXPLOITATION Secteur : Pétrole, Gaz & Hydrocarbures."
JOB250001085,Ingénieur specialisé en economie et finances,LUKOIL UPSTREAM CONGO,Pointe-Noire,"Pétrole, Gaz & Hydrocarbures",CDI,,,,"Ingénieur specialisé en economie et finances Secteur : Pétrole, Gaz & Hydrocarbures."
NONREF000395,Directeur Adjoint du Département HSE,LUYUAN DES MINES CONGO,Pointe-Noire,"Assurance Qualité, Contrôle, Testing (QHSE)",CDD,,,hse; qhse,"Directeur Adjoint du Département HSE Secteur : Assurance Qualité, Contrôle, Testing (QHSE)."
NONREF000397,Spécialiste en Logistique,LUYUAN DES MINES CONGO,Pointe-Noire,"Transport, Logistique & Supply Chain",CDD,,,supply chain,"Spécialiste en Logistique Secteur : Transport, Logistique & Supply Chain."
NONREF000398,Assistant du Directeur Financier,LUYUAN DES MINES CONGO,Pointe-Noire,"Conseil, Stratégie & Gestion des Ressources Humaines",CDD,,,gestion des ressources humaines,"Assistant du Directeur Financier Secteur : Conseil, Stratégie & Gestion des Ressources Humaines."
JOB250001690,CHEF DE PROJET,MAISON AFRICAINE DU COMMERCE (MAFRICOM),Pointe-Noire,"Commerce, Vente, Marketing & Distribution",CDI,,,vente,"CHEF DE PROJET  Secteur : Commerce, Vente, Marketing & Distribution."
JOB250001691,MANAGERS FINANCIERS,MAISON AFRICAINE DU COMMERCE (MAFRICOM),Pointe-Noire,"Commerce, Vente, Marketing & Distribution",CDI,,,vente,"MANAGERS FINANCIERS Secteur : Commerce, Vente, Marketing & Distribution."
NONREF000001,Agent Adm du personnel,MANAGEMENT ORGANIS,Pointe-Noire,"Pétrole, Gaz & Hydrocarbures",CDD,,,,"Agent Adm du personnel Secteur : Pétrole, Gaz & Hydrocarbures."
NONREF000034,Assistant technique,MANAGEMENT ORGANIS,Pointe-Noire,"Pétrole, Gaz & Hydrocarbures",CDD,,,,"Assistant technique Secteur : Pétrole, Gaz & Hydrocarbures."
NONREF000101,Comptable,MANAGEMENT ORGANIS,Pointe-Noire,"Pétrole, Gaz & Hydrocarbures",CDD,,,,"Comptable Secteur : Pétrole, Gaz & Hydrocarbures."
NONREF000195,Réceptionniste,MANAGEMENT ORGANIS,Pointe-Noire,"Pétrole, Gaz & Hydrocarbures",CDD,,,,"Réceptionniste Secteur : Pétrole, Gaz & Hydrocarbures."
NONREF000216,Responsable maintenance,MANAGEMENT ORGANIS,Pointe-Noire,"Pétrole, Gaz & Hydrocarbures",CDD,,,,"Responsable maintenance Secteur : Pétrole, Gaz & Hydrocarbures."
NONREF000219,Responsable QHSE,MANAGEMENT ORGANIS,Pointe-Noire,"Assurance Qualité, Contrôle, Testing (QHSE)",CDD,,,qhse,"Responsable QHSE Secteur : Assurance Qualité, Contrôle, Testing (QHSE)."
NONREF000226,Secrétaire de direction,MANAGEMENT ORGANIS,Pointe-Noire,"Pétrole, Gaz & Hydrocarbures",CDD,,,,"Secrétaire de direction Secteur : Pétrole, Gaz & Hydrocarbures."
NONREF000076,Chef comptable,MANAGEMENT ORGANISA,Pointe-Noire,"Pétrole, Gaz & Hydrocarbures",CDI,,,,"Chef comptable Secteur : Pétrole, Gaz & Hydrocarbures."
JOB250000869,AGENT ADMINISTRATIF DU PERSONNEL,MANAGEMENT ORGANISATIONNEL,Pointe-Noire,"Pétrole, Gaz & Hydrocarbures",CDI,,,,"AGENT ADMINISTRATIF DU PERSONNEL Secteur : Pétrole, Gaz & Hydrocarbures."
JOB250000870,SUPERVISEUR ACHAT et CONTRAT,MANAGEMENT ORGANISATIONNEL,Pointe-Noire,"Pétrole, Gaz & Hydrocarbures",CDI,,,,"SUPERVISEUR ACHAT et CONTRAT Secteur : Pétrole, Gaz & Hydrocarbures."
JOB250001240,Directeur Financier et Controle,MANAGEMENT ORGANISATIONNEL,Pointe-Noire,"Pétrole, Gaz & Hydrocarbures",CDI,,,,"Directeur Financier et Controle Secteur : Pétrole, Gaz & Hydrocarbures."
JOB250001250,Responsable Surété,MANAGEMENT ORGANISATIONNEL,Pointe-Noire,"Sécurité, Sûreté & Défense",CDD,,,,"Responsable Surété Secteur : Sécurité, Sûreté & Défense."
JOB250001251,"Responsable local centent, Relations Sociale et Térritoriales",MANAGEMENT ORGANISATIONNEL,Pointe-Noire,"Pétrole, Gaz & Hydrocarbures",CDI,,,,"Responsable local centent, Relations Sociale et Térritoriales Secteur : Pétrole, Gaz & Hydrocarbures."
JOB250001252,Comptable Fournisseur,MANAGEMENT ORGANISATIONNEL,Pointe-Noire,"Pétrole, Gaz & Hydrocarbures",CDD,,,,"Comptable Fournisseur Secteur : Pétrole, Gaz & Hydrocarbures."
JOB250001253,Technicien Achats Matériels et Services Exploitation,MANAGEMENT ORGANISATIONNEL,Pointe-Noire,"Commerce, Vente, Marketing & Distribution",CDD,,,vente,"Technicien Achats Matériels et Services Exploitation Secteur : Commerce, Vente, Marketing & Distribution."
JOB250001255,Technicien Qualification et gestion des Fournisseurs,MANAGEMENT ORGANISATIONNEL,Pointe-Noire,"Pétrole, Gaz & Hydrocarbures",CDD,,,,"Technicien Qualification et gestion des Fournisseurs Secteur : Pétrole, Gaz & Hydrocarbures."
JOB250001256,Trésorier,MANAGEMENT ORGANISATIONNEL,Pointe-Noire,"Pétrole, Gaz & Hydrocarbures",CDD,,,,"Trésorier Secteur : Pétrole, Gaz & Hydrocarbures."
JOB250001257,CAISSIER,MANAGEMENT ORGANISATIONNEL,Pointe-Noire,"Pétrole, Gaz & Hydrocarbures",CDD,,,,"CAISSIER Secteur : Pétrole, Gaz & Hydrocarbures."
JOB250001258,COMPTABLE,MANAGEMENT ORGANISATIONNEL,Pointe-Noire,"Pétrole, Gaz & Hydrocarbures",CDD,,,,"COMPTABLE  Secteur : Pétrole, Gaz & Hydrocarbures."
JOB250001259,Assistant de Direction,MANAGEMENT ORGANISATIONNEL,Pointe-Noire,"Pétrole, Gaz & Hydrocarbures",CDD,,,,"Assistant de Direction Secteur : Pétrole, Gaz & Hydrocarbures."
JOB250001260,Controleur de Gestion Junior et Senior,MANAGEMENT ORGANISATIONNEL,Pointe-Noire,"Pétrole, Gaz & Hydrocarbures",CDD,,,,"Controleur de Gestion Junior et Senior Secteur : Pétrole, Gaz & Hydrocarbures."
JOB250001261,Controleur de Gestion Junior,MANAGEMENT ORGANISATIONNEL,Pointe-Noire,Gestion Administrative,CDD,,,gestion administrative,Controleur de Gestion Junior Secteur : Gestion Administrative.
JOB250001262,SECRETAIRE DE DIRECTION,MANAGEMENT ORGANISATIONNEL,Pointe-Noire,"Pétrole, Gaz & Hydrocarbures",CDD,,,,"SECRETAIRE DE DIRECTION  Secteur : Pétrole, Gaz & Hydrocarbures."
JOB250001499,LABORANTIN EXPERIMENTE,MANAGEMENT ORGANISATIONNEL,Pointe-Noire,"Conseil, Stratégie & Gestion des Ressources Humaines",CDD,,,gestion des ressources humaines,"LABORANTIN EXPERIMENTE Secteur : Conseil, Stratégie & Gestion des Ressources Humaines."
JOB250001500,ASSISTANT RESEAU,MANAGEMENT ORGANISATIONNEL,Pointe-Noire,"Conseil, Stratégie & Gestion des Ressources Humaines",CDD,,,gestion des ressources humaines,"ASSISTANT RESEAU Secteur : Conseil, Stratégie & Gestion des Ressources Humaines."
JOB250001501,AssistantComptable,MANAGEMENT ORGANISATIONNEL,Pointe-Noire,"Conseil, Stratégie & Gestion des Ressources Humaines",CDD,,,gestion des ressources humaines,"AssistantComptable Secteur : Conseil, Stratégie & Gestion des Ressources Humaines."
JOB250001504,"Assistant Administrative, Comptable et Affaires juridiques",MANAGEMENT ORGANISATIONNEL,Pointe-Noire,"Conseil, Stratégie & Gestion des Ressources Humaines",CDD,,,gestion des ressources humaines,"Assistant Administrative, Comptable et Affaires juridiques Secteur : Conseil, Stratégie & Gestion des Ressources Humaines."
JOB250001518,OPERATEUR D'EXCAVATION,MANAGEMENT ORGANISATIONNEL,Pointe-Noire,"Industrie, Production & Maintenance",CDD,,,,"OPERATEUR D'EXCAVATION Secteur : Industrie, Production & Maintenance."
JOB250001519,Trieur de Production,MANAGEMENT ORGANISATIONNEL,Pointe-Noire,"Industrie, Production & Maintenance",CDD,,,,"Trieur de Production  Secteur : Industrie, Production & Maintenance."
JOB250001522,OPERATEUR CONCASSEUR,MANAGEMENT ORGANISATIONNEL,Pointe-Noire,"Industrie, Production & Maintenance",CDD,,,,"OPERATEUR CONCASSEUR Secteur : Industrie, Production & Maintenance."
JOB250001588,DIRECTEUR TECHNIQUE,MANAGEMENT ORGANISATIONNEL,Pointe-Noire,"Pétrole, Gaz & Hydrocarbures",CDD,,,,"DIRECTEUR TECHNIQUE Secteur : Pétrole, Gaz & Hydrocarbures."
JOB250001602,DIRECTEUR DES RESSOURCES HUMAINES,MANAGEMENT ORGANISATIONNEL,Pointe-Noire,"Conseil, Stratégie & Gestion des Ressources Humaines",CDD,,,gestion des ressources humaines,"DIRECTEUR DES RESSOURCES HUMAINES Secteur : Conseil, Stratégie & Gestion des Ressources Humaines."
JOB250001655,ASSISTANT TECHNIQUE,MANAGEMENT ORGANISATIONNEL,Pointe-Noire,"Pétrole, Gaz & Hydrocarbures",CDD,,,,"ASSISTANT TECHNIQUE Secteur : Pétrole, Gaz & Hydrocarbures."
JOB250001677,Technicien Achats Matériel et Services Exploitations,MANAGEMENT ORGANISATIONNEL,Pointe-Noire,"Pétrole, Gaz & Hydrocarbures",CDD,,,,"Technicien Achats Matériel et Services Exploitations Secteur : Pétrole, Gaz & Hydrocarbures."
JOB250001680,Tecnicien Qualification et Gestion des Fournisseurs,MANAGEMENT ORGANISATIONNEL,Pointe-Noire,"Pétrole, Gaz & Hydrocarbures",CDD,,,,"Tecnicien Qualification et Gestion des Fournisseurs Secteur : Pétrole, Gaz & Hydrocarbures."
JOB250001681,Responsable Administrative Opérationnelle Contrats et Qualification,MANAGEMENT ORGANISATIONNEL,Pointe-Noire,"Pétrole, Gaz & Hydrocarbures",CDD,,,,"Responsable Administrative Opérationnelle Contrats et Qualification Secteur : Pétrole, Gaz & Hydrocarbures."
JOB250001682,ResponsableAchats et Contrats Exploitation,MANAGEMENT ORGANISATIONNEL,Pointe-Noire,"Pétrole, Gaz & Hydrocarbures",CDD,,,,"ResponsableAchats et Contrats Exploitation Secteur : Pétrole, Gaz & Hydrocarbures."
JOB250001683,Responsable Achats et ContratsSupports,MANAGEMENT ORGANISATIONNEL,Pointe-Noire,"Pétrole, Gaz & Hydrocarbures",CDD,,,,"Responsable Achats et ContratsSupports Secteur : Pétrole, Gaz & Hydrocarbures."
JOB250001685,Directeur DivisionApprovisionnement et Contrats,MANAGEMENT ORGANISATIONNEL,Pointe-Noire,"Pétrole, Gaz & Hydrocarbures",CDD,,,,"Directeur DivisionApprovisionnement et Contrats Secteur : Pétrole, Gaz & Hydrocarbures."
JOB250001721,Manager Supply Chain,MANAGEMENT ORGANISATIONNEL,Pointe-Noire,"Pétrole, Gaz & Hydrocarbures",CDI,,,supply chain,"Manager Supply Chain Secteur : Pétrole, Gaz & Hydrocarbures."
JOB250001722,Manager Conformité et Sécurité (QHSE/RSE),MANAGEMENT ORGANISATIONNEL,Pointe-Noire,"Assurance Qualité, Contrôle, Testing (QHSE)",CDI,,,qhse,"Manager Conformité et Sécurité (QHSE/RSE) Secteur : Assurance Qualité, Contrôle, Testing (QHSE)."
JOB250001723,Directeur des Opérations,MANAGEMENT ORGANISATIONNEL,Pointe-Noire,"Pétrole, Gaz & Hydrocarbures",CDI,,,,"Directeur des Opérations Secteur : Pétrole, Gaz & Hydrocarbures."
JOB250001724,Directeur Administratif et Financier,MANAGEMENT ORGANISATIONNEL,Pointe-Noire,"Pétrole, Gaz & Hydrocarbures",CDI,,,,"Directeur Administratif et Financier Secteur : Pétrole, Gaz & Hydrocarbures."
JOB250001875,DIRECTEUR GÉNÉRAL ADJOINT,MANAGEMENT ORGANISATIONNEL,Pointe-Noire,Gestion Administrative,CDI,,,gestion administrative,DIRECTEUR GÉNÉRAL ADJOINT  Secteur : Gestion Administrative.
JOB250001876,Business Développeur Stratégie et Performance,MANAGEMENT ORGANISATIONNEL,Pointe-Noire,"Pétrole, Gaz & Hydrocarbures",CDI,,,,"Business Développeur Stratégie et Performance Secteur : Pétrole, Gaz & Hydrocarbures."
JOB250001877,Responsable Négociation et Commerciale,MANAGEMENT ORGANISATIONNEL,Pointe-Noire,"Commerce, Vente, Marketing & Distribution",CDI,,,vente,"Responsable Négociation et Commerciale Secteur : Commerce, Vente, Marketing & Distribution."
JOB250001880,Responsable Juridique Gouvernance et Conformité,MANAGEMENT ORGANISATIONNEL,Pointe-Noire,"Conseil, Stratégie & Gestion des Ressources Humaines",CDI,,,gestion des ressources humaines,"Responsable Juridique Gouvernance et Conformité Secteur : Conseil, Stratégie & Gestion des Ressources Humaines."
JOB250001881,RESPONSABLE HSE,MANAGEMENT ORGANISATIONNEL,Pointe-Noire,"Assurance Qualité, Contrôle, Testing (QHSE)",CDI,,,hse; qhse,"RESPONSABLE HSE Secteur : Assurance Qualité, Contrôle, Testing (QHSE)."
JOB250001883,Responsable Approvisionnement et Contrat,MANAGEMENT ORGANISATIONNEL,Pointe-Noire,"Transport, Logistique & Supply Chain",CDI,,,supply chain,"Responsable Approvisionnement et Contrat Secteur : Transport, Logistique & Supply Chain."
JOB250001884,Directeur Financier et Controle,MANAGEMENT ORGANISATIONNEL,Pointe-Noire,"Finance, Banque, Assurance, Comptabilité & Fiscalité",CDI,,,comptabilité; fiscalité,"Directeur Financier et Controle Secteur : Finance, Banque, Assurance, Comptabilité & Fiscalité."
JOB250001885,Directeurdes Ressources Humaines,MANAGEMENT ORGANISATIONNEL,Pointe-Noire,"Conseil, Stratégie & Gestion des Ressources Humaines",CDI,,,gestion des ressources humaines,"Directeurdes Ressources Humaines Secteur : Conseil, Stratégie & Gestion des Ressources Humaines."
JOB250001886,Responsable Comptable et Trésorerie,MANAGEMENT ORGANISATIONNEL,Pointe-Noire,"Pétrole, Gaz & Hydrocarbures",CDI,,,,"Responsable Comptable et Trésorerie Secteur : Pétrole, Gaz & Hydrocarbures."
JOB250001887,Responsable Coste Controleur,MANAGEMENT ORGANISATIONNEL,Pointe-Noire,"Pétrole, Gaz & Hydrocarbures",CDI,,,,"Responsable Coste Controleur Secteur : Pétrole, Gaz & Hydrocarbures."
JOB250001888,ResponsableGestion Budget et Reporting,MANAGEMENT ORGANISATIONNEL,Pointe-Noire,"Finance, Banque, Assurance, Comptabilité & Fiscalité",CDI,,,comptabilité; fiscalité,"ResponsableGestion Budget et Reporting Secteur : Finance, Banque, Assurance, Comptabilité & Fiscalité."
JOB250001889,Responsable Administration Ressources Humaines et Paie,MANAGEMENT ORGANISATIONNEL,Pointe-Noire,"Conseil, Stratégie & Gestion des Ressources Humaines",CDI,,,gestion des ressources humaines; paie,"Responsable Administration Ressources Humaines et Paie Secteur : Conseil, Stratégie & Gestion des Ressources Humaines."
JOB250001890,Responsable Sécurité au Travail et Gestion des Urgences,MANAGEMENT ORGANISATIONNEL,Pointe-Noire,"Énergie, Environnement & Eau",CDI,,,,"Responsable Sécurité au Travail et Gestion des Urgences Secteur : Énergie, Environnement & Eau."
JOB250002299,Assistant Ressources Humaines,MANAGEMENT ORGANISATIONNEL,Pointe-Noire,"Conseil, Stratégie & Gestion des Ressources Humaines",CDD,,,gestion des ressources humaines,"Assistant Ressources Humaines Secteur : Conseil, Stratégie & Gestion des Ressources Humaines."
JOB250002300,Chauffeur de Liaison VL,MANAGEMENT ORGANISATIONNEL,Pointe-Noire,"Transport, Logistique & Supply Chain",CDI,,,supply chain,"Chauffeur de Liaison VL Secteur : Transport, Logistique & Supply Chain."
JOB250002301,CAISSIER,MANAGEMENT ORGANISATIONNEL,Pointe-Noire,"Finance, Banque, Assurance, Comptabilité & Fiscalité",CDD,,,comptabilité; fiscalité,"CAISSIER Secteur : Finance, Banque, Assurance, Comptabilité & Fiscalité."
JOB250002410,Chauffeur VL,MANAGEMENT ORGANISATIONNEL,Pointe-Noire,"Transport, Logistique & Supply Chain",CDI,,,supply chain,"Chauffeur VL Secteur : Transport, Logistique & Supply Chain."
JOB250002439,Responsable Réseau,MANAGEMENT ORGANISATIONNEL,Pointe-Noire,"Finance, Banque, Assurance, Comptabilité & Fiscalité",CDD,,,comptabilité; fiscalité,"Responsable Réseau Secteur : Finance, Banque, Assurance, Comptabilité & Fiscalité."
JOB250002441,Responsable négociation et opérations -OXIS OIL,MANAGEMENT ORGANISATIONNEL,Pointe-Noire,"Pétrole, Gaz & Hydrocarbures",CDD,,,,"Responsable négociation et opérations -OXIS OIL Secteur : Pétrole, Gaz & Hydrocarbures."
JOB250002489,Comptable Fournisseur,MANAGEMENT ORGANISATIONNEL,Pointe-Noire,"Finance, Banque, Assurance, Comptabilité & Fiscalité",CDI,,,comptabilité; fiscalité,"Comptable Fournisseur Secteur : Finance, Banque, Assurance, Comptabilité & Fiscalité."
JOB250000921,DIRECTEURADMINISTRATIF ET FINANCIER,MANAGEO CONSEILS,Pointe-Noire,"Finance, Banque, Assurance, Comptabilité & Fiscalité",CDI,,,comptabilité; fiscalité,"DIRECTEURADMINISTRATIF ET FINANCIER Secteur : Finance, Banque, Assurance, Comptabilité & Fiscalité."
JOB250001011,Responsable commercial & marketing,MANERS CLEAN SECURITY,Brazzaville,"Commerce, Vente, Marketing & Distribution",CDD,,,vente,"Responsable commercial & marketing  Secteur : Commerce, Vente, Marketing & Distribution."
JOB250001022,RESPONSABLE COMMERCIAL ET MARKETING EXPERIMENTEDANS LE DOMAINE DE LA SECURITE,MANERS CLEAN SECURITY,Brazzaville,"Commerce, Vente, Marketing & Distribution",CDI,,,vente,"RESPONSABLE COMMERCIAL ET MARKETING EXPERIMENTEDANS LE DOMAINE DE LA SECURITE Secteur : Commerce, Vente, Marketing & Distribution."
JOB250001326,RESPONSABLE COMMERCIAL ET MARKETING EXPERIMENTEDANS LE DOMAINE DE LA SECURITE,MANERS CLEAN SECURITY,Brazzaville,"Sécurité, Sûreté & Défense",CDI,,,,"RESPONSABLE COMMERCIAL ET MARKETING EXPERIMENTEDANS LE DOMAINE DE LA SECURITE Secteur : Sécurité, Sûreté & Défense."
JOB250001327,RESPONSABLE COMMERCIAL ET MARKETING EXPERIMENTEDANS LE DOMAINE DE LA SECURITE,MANERS CLEAN SECURITY,Brazzaville,"Sécurité, Sûreté & Défense",CDI,,,,"RESPONSABLE COMMERCIAL ET MARKETING EXPERIMENTEDANS LE DOMAINE DE LA SECURITE Secteur : Sécurité, Sûreté & Défense."
JOB250001712,COMPTABLE,MANERS CLEAN SECURITY,Pointe-Noire,"Sécurité, Sûreté & Défense",Contrat d'intérim,,,,"COMPTABLE  Secteur : Sécurité, Sûreté & Défense."
JOB250002077,Technicien – Pose de Caméras & GPS,MANERS CLEAN SECURITY,Pointe-Noire,"Sécurité, Sûreté & Défense",Contrat d'intérim,,,,"Technicien – Pose de Caméras & GPS Secteur : Sécurité, Sûreté & Défense."
JOB250002580,responsable technicocommercial grand compte,MANERS CLEAN SECURITY,Brazzaville,"Sécurité, Sûreté & Défense",CDI,,,,"responsable technicocommercial grand compte Secteur : Sécurité, Sûreté & Défense."
JOB250002640,Responsable Commercial,MANERS CLEAN SECURITY,Brazzaville,"Transport, Logistique & Supply Chain",CDI,,,supply chain,"Responsable Commercial  Secteur : Transport, Logistique & Supply Chain."
JOB250002807,Community Manager,MANERS CLEAN SECURITY,Brazzaville,"Commerce, Vente, Marketing & Distribution",CDI,,,vente,"Community Manager Secteur : Commerce, Vente, Marketing & Distribution."
NONREF000402,Agent Commercial,MANERS CLEAN SECURITY,Pointe-Noire,"Commerce, Vente, Marketing & Distribution",CDD,,,vente,"Agent Commercial Secteur : Commerce, Vente, Marketing & Distribution."
NONREF000144,Gestionnaire commerciale,MBTP,Pointe-Noire,"Bâtiment, Travaux Publics & Aménagement du Territoire",CDD,,,,"Gestionnaire commerciale Secteur : Bâtiment, Travaux Publics & Aménagement du Territoire."
JOB250002276,INGENIEUR DU SITE,MBTP,Brazzaville,"Bâtiment, Travaux Publics & Aménagement du Territoire",CDD,,,,"INGENIEUR DU SITE  Secteur : Bâtiment, Travaux Publics & Aménagement du Territoire."
JOB250002277,CHEF DE PROJET,MBTP,Brazzaville,"Bâtiment, Travaux Publics & Aménagement du Territoire",CDD,,,,"CHEF DE PROJET  Secteur : Bâtiment, Travaux Publics & Aménagement du Territoire."
JOB250002038,RESPONSABLE HSE,MEDIOR ITALIA s.r.l,Pointe-Noire,"Assurance Qualité, Contrôle, Testing (QHSE)",CDI,,,hse; qhse,"RESPONSABLE HSE Secteur : Assurance Qualité, Contrôle, Testing (QHSE)."
JOB250002429,Soudeur Certifié,MEDIOR ITALIA s.r.l,Pointe-Noire,"Industrie, Production & Maintenance",CDI,,,,"Soudeur Certifié Secteur : Industrie, Production & Maintenance."
JOB250000990,Operateur Western Union,MEGA SERVICES,Brazzaville,"Finance, Banque, Assurance, Comptabilité & Fiscalité",Contrat d'apprentissage,,,comptabilité; fiscalité,"Operateur Western Union Secteur : Finance, Banque, Assurance, Comptabilité & Fiscalité."
JOB250002687,Cuisinier,MIKHAEL'S HOTEL & RESIDENCE,Brazzaville,Hôtellerie - Restauration,CDD,,,,Cuisinier  Secteur : Hôtellerie - Restauration.
JOB250002690,SERVEUR,MIKHAEL'S HOTEL & RESIDENCE,Brazzaville,Hôtellerie - Restauration,CDD,,,,SERVEUR  Secteur : Hôtellerie - Restauration.
JOB250002696,EQUIPIER,MIKHAEL'S HOTEL & RESIDENCE,Brazzaville,Hôtellerie - Restauration,CDD,,,,EQUIPIER Secteur : Hôtellerie - Restauration.
JOB250002698,CAISSIER,MIKHAEL'S HOTEL & RESIDENCE,Brazzaville,"Finance, Banque, Assurance, Comptabilité & Fiscalité",CDD,,,comptabilité; fiscalité,"CAISSIER Secteur : Finance, Banque, Assurance, Comptabilité & Fiscalité."
JOB250001218,Agent commercial,MILLENNIUM MOTORS,Pointe-Noire,"Commerce, Vente, Marketing & Distribution",CDD,,,vente,"Agent commercial Secteur : Commerce, Vente, Marketing & Distribution."
JOB250002562,SECRETAIRE,MIRAGE SARL,Pointe-Noire,"Conseil, Stratégie & Gestion des Ressources Humaines",CDD,,,gestion des ressources humaines,"SECRETAIRE  Secteur : Conseil, Stratégie & Gestion des Ressources Humaines."
JOB250001417,spécialiste recrutement et intégration,MOBILE MONEY CONGO S.A (MOMO),Brazzaville,"Finance, Banque, Assurance, Comptabilité & Fiscalité",CDD,,,comptabilité; fiscalité,"spécialiste recrutement et intégration Secteur : Finance, Banque, Assurance, Comptabilité & Fiscalité."
JOB250002081,MANAGER COMPLIANCE & AML,MOBILE MONEY CONGO S.A (MOMO),Brazzaville,"Finance, Banque, Assurance, Comptabilité & Fiscalité",CDD,,,comptabilité; fiscalité,"MANAGER COMPLIANCE & AML Secteur : Finance, Banque, Assurance, Comptabilité & Fiscalité."
JOB250002555,Spécialiste Trésorerie,MOBILE MONEY CONGO S.A (MOMO),Brazzaville,"Finance, Banque, Assurance, Comptabilité & Fiscalité",CDD,,,comptabilité; fiscalité,"Spécialiste Trésorerie Secteur : Finance, Banque, Assurance, Comptabilité & Fiscalité."
JOB250002697,SPECIALISTE JURIDIQUE,MOBILE MONEY CONGO S.A (MOMO),Brazzaville,"Informatique, Data, Télécommunications & Digital",CDI,,,,"SPECIALISTE JURIDIQUE Secteur : Informatique, Data, Télécommunications & Digital."
JOB250001268,Responsable Monitoring & Certification,MOKABI SAU,Brazzaville,"Finance, Banque, Assurance, Comptabilité & Fiscalité",CDD,,,comptabilité; fiscalité,"Responsable Monitoring & Certification  Secteur : Finance, Banque, Assurance, Comptabilité & Fiscalité."
JOB250001495,Ecogarde :,MOKABI SAU,Brazzaville,Exploitation Forestière & Bois,CDD,,,,Ecogarde :  Secteur : Exploitation Forestière & Bois.
JOB250001529,ASSISTANT SOCIAL,MOKABI SAU,Brazzaville,Exploitation Forestière & Bois,CDD,,,,ASSISTANT SOCIAL  Secteur : Exploitation Forestière & Bois.
JOB250001878,Chargé logistique,MOKABI SAU,Brazzaville,"Transport, Logistique & Supply Chain",CDD,,,supply chain,"Chargé logistique  Secteur : Transport, Logistique & Supply Chain."
JOB250002062,COMPTABLE SENIOR,MOKABI SAU,Brazzaville,Exploitation Forestière & Bois,CDD,,,,COMPTABLE SENIOR  Secteur : Exploitation Forestière & Bois.
JOB250002257,OPERATEUR DE SAISIE-ORDONNANCEMENT,MOKABI SAU,Brazzaville,Exploitation Forestière & Bois,CDD,,,,OPERATEUR DE SAISIE-ORDONNANCEMENT Secteur : Exploitation Forestière & Bois.
JOB250002258,OPERATEUR DE SAISIECARTOGRAPHIE,MOKABI SAU,Brazzaville,"Bâtiment, Travaux Publics & Aménagement du Territoire",CDD,,,,"OPERATEUR DE SAISIECARTOGRAPHIE  Secteur : Bâtiment, Travaux Publics & Aménagement du Territoire."
JOB250002259,VENDEUR EN PHARMACIE,MOKABI SAU,Brazzaville,"Santé, Pharmacie & Recherche Scientifique",CDD,,,pharmacie,"VENDEUR EN PHARMACIE  Secteur : Santé, Pharmacie & Recherche Scientifique."
JOB250002260,Infirmier diplômé d'état,MOKABI SAU,Brazzaville,"Santé, Pharmacie & Recherche Scientifique",CDD,,,pharmacie,"Infirmier diplômé d'état Secteur : Santé, Pharmacie & Recherche Scientifique."
JOB250002263,POMPISTE,MOKABI SAU,Brazzaville,"Transport, Logistique & Supply Chain",CDD,,,supply chain,"POMPISTE  Secteur : Transport, Logistique & Supply Chain."
JOB250002264,ASSISTANT SOCIAL,MOKABI SAU,Brazzaville,ONG & Social,CDD,,,,ASSISTANT SOCIAL  Secteur : ONG & Social.
JOB250002333,LABORANTIN,MOKABI SAU,Brazzaville,Exploitation Forestière & Bois,CDD,,,,LABORANTIN  Secteur : Exploitation Forestière & Bois.
JOB250002375,ADJOINT CHEF DE SERVICE SCIERIE,MOKABI SAU,Brazzaville,Exploitation Forestière & Bois,CDD,,,,ADJOINT CHEF DE SERVICE SCIERIE  Secteur : Exploitation Forestière & Bois.
JOB250002376,Responsable Logistique,MOKABI SAU,Brazzaville,"Transport, Logistique & Supply Chain",CDD,,,supply chain,"Responsable Logistique Secteur : Transport, Logistique & Supply Chain."
JOB250002377,RESPONSABLE DE GESTION DES PROCEDURES,MOKABI SAU,Brazzaville,"Conseil, Stratégie & Gestion des Ressources Humaines",CDD,,,gestion des ressources humaines,"RESPONSABLE DE GESTION DES PROCEDURES  Secteur : Conseil, Stratégie & Gestion des Ressources Humaines."
JOB250002378,Assistant Ressources Humaines,MOKABI SAU,Brazzaville,"Conseil, Stratégie & Gestion des Ressources Humaines",CDD,,,gestion des ressources humaines,"Assistant Ressources Humaines Secteur : Conseil, Stratégie & Gestion des Ressources Humaines."
JOB250002379,AGENT ADMINISTRATIF ET CAISSE,MOKABI SAU,Brazzaville,"Finance, Banque, Assurance, Comptabilité & Fiscalité",CDD,,,caisse; comptabilité; fiscalité,"AGENT ADMINISTRATIF ET CAISSE  Secteur : Finance, Banque, Assurance, Comptabilité & Fiscalité."
JOB250002609,Directeur des Opérations,MOKABI SAU,Impfondo,ONG & Social,CDD,,,,Directeur des Opérations Secteur : ONG & Social.
JOB250002619,Responsable Relation Employés,MOKABI SAU,Impfondo,"Conseil, Stratégie & Gestion des Ressources Humaines",CDD,,,gestion des ressources humaines,"Responsable Relation Employés Secteur : Conseil, Stratégie & Gestion des Ressources Humaines."
JOB250002707,Conducteur de Pelle Hydraulique,MOKABI SAU,Brazzaville,"Pétrole, Gaz & Hydrocarbures",CDD,,,,"Conducteur de Pelle Hydraulique Secteur : Pétrole, Gaz & Hydrocarbures."
JOB250002711,MECANICIEN POIDS LOURD,MOKABI SAU,Brazzaville,Exploitation Forestière & Bois,CDD,,,,MECANICIEN POIDS LOURD Secteur : Exploitation Forestière & Bois.
JOB250002803,Assistant voyage et déplacement,MOKABI SAU,Impfondo,Exploitation Forestière & Bois,CDD,,,,Assistant voyage et déplacement Secteur : Exploitation Forestière & Bois.
JOB250000903,ASSISTANT ADMINISTRATIF,MOONLIGHT VISION,Pointe-Noire,"Conseil, Stratégie & Gestion des Ressources Humaines",Contrat de professionnalisation,,,gestion des ressources humaines,"ASSISTANT ADMINISTRATIF Secteur : Conseil, Stratégie & Gestion des Ressources Humaines."
JOB250001844,Chauffeur poids lourds semi remorque,MOONLIGHT VISION,Pointe-Noire,"Transport, Logistique & Supply Chain",CDD,,,supply chain,"Chauffeur poids lourds semi remorque Secteur : Transport, Logistique & Supply Chain."
JOB250001845,Conducteur d'Engin,MOONLIGHT VISION,Pointe-Noire,"Transport, Logistique & Supply Chain",CDD,,,supply chain,"Conducteur d'Engin Secteur : Transport, Logistique & Supply Chain."
JOB250002073,Conducteur de grue à tubes,MOONLIGHT VISION,Pointe-Noire,"Transport, Logistique & Supply Chain",CDD,,,supply chain,"Conducteur de grue à tubes Secteur : Transport, Logistique & Supply Chain."
JOB250002074,Chauffeur poids lourds semi remorque,MOONLIGHT VISION,Pointe-Noire,"Commerce, Vente, Marketing & Distribution",CDD,,,vente,"Chauffeur poids lourds semi remorque Secteur : Commerce, Vente, Marketing & Distribution."
JOB250002193,Soudeur,MOONLIGHT VISION,Pointe-Noire,"Bâtiment, Travaux Publics & Aménagement du Territoire",CDD,,,,"Soudeur Secteur : Bâtiment, Travaux Publics & Aménagement du Territoire."
JOB250002302,Aide Opérateur,MOONLIGHT VISION,Pointe-Noire,"Pétrole, Gaz & Hydrocarbures",CDD,,,,"Aide Opérateur  Secteur : Pétrole, Gaz & Hydrocarbures."
STG250001842,Aide employé de bureau Administratif,MOONLIGHT VISION,Mayoko,"Conseil, Stratégie & Gestion des Ressources Humaines",Stage en alternance,,,gestion des ressources humaines,"Aide employé de bureau Administratif Secteur : Conseil, Stratégie & Gestion des Ressources Humaines."
JOB250002424,Conducteur d'Engin,MOONLIGHT VISION,Pointe-Noire,"Commerce, Vente, Marketing & Distribution",CDD,,,vente,"Conducteur d'Engin Secteur : Commerce, Vente, Marketing & Distribution."
JOB250002425,MAGASINIER,MOONLIGHT VISION,Pointe-Noire,"Transport, Logistique & Supply Chain",CDD,,,supply chain,"MAGASINIER  Secteur : Transport, Logistique & Supply Chain."
JOB250002678,Conducteur d'Engin,MOONLIGHT VISION,Pointe-Noire,"Commerce, Vente, Marketing & Distribution",CDD,,,vente,"Conducteur d'Engin Secteur : Commerce, Vente, Marketing & Distribution."
NONREF000039,Assistante comptable,MSA,Pointe-Noire,"Conseil, Stratégie & Gestion des Ressources Humaines",CDD,,,gestion des ressources humaines,"Assistante comptable Secteur : Conseil, Stratégie & Gestion des Ressources Humaines."
JOB250001009,COMMERCIAL,MTN CONGO,Brazzaville,"Communication, Médias & Événementiel",CDI,,,,"COMMERCIAL  Secteur : Communication, Médias & Événementiel."
JOB250002127,COORDINATEUR ITINERAIRE ET INTERCONNEXION,MTN CONGO,Brazzaville,"Informatique, Data, Télécommunications & Digital",CDD,,,,"COORDINATEUR ITINERAIRE ET INTERCONNEXION Secteur : Informatique, Data, Télécommunications & Digital."
JOB250002363,DIRECTEUR COMMERCIAL (VENTE & DISTRIBUTION),MTN CONGO,Brazzaville,"Commerce, Vente, Marketing & Distribution",CDD,,,vente,"DIRECTEUR COMMERCIAL (VENTE & DISTRIBUTION)  Secteur : Commerce, Vente, Marketing & Distribution."
JOB250002520,Coordinateur large Entreprise,MTN CONGO,Brazzaville,"Communication, Médias & Événementiel",CDD,,,,"Coordinateur large Entreprise Secteur : Communication, Médias & Événementiel."
JOB250002521,MANAGER BRAND & ADVERTISING,MTN CONGO,Brazzaville,"Informatique, Data, Télécommunications & Digital",CDD,,,,"MANAGER BRAND & ADVERTISING Secteur : Informatique, Data, Télécommunications & Digital."
JOB250002554,Responsable communication et marketing,MTN CONGO,Brazzaville,"Informatique, Data, Télécommunications & Digital",CDD,,,,"Responsable communication et marketing Secteur : Informatique, Data, Télécommunications & Digital."
JOB250000940,Chef d'Agence,NBY IMMOBILIER CONSEILS,Brazzaville,Immobilier,CDD,,,,Chef d'Agence  Secteur : Immobilier.
JOB250001576,OFFICE MANAGER,Néa Imboulou,Brazzaville,"Énergie, Environnement & Eau",CDD,,,,"OFFICE MANAGER Secteur : Énergie, Environnement & Eau."
JOB250002487,Assistant Comptable et Financière,NEEDLEWORK AND BUSINESS CORPORATION,Pointe-Noire,"Finance, Banque, Assurance, Comptabilité & Fiscalité",CDI,,,comptabilité; fiscalité,"Assistant Comptable et Financière Secteur : Finance, Banque, Assurance, Comptabilité & Fiscalité."
JOB250002832,Chargé d'Affaires,NEEDLEWORK AND BUSINESS CORPORATION,Pointe-Noire,"Bâtiment, Travaux Publics & Aménagement du Territoire",CDI,,,,"Chargé d'Affaires Secteur : Bâtiment, Travaux Publics & Aménagement du Territoire."
JOB250000893,INFIRMIER D'ETAT GENERALISTE BILINGUE,NETCO CONGO,Pointe-Noire,"Santé, Pharmacie & Recherche Scientifique",CDI,,,pharmacie,"INFIRMIER D'ETAT GENERALISTE BILINGUE  Secteur : Santé, Pharmacie & Recherche Scientifique."
JOB250001631,COMMERCIAL SENIOR,NMJ  ALLOWANCE,Pointe-Noire,"Conseil, Stratégie & Gestion des Ressources Humaines",CDD,,,gestion des ressources humaines,"COMMERCIAL SENIOR Secteur : Conseil, Stratégie & Gestion des Ressources Humaines."
NONREF000106,Assistant RAF,NOE PARC NATIONAL,Pointe-Noire,"Tourisme, Loisirs & Voyages",CDD,,,,"Assistant RAF Secteur : Tourisme, Loisirs & Voyages."
NONREF000205,Resp du départelent dpt cnautaire,NOE PARC NATIONAL,Pointe-Noire,"Tourisme, Loisirs & Voyages",CDD,,,,"Resp du départelent dpt cnautaire Secteur : Tourisme, Loisirs & Voyages."
NONREF000217,Responsable P M Logistique,NOE PARC NATIONAL,Pointe-Noire,"Tourisme, Loisirs & Voyages",CDD,,,,"Responsable P M Logistique Secteur : Tourisme, Loisirs & Voyages."
JOB250001940,Country manager,NOKI NOKI SERVICES SARL,Brazzaville,"Commerce, Vente, Marketing & Distribution",CDD,,,vente,"Country manager Secteur : Commerce, Vente, Marketing & Distribution."
JOB250001942,Directeur des Opérations,NOKI NOKI SERVICES SARL,Brazzaville,"Commerce, Vente, Marketing & Distribution",CDD,,,vente,"Directeur des Opérations Secteur : Commerce, Vente, Marketing & Distribution."
JOB250001949,Responsable Logistique,NOKI NOKI SERVICES SARL,Brazzaville,"Transport, Logistique & Supply Chain",CDD,,,supply chain,"Responsable Logistique Secteur : Transport, Logistique & Supply Chain."
JOB250002029,Agent Call Center (Compte client),NOKI NOKI SERVICES SARL,Pointe-Noire,"Transport, Logistique & Supply Chain",CDD,,,supply chain,"Agent Call Center (Compte client)  Secteur : Transport, Logistique & Supply Chain."
JOB250002030,Agent Call Center ( Particulier),NOKI NOKI SERVICES SARL,Pointe-Noire,"Transport, Logistique & Supply Chain",CDD,,,supply chain,"Agent Call Center ( Particulier)  Secteur : Transport, Logistique & Supply Chain."
JOB250002031,Assistant Logistique Support,NOKI NOKI SERVICES SARL,Pointe-Noire,"Transport, Logistique & Supply Chain",CDD,,,supply chain,"Assistant Logistique Support  Secteur : Transport, Logistique & Supply Chain."
JOB250002045,Assistant Logistique ( Stockage),NOKI NOKI SERVICES SARL,Pointe-Noire,"Transport, Logistique & Supply Chain",CDD,,,supply chain,"Assistant Logistique ( Stockage) Secteur : Transport, Logistique & Supply Chain."
JOB250002048,CAISSIER,NOKI NOKI SERVICES SARL,Pointe-Noire,"Transport, Logistique & Supply Chain",CDD,,,supply chain,"CAISSIER Secteur : Transport, Logistique & Supply Chain."
JOB250002051,ChargéE-Commerce,NOKI NOKI SERVICES SARL,Pointe-Noire,"Transport, Logistique & Supply Chain",CDD,,,supply chain,"ChargéE-Commerce Secteur : Transport, Logistique & Supply Chain."
JOB250002191,RESPONSABLECONTROLE DE GESTION,NSIA ASSURANCES,Brazzaville,"Finance, Banque, Assurance, Comptabilité & Fiscalité",CDD,,,comptabilité; fiscalité,"RESPONSABLECONTROLE DE GESTION  Secteur : Finance, Banque, Assurance, Comptabilité & Fiscalité."
JOB250002192,PRODUCTEUR,NSIA ASSURANCES,Brazzaville,"Finance, Banque, Assurance, Comptabilité & Fiscalité",CDD,,,comptabilité; fiscalité,"PRODUCTEUR Secteur : Finance, Banque, Assurance, Comptabilité & Fiscalité."
JOB250002194,RESPONSABLE TECHNIQUE,NSIA ASSURANCES,Brazzaville,"Finance, Banque, Assurance, Comptabilité & Fiscalité",CDD,,,comptabilité; fiscalité,"RESPONSABLE TECHNIQUE Secteur : Finance, Banque, Assurance, Comptabilité & Fiscalité."
JOB250002565,Commercial B2B- Plateforme de Fidélité,NYOTA,Pointe-Noire,"Commerce, Vente, Marketing & Distribution",CDI,,,vente,"Commercial B2B- Plateforme de Fidélité Secteur : Commerce, Vente, Marketing & Distribution."
JOB250002320,ASSISTANT COMPTABLE,OCEAN CREWING CONGO,Pointe-Noire,"Finance, Banque, Assurance, Comptabilité & Fiscalité",CDD,,,comptabilité; fiscalité,"ASSISTANT COMPTABLE Secteur : Finance, Banque, Assurance, Comptabilité & Fiscalité."
JOB250001269,Chauffeur,OCEAN DU NORD,Brazzaville,"Commerce, Vente, Marketing & Distribution",CDD,,,vente,"Chauffeur  Secteur : Commerce, Vente, Marketing & Distribution."
JOB250001182,DIRECTEUR TECHNIQUE ADJOINTE,OLEA CONGO,Pointe-Noire,"Finance, Banque, Assurance, Comptabilité & Fiscalité",CDD,,,comptabilité; fiscalité,"DIRECTEUR TECHNIQUE ADJOINTE Secteur : Finance, Banque, Assurance, Comptabilité & Fiscalité."
JOB250000880,Coordonnateur Filières Vertes et conflits Homme Faune,ONG NOE,Kouilou,"Énergie, Environnement & Eau",CDD,,,,"Coordonnateur Filières Vertes et conflits Homme Faune Secteur : Énergie, Environnement & Eau."
JOB250001629,ASSISTANT ACHATS ET LOGISTIQUE,ONG NOE,Kouilou,"Conseil, Stratégie & Gestion des Ressources Humaines",CDD,,,gestion des ressources humaines,"ASSISTANT ACHATS ET LOGISTIQUE Secteur : Conseil, Stratégie & Gestion des Ressources Humaines."
JOB250001925,Agent d'entretien,ONG NOE,Pointe-Noire,Nettoyage & Blanchisserie,CDD,,,,Agent d'entretien  Secteur : Nettoyage & Blanchisserie.
JOB250002745,Technicien Filières Vertes,ONG NOE,Pointe-Noire,"Énergie, Environnement & Eau",CDD,,,,"Technicien Filières Vertes Secteur : Énergie, Environnement & Eau."
NONREF000033,Assistant technique,PARC NATIONAL,Pointe-Noire,"Tourisme, Loisirs & Voyages",CDD,,,,"Assistant technique Secteur : Tourisme, Loisirs & Voyages."
NONREF000164,Logisticienne,PARC NATIONAL,Pointe-Noire,"Tourisme, Loisirs & Voyages",CDD,,,,"Logisticienne Secteur : Tourisme, Loisirs & Voyages."
JOB250001656,Business Development Manager,PARLYM INTERNATIONAL CONGO SAU,Pointe-Noire,"Conseil, Stratégie & Gestion des Ressources Humaines",CDI,,,gestion des ressources humaines,"Business Development Manager Secteur : Conseil, Stratégie & Gestion des Ressources Humaines."
JOB250001658,Assistant QC Peinture,PARLYM INTERNATIONAL CONGO SAU,Pointe-Noire,"Bâtiment, Travaux Publics & Aménagement du Territoire",CDD,,,,"Assistant QC Peinture Secteur : Bâtiment, Travaux Publics & Aménagement du Territoire."
JOB250001659,Responsable Administratif et Financier,PARLYM INTERNATIONAL CONGO SAU,Pointe-Noire,"Conseil, Stratégie & Gestion des Ressources Humaines",CDI,,,gestion des ressources humaines,"Responsable Administratif et Financier Secteur : Conseil, Stratégie & Gestion des Ressources Humaines."
JOB250002197,CSO-Country Security Officer ( Responsable Sureté),PARLYM INTERNATIONAL CONGO SAU,Pointe-Noire,"Sécurité, Sûreté & Défense",CDD,,,,"CSO-Country Security Officer ( Responsable Sureté) Secteur : Sécurité, Sûreté & Défense."
JOB250002353,Chef de Projet Marine,PARLYM INTERNATIONAL CONGO SAU,Pointe-Noire,"Pétrole, Gaz & Hydrocarbures",CDD,,,,"Chef de Projet Marine Secteur : Pétrole, Gaz & Hydrocarbures."
JOB250002354,Assistant Technique Marine,PARLYM INTERNATIONAL CONGO SAU,Pointe-Noire,"Pétrole, Gaz & Hydrocarbures",CDD,,,,"Assistant Technique Marine Secteur : Pétrole, Gaz & Hydrocarbures."
JOB250000994,DIRECTEUR ADMINISTRATIF ET FINANCIER,PETROCONGO,Pointe-Noire,"Conseil, Stratégie & Gestion des Ressources Humaines",CDI,,,gestion des ressources humaines,"DIRECTEUR ADMINISTRATIF ET FINANCIER Secteur : Conseil, Stratégie & Gestion des Ressources Humaines."
JOB250000995,Réceptionniste,PETROCONGO,Pointe-Noire,"Conseil, Stratégie & Gestion des Ressources Humaines",CDI,,,gestion des ressources humaines,"Réceptionniste  Secteur : Conseil, Stratégie & Gestion des Ressources Humaines."
JOB250000996,Assistant de Direction,PETROCONGO,Pointe-Noire,"Conseil, Stratégie & Gestion des Ressources Humaines",CDI,,,gestion des ressources humaines,"Assistant de Direction Secteur : Conseil, Stratégie & Gestion des Ressources Humaines."
JOB250000997,INGENIEUR GEOLOGUE,PETROCONGO,Pointe-Noire,"Pétrole, Gaz & Hydrocarbures",CDI,,,,"INGENIEUR GEOLOGUE Secteur : Pétrole, Gaz & Hydrocarbures."
JOB250000998,Chef comptable,PETROCONGO,Pointe-Noire,"Finance, Banque, Assurance, Comptabilité & Fiscalité",CDI,,,comptabilité; fiscalité,"Chef comptable Secteur : Finance, Banque, Assurance, Comptabilité & Fiscalité."
JOB250000999,Assistant Ressources Humaines,PETROCONGO,Pointe-Noire,"Conseil, Stratégie & Gestion des Ressources Humaines",CDI,,,gestion des ressources humaines,"Assistant Ressources Humaines Secteur : Conseil, Stratégie & Gestion des Ressources Humaines."
JOB250001000,Chauffeur,PETROCONGO,Pointe-Noire,"Transport, Logistique & Supply Chain",CDI,,,supply chain,"Chauffeur  Secteur : Transport, Logistique & Supply Chain."
JOB250001001,INGENIEUR INFORMATICIEN,PETROCONGO,Pointe-Noire,"Informatique, Data, Télécommunications & Digital",CDI,,,,"INGENIEUR INFORMATICIEN Secteur : Informatique, Data, Télécommunications & Digital."
JOB250001438,RESPONSABLE MARKETING ET COMMERCIAL,PETROPIPE CONGO,Pointe-Noire,"Commerce, Vente, Marketing & Distribution",CDD,,,vente,"RESPONSABLE MARKETING ET COMMERCIAL Secteur : Commerce, Vente, Marketing & Distribution."
JOB250002151,VENDEUR EN PHARMACIE,Pharmacie Banque de Vie,Pointe-Noire,"Santé, Pharmacie & Recherche Scientifique",CDD,,,pharmacie,"VENDEUR EN PHARMACIE  Secteur : Santé, Pharmacie & Recherche Scientifique."
NONREF000035,Assistante,PHARMACIE CROIX DU SUD,Pointe-Noire,"Santé, Pharmacie & Recherche Scientifique",CDD,,,pharmacie,"Assistante Secteur : Santé, Pharmacie & Recherche Scientifique."
NONREF000053,Auxiliaires en pharmacie,PHARMACIE CROIX DU SUD,Pointe-Noire,"Santé, Pharmacie & Recherche Scientifique",CDD,,,pharmacie,"Auxiliaires en pharmacie Secteur : Santé, Pharmacie & Recherche Scientifique."
JOB250002020,Auxiliaire en Pharmacie,Pharmacie Croix du Sud,Pointe-Noire,"Santé, Pharmacie & Recherche Scientifique",CDD,,,pharmacie,"Auxiliaire en Pharmacie Secteur : Santé, Pharmacie & Recherche Scientifique."
JOB250002473,Auxiliaire en Pharmacie,Pharmacie Croix du Sud,Pointe-Noire,"Santé, Pharmacie & Recherche Scientifique",CDD,,,pharmacie,"Auxiliaire en Pharmacie Secteur : Santé, Pharmacie & Recherche Scientifique."
JOB250001113,Preparateur en pharmacie,Pharmacie DAFFE,Brazzaville,"Santé, Pharmacie & Recherche Scientifique",CDD,,,pharmacie,"Preparateur en pharmacie  Secteur : Santé, Pharmacie & Recherche Scientifique."
JOB250001120,Vendeur en Pharmacie,Pharmacie DAFFE,Brazzaville,"Santé, Pharmacie & Recherche Scientifique",CDD,,,pharmacie,"Vendeur en Pharmacie  Secteur : Santé, Pharmacie & Recherche Scientifique."
JOB250001012,Vendeur en Pharmacie,pharmacie Galien,Brazzaville,"Santé, Pharmacie & Recherche Scientifique",CDI,,,pharmacie,"Vendeur en Pharmacie  Secteur : Santé, Pharmacie & Recherche Scientifique."
JOB250002510,TRADUCTEUR-COORDINATEUR,PIPELINE DU CONGO,Brazzaville,"Bâtiment, Travaux Publics & Aménagement du Territoire",CDD,,,,"TRADUCTEUR-COORDINATEUR Secteur : Bâtiment, Travaux Publics & Aménagement du Territoire."
JOB250002512,Directeur des Opérations,PIPELINE DU CONGO,Brazzaville,ONG & Social,CDI,,,,Directeur des Opérations Secteur : ONG & Social.
JOB250002513,CONSEILLER DU DIRECTEUR GENERAL,PIPELINE DU CONGO,Brazzaville,"Bâtiment, Travaux Publics & Aménagement du Territoire",CDI,,,,"CONSEILLER DU DIRECTEUR GENERAL Secteur : Bâtiment, Travaux Publics & Aménagement du Territoire."
JOB250002517,Directeur des Opérations,PIPELINE DU CONGO,Brazzaville,ONG & Social,CDI,,,,Directeur des Opérations Secteur : ONG & Social.
JOB250002518,CONSEILLER DU DIRECTEUR GENERAL,PIPELINE DU CONGO,Brazzaville,"Bâtiment, Travaux Publics & Aménagement du Territoire",CDI,,,,"CONSEILLER DU DIRECTEUR GENERAL Secteur : Bâtiment, Travaux Publics & Aménagement du Territoire."
JOB250002519,TRADUCTEUR-COORDINATEUR,PIPELINE DU CONGO,Brazzaville,"Bâtiment, Travaux Publics & Aménagement du Territoire",CDI,,,,"TRADUCTEUR-COORDINATEUR Secteur : Bâtiment, Travaux Publics & Aménagement du Territoire."
JOB250000895,Directeur Général,PLATEFORMES INDUSTRIELLES DU CONGO PIC,Pointe-Noire,"Industrie, Production & Maintenance",CDD,,,,"Directeur Général Secteur : Industrie, Production & Maintenance."
JOB250000896,RESPONSABLE DE L'ENVIRONNEMENT DU SOCIAL ET DE LA GOUVERNANCE,PLATEFORMES INDUSTRIELLES DU CONGO PIC,Pointe-Noire,"Industrie, Production & Maintenance",CDD,,,,"RESPONSABLE DE L'ENVIRONNEMENT DU SOCIAL ET DE LA GOUVERNANCE Secteur : Industrie, Production & Maintenance."
JOB250001695,Superviseur Projet,PLATEFORMES INDUSTRIELLES DU CONGO PIC,Pointe-Noire,"Commerce, Vente, Marketing & Distribution",CDD,,,vente,"Superviseur Projet Secteur : Commerce, Vente, Marketing & Distribution."
JOB250001711,RESPONSABLE FINANCIER,PLATEFORMES INDUSTRIELLES DU CONGO PIC,Pointe-Noire,"Finance, Banque, Assurance, Comptabilité & Fiscalité",CDD,,,comptabilité; fiscalité,"RESPONSABLE FINANCIER Secteur : Finance, Banque, Assurance, Comptabilité & Fiscalité."
JOB250001772,RESPONSABLE FINANCIER,PLATEFORMES INDUSTRIELLES DU CONGO PIC,Kouilou,"Industrie, Production & Maintenance",CDD,,,,"RESPONSABLE FINANCIER Secteur : Industrie, Production & Maintenance."
JOB250002511,Assistant Corporate,PLATEFORMES INDUSTRIELLES DU CONGO PIC,Brazzaville,"Commerce, Vente, Marketing & Distribution",CDD,,,vente,"Assistant Corporate Secteur : Commerce, Vente, Marketing & Distribution."
JOB250002514,Assistant Ressources Humaines,PLATEFORMES INDUSTRIELLES DU CONGO PIC,Loango,"Conseil, Stratégie & Gestion des Ressources Humaines",CDD,,,gestion des ressources humaines,"Assistant Ressources Humaines Secteur : Conseil, Stratégie & Gestion des Ressources Humaines."
JOB250002525,Architecte,PLATEFORMES INDUSTRIELLES DU CONGO PIC,Pointe-Noire,"Informatique, Data, Télécommunications & Digital",CDD,,,,"Architecte Secteur : Informatique, Data, Télécommunications & Digital."
JOB250000872,SUPERVISEUR YARD,PLP (PROSPER LESTER & PARTNERS ),Pointe-Noire,"Finance, Banque, Assurance, Comptabilité & Fiscalité",CDD,,,comptabilité; fiscalité,"SUPERVISEUR YARD Secteur : Finance, Banque, Assurance, Comptabilité & Fiscalité."
JOB250000875,AGENT ADMINISTRATIF,PLP (PROSPER LESTER & PARTNERS ),Pointe-Noire,"Conseil, Stratégie & Gestion des Ressources Humaines",CDD,,,gestion des ressources humaines,"AGENT ADMINISTRATIF Secteur : Conseil, Stratégie & Gestion des Ressources Humaines."
JOB250001530,COMPTABLE FISCALISTE,PLP (PROSPER LESTER & PARTNERS ),Pointe-Noire,"Finance, Banque, Assurance, Comptabilité & Fiscalité",CDI,,,comptabilité; fiscalité,"COMPTABLE FISCALISTE Secteur : Finance, Banque, Assurance, Comptabilité & Fiscalité."
JOB250002103,Consultant Juridique et Fiscal,PLP (PROSPER LESTER & PARTNERS ),Pointe-Noire,"Finance, Banque, Assurance, Comptabilité & Fiscalité",CDI,,,comptabilité; fiscalité,"Consultant Juridique et Fiscal Secteur : Finance, Banque, Assurance, Comptabilité & Fiscalité."
JOB250002748,Consultant Juridique et Fiscal,PLP (PROSPER LESTER & PARTNERS ),Pointe-Noire,"Finance, Banque, Assurance, Comptabilité & Fiscalité",CDI,,,comptabilité; fiscalité,"Consultant Juridique et Fiscal Secteur : Finance, Banque, Assurance, Comptabilité & Fiscalité."
JOB250001571,TECHNICIEN DE LABORATOIRE BIOMEDICAL,POLYCLINIQUE PRODIGE,Brazzaville,"Santé, Pharmacie & Recherche Scientifique",CDD,,,pharmacie,"TECHNICIEN DE LABORATOIRE BIOMEDICAL Secteur : Santé, Pharmacie & Recherche Scientifique."
JOB250000881,Grutiers,PONTICELLI CONGO,Pointe-Noire,"Transport, Logistique & Supply Chain",CDD,,,supply chain,"Grutiers Secteur : Transport, Logistique & Supply Chain."
JOB250000882,OPERATEUR,PONTICELLI CONGO,Pointe-Noire,"Industrie, Production & Maintenance",CDD,,,,"OPERATEUR Secteur : Industrie, Production & Maintenance."
JOB250001018,RESPONSABLE DE RESOURCE HUMAINES,PONTICELLI CONGO,Pointe-Noire,"Industrie, Production & Maintenance",CDI,,,,"RESPONSABLE DE RESOURCE HUMAINES Secteur : Industrie, Production & Maintenance."
JOB250001381,Chargé d'Affaire,PONTICELLI CONGO,Pointe-Noire,"Industrie, Production & Maintenance",CDD,,,,"Chargé d'Affaire Secteur : Industrie, Production & Maintenance."
JOB250001538,SUPERVISEUR MGO,PONTICELLI CONGO,Pointe-Noire,"Industrie, Production & Maintenance",CDD,,,,"SUPERVISEUR MGO Secteur : Industrie, Production & Maintenance."
JOB250001539,SUPERVISEURSTRUCTURE,PONTICELLI CONGO,Pointe-Noire,"Industrie, Production & Maintenance",CDD,,,,"SUPERVISEURSTRUCTURE Secteur : Industrie, Production & Maintenance."
JOB250001540,SUPERVISEUR,PONTICELLI CONGO,Pointe-Noire,"Industrie, Production & Maintenance",CDD,,,,"SUPERVISEUR Secteur : Industrie, Production & Maintenance."
JOB250002682,Chef d'equipe,PONTICELLI CONGO,Pointe-Noire,"Industrie, Production & Maintenance",CDD,,,,"Chef d'equipe Secteur : Industrie, Production & Maintenance."
JOB250002140,Planificateur,POWERMAN,Pointe-Noire,"Bâtiment, Travaux Publics & Aménagement du Territoire",CDD,,,,"Planificateur Secteur : Bâtiment, Travaux Publics & Aménagement du Territoire."
JOB250002142,Conducteur de Travaux Génie Civil,POWERMAN,Pointe-Noire,"Bâtiment, Travaux Publics & Aménagement du Territoire",CDD,,,génie civil,"Conducteur de Travaux Génie Civil Secteur : Bâtiment, Travaux Publics & Aménagement du Territoire."
JOB250002143,Directeur de Site,POWERMAN,Pointe-Noire,"Bâtiment, Travaux Publics & Aménagement du Territoire",CDD,,,,"Directeur de Site Secteur : Bâtiment, Travaux Publics & Aménagement du Territoire."
JOB250002144,Responsable Logistique,POWERMAN,Pointe-Noire,"Transport, Logistique & Supply Chain",CDD,,,supply chain,"Responsable Logistique Secteur : Transport, Logistique & Supply Chain."
JOB250002146,ResponsableMécanique,POWERMAN,Pointe-Noire,"Industrie, Production & Maintenance",CDD,,,,"ResponsableMécanique Secteur : Industrie, Production & Maintenance."
JOB250002148,"ResponsableHSSE (Hygiène, Santé, Sécurité et Environnement)",POWERMAN,Pointe-Noire,"Assurance Qualité, Contrôle, Testing (QHSE)",CDD,,,qhse,"ResponsableHSSE (Hygiène, Santé, Sécurité et Environnement) Secteur : Assurance Qualité, Contrôle, Testing (QHSE)."
JOB250002312,LOGISTICIEN,PRESTIGE CONCEPT,Brazzaville,"Informatique, Data, Télécommunications & Digital",CDD,,,,"LOGISTICIEN Secteur : Informatique, Data, Télécommunications & Digital."
JOB250001323,Directeur Général,PREZIOSO CONGO,Pointe-Noire,"Industrie, Production & Maintenance",CDI,,,,"Directeur Général Secteur : Industrie, Production & Maintenance."
JOB250002246,PEINTRE INDUSTRIEL,PREZIOSO CONGO,Pointe-Noire,"Bâtiment, Travaux Publics & Aménagement du Territoire",CDD,,,,"PEINTRE INDUSTRIEL Secteur : Bâtiment, Travaux Publics & Aménagement du Territoire."
NONREF000105,Comptable transitaire,PRIMA MARKET CONGO,Pointe-Noire,Agriculture & Industrie Agroalimentaire,CDD,,,,Comptable transitaire Secteur : Agriculture & Industrie Agroalimentaire.
JOB250001239,Fiscaliste,PRIMA-MARKET CONGO,Brazzaville,"Finance, Banque, Assurance, Comptabilité & Fiscalité",CDD,,,comptabilité; fiscalité,"Fiscaliste Secteur : Finance, Banque, Assurance, Comptabilité & Fiscalité."
JOB250002804,COMPTABLE SPECIALISTE DES RAPPROCHEMENTS,PRIMA-MARKET CONGO,Brazzaville,Divers,CDD,,,,COMPTABLE SPECIALISTE DES RAPPROCHEMENTS Secteur : Divers .
JOB250002805,Assistant de Direction,PRIMA-MARKET CONGO,Brazzaville,"Conseil, Stratégie & Gestion des Ressources Humaines",CDD,,,gestion des ressources humaines,"Assistant de Direction Secteur : Conseil, Stratégie & Gestion des Ressources Humaines."
JOB250002806,Archiviste,PRIMA-MARKET CONGO,Brazzaville,"Pétrole, Gaz & Hydrocarbures",CDD,,,,"Archiviste Secteur : Pétrole, Gaz & Hydrocarbures."
JOB250001275,Directeur Général,PROGLASS,Brazzaville,"Commerce, Vente, Marketing & Distribution",CDD,,,vente,"Directeur Général Secteur : Commerce, Vente, Marketing & Distribution."
JOB250001298,SECRETAIRE DE DIRECTION,PROGLASS,Brazzaville,"Commerce, Vente, Marketing & Distribution",CDD,,,vente,"SECRETAIRE DE DIRECTION  Secteur : Commerce, Vente, Marketing & Distribution."
JOB250001299,COMPTABLE FISCALISTE,PROGLASS,Brazzaville,"Finance, Banque, Assurance, Comptabilité & Fiscalité",CDD,,,comptabilité; fiscalité,"COMPTABLE FISCALISTE Secteur : Finance, Banque, Assurance, Comptabilité & Fiscalité."
JOB250001375,VITRIER,PROGLASS,Brazzaville,"Commerce, Vente, Marketing & Distribution",CDD,,,vente,"VITRIER  Secteur : Commerce, Vente, Marketing & Distribution."
JOB250002665,Coordinateur Commissionning,PROJETS TECHNIQUES CONGO (PROTECO),Pointe-Noire,"Pétrole, Gaz & Hydrocarbures",CDD,,,,"Coordinateur Commissionning Secteur : Pétrole, Gaz & Hydrocarbures."
NONREF000112,Country manager,PROMAR,Pointe-Noire,"Industrie, Production & Maintenance",CDI,,,,"Country manager Secteur : Industrie, Production & Maintenance."
JOB250001297,COMPTABLE FISCALISTE,PROPHARMA,Brazzaville,"Finance, Banque, Assurance, Comptabilité & Fiscalité",CDD,,,comptabilité; fiscalité,"COMPTABLE FISCALISTE Secteur : Finance, Banque, Assurance, Comptabilité & Fiscalité."
JOB250001413,SECRETAIRE DE DIRECTION,PROPHARMA,Brazzaville,"Santé, Pharmacie & Recherche Scientifique",CDD,,,pharmacie,"SECRETAIRE DE DIRECTION  Secteur : Santé, Pharmacie & Recherche Scientifique."
JOB250001714,DELEGUE MEDICAL,PROPHARMA,Brazzaville,"Commerce, Vente, Marketing & Distribution",CDD,,,vente,"DELEGUE MEDICAL Secteur : Commerce, Vente, Marketing & Distribution."
JOB250002506,Chauffeur,PROPHARMA,Brazzaville,"Transport, Logistique & Supply Chain",CDD,,,supply chain,"Chauffeur  Secteur : Transport, Logistique & Supply Chain."
JOB250000987,Assistant déclarant en douane,PROSAAC,Pointe-Noire,"Transport, Logistique & Supply Chain",Contrat d'apprentissage,,,douane; supply chain,"Assistant déclarant en douane Secteur : Transport, Logistique & Supply Chain."
STG250000989,Assistant déclarant en douane,PROSAAC,Mayoko,"Transport, Logistique & Supply Chain",Stage professionnel,,,douane; supply chain,"Assistant déclarant en douane Secteur : Transport, Logistique & Supply Chain."
STG250000988,Assistante de direction,PROSAAC,Mayoko,"Conseil, Stratégie & Gestion des Ressources Humaines",Stage professionnel,,,gestion des ressources humaines,"Assistante de direction Secteur : Conseil, Stratégie & Gestion des Ressources Humaines."
STG250002322,Commercial,PROSAAC,Mayoko,"Commerce, Vente, Marketing & Distribution",Stage professionnel,,,vente,"Commercial Secteur : Commerce, Vente, Marketing & Distribution."
STG250002321,Assistante de Direction,PROSAAC,Pointe-Noire,"Conseil, Stratégie & Gestion des Ressources Humaines",Stage professionnel,,,gestion des ressources humaines,"Assistante de Direction Secteur : Conseil, Stratégie & Gestion des Ressources Humaines."
NONREF000029,Assistant du manager de projet,PROTECO DFC,Pointe-Noire,"Conseil, Stratégie & Gestion des Ressources Humaines",CDD,,,gestion des ressources humaines,"Assistant du manager de projet Secteur : Conseil, Stratégie & Gestion des Ressources Humaines."
JOB250000897,Directeur Commercial,Puma International Congo,Brazzaville,"Commerce, Vente, Marketing & Distribution",CDI,,,vente,"Directeur Commercial Secteur : Commerce, Vente, Marketing & Distribution."
JOB250000898,Représentant du service à la clientèle,Puma International Congo,Brazzaville,Gestion Administrative,CDI,,,gestion administrative,Représentant du service à la clientèle Secteur : Gestion Administrative.
JOB250000913,Tax Manager,Puma International Congo,Brazzaville,"Finance, Banque, Assurance, Comptabilité & Fiscalité",CDI,,,comptabilité; fiscalité,"Tax Manager Secteur : Finance, Banque, Assurance, Comptabilité & Fiscalité."
JOB250002646,SALES REPRESENTATIVE,Puma International Congo,Brazzaville,"Commerce, Vente, Marketing & Distribution",CDD,,,vente,"SALES REPRESENTATIVE Secteur : Commerce, Vente, Marketing & Distribution."
JOB250001122,Conseiller Relation clientèle Entreprise Senior -pour la Direction Trading,QUANTICO RH,Brazzaville,"Finance, Banque, Assurance, Comptabilité & Fiscalité",CDD,,,comptabilité; fiscalité,"Conseiller Relation clientèle Entreprise Senior -pour la Direction Trading Secteur : Finance, Banque, Assurance, Comptabilité & Fiscalité."
JOB250001123,Conseiller clientèle Particulier -pour la Direction Trading,QUANTICO RH,Brazzaville,"Finance, Banque, Assurance, Comptabilité & Fiscalité",CDD,,,comptabilité; fiscalité,"Conseiller clientèle Particulier -pour la Direction Trading Secteur : Finance, Banque, Assurance, Comptabilité & Fiscalité."
JOB250001135,Animateur Formateur -pour la Direction Trading,QUANTICO RH,Brazzaville,"Finance, Banque, Assurance, Comptabilité & Fiscalité",CDD,,,comptabilité; fiscalité,"Animateur Formateur -pour la Direction Trading Secteur : Finance, Banque, Assurance, Comptabilité & Fiscalité."
JOB250001736,Directeur Général,QUANTICO RH,Brazzaville,"Commerce, Vente, Marketing & Distribution",CDD,,,vente,"Directeur Général Secteur : Commerce, Vente, Marketing & Distribution."
JOB250001742,SUPERVISEUR DE L'EQUIPE DE NETTOYAGE,QUANTICO RH,Brazzaville,"Conseil, Stratégie & Gestion des Ressources Humaines",CDD,,,gestion des ressources humaines,"SUPERVISEUR DE L'EQUIPE DE NETTOYAGE Secteur : Conseil, Stratégie & Gestion des Ressources Humaines."
JOB250001743,SUPERVISEUR DE L'EQUIPE DE NETTOYAGE,QUANTICO RH,Brazzaville,"Conseil, Stratégie & Gestion des Ressources Humaines",CDD,,,gestion des ressources humaines,"SUPERVISEUR DE L'EQUIPE DE NETTOYAGE Secteur : Conseil, Stratégie & Gestion des Ressources Humaines."
JOB250001744,SUPERVISEUR DE L'EQUIPE DE NETTOYAGE,QUANTICO RH,Brazzaville,"Conseil, Stratégie & Gestion des Ressources Humaines",CDD,,,gestion des ressources humaines,"SUPERVISEUR DE L'EQUIPE DE NETTOYAGE Secteur : Conseil, Stratégie & Gestion des Ressources Humaines."
JOB250001746,SUPERVISEUR DE L'EQUIPE DE NETTOYAGE,QUANTICO RH,Brazzaville,"Conseil, Stratégie & Gestion des Ressources Humaines",CDD,,,gestion des ressources humaines,"SUPERVISEUR DE L'EQUIPE DE NETTOYAGE Secteur : Conseil, Stratégie & Gestion des Ressources Humaines."
JOB250001752,RESPONSABLE DELA SECURITE,QUANTICO RH,Brazzaville,"Conseil, Stratégie & Gestion des Ressources Humaines",CDD,,,gestion des ressources humaines,"RESPONSABLE DELA SECURITE  Secteur : Conseil, Stratégie & Gestion des Ressources Humaines."
JOB250001757,Directeur Général,QUANTICO RH,Brazzaville,"Informatique, Data, Télécommunications & Digital",CDD,,,,"Directeur Général Secteur : Informatique, Data, Télécommunications & Digital."
JOB250001976,DIRECTEUR DE LA FISCALITE,QUANTICO RH,Brazzaville,"Finance, Banque, Assurance, Comptabilité & Fiscalité",CDI,,,comptabilité; fiscalité,"DIRECTEUR DE LA FISCALITE Secteur : Finance, Banque, Assurance, Comptabilité & Fiscalité."
JOB250001977,DIRECTEUR GENERAL DE LA SOCIETE DE BOURSE,QUANTICO RH,Brazzaville,"Finance, Banque, Assurance, Comptabilité & Fiscalité",CDD,,,comptabilité; fiscalité,"DIRECTEUR GENERAL DE LA SOCIETE DE BOURSE Secteur : Finance, Banque, Assurance, Comptabilité & Fiscalité."
JOB250002693,Chef de service protocole et relations publiques,QUANTICO RH,Brazzaville,"Commerce, Vente, Marketing & Distribution",CDD,,,vente,"Chef de service protocole et relations publiques Secteur : Commerce, Vente, Marketing & Distribution."
JOB250002694,Chef de service fiscalité,QUANTICO RH,Brazzaville,"Finance, Banque, Assurance, Comptabilité & Fiscalité",CDI,,,comptabilité; fiscalité,"Chef de service fiscalité  Secteur : Finance, Banque, Assurance, Comptabilité & Fiscalité."
JOB250002695,CHEF DE SERVICE PROTOCOLE ET RELATIONS PUBLIQUES,QUANTICO RH,Brazzaville,"Finance, Banque, Assurance, Comptabilité & Fiscalité",CDI,,,comptabilité; fiscalité,"CHEF DE SERVICE PROTOCOLE ET RELATIONS PUBLIQUES Secteur : Finance, Banque, Assurance, Comptabilité & Fiscalité."
JOB250002751,Responsable de la formation,QUANTICO RH,Brazzaville,Hôtellerie - Restauration,CDD,,,,Responsable de la formation Secteur : Hôtellerie - Restauration.
NONREF000403,Agent d'opération à la clientèle,QUANTICO RH,Brazzaville,"Conseil, Stratégie & Gestion des Ressources Humaines",CDD,,,gestion des ressources humaines,"Agent d'opération à la clientèle Secteur : Conseil, Stratégie & Gestion des Ressources Humaines."
NONREF000406,Agent d'opération à la clientèle,QUANTICO RH,Brazzaville,"Conseil, Stratégie & Gestion des Ressources Humaines",CDD,,,gestion des ressources humaines,"Agent d'opération à la clientèle Secteur : Conseil, Stratégie & Gestion des Ressources Humaines."
JOB250001010,CAISSIER,RADISSON BLU,Brazzaville,"Finance, Banque, Assurance, Comptabilité & Fiscalité",CDD,,,comptabilité; fiscalité,"CAISSIER Secteur : Finance, Banque, Assurance, Comptabilité & Fiscalité."
JOB250001111,TECHNICIENS DE MAITRISE,RADISSON BLU,Brazzaville,"Informatique, Data, Télécommunications & Digital",CDD,,,,"TECHNICIENS DE MAITRISE Secteur : Informatique, Data, Télécommunications & Digital."
JOB250001170,COMMERCIAL DE TERRAIN D'INTERNET RESIDENTIEL,RADISSON BLU,Brazzaville,"Commerce, Vente, Marketing & Distribution",CDD,,,vente,"COMMERCIAL DE TERRAIN D'INTERNET RESIDENTIEL Secteur : Commerce, Vente, Marketing & Distribution."
JOB250001236,DIRECTEUR DES RESSOURCES HUMAINES,RADISSON BLU,Brazzaville,"Conseil, Stratégie & Gestion des Ressources Humaines",CDD,,,gestion des ressources humaines,"DIRECTEUR DES RESSOURCES HUMAINES Secteur : Conseil, Stratégie & Gestion des Ressources Humaines."
JOB250001333,Gouvernant Général,RADISSON BLU,Brazzaville,Hôtellerie - Restauration,CDD,,,,Gouvernant Général Secteur : Hôtellerie - Restauration.
JOB250001748,LE RADISSON M'BAMOU PALACE HOTEL RECRUTE:,RADISSON BLU,Brazzaville,"Commerce, Vente, Marketing & Distribution",CDD,,,vente,"LE RADISSON M'BAMOU PALACE HOTEL RECRUTE:  Secteur : Commerce, Vente, Marketing & Distribution."
JOB250002055,"ASSISTANT DE DIRECTION, CHARGE DE COMMUNICATION ET MARKETING",RADISSON BLU,Brazzaville,"Communication, Médias & Événementiel",CDD,,,,"ASSISTANT DE DIRECTION, CHARGE DE COMMUNICATION ET MARKETING  Secteur : Communication, Médias & Événementiel."
JOB250002063,CHARGE DE RELATION CLIENT,RADISSON BLU,Brazzaville,"Commerce, Vente, Marketing & Distribution",CDD,,,vente,"CHARGE DE RELATION CLIENT Secteur : Commerce, Vente, Marketing & Distribution."
JOB250002332,EXECUTIF CHEF,RADISSON BLU,Brazzaville,Hôtellerie - Restauration,CDD,,,,EXECUTIF CHEF  Secteur : Hôtellerie - Restauration.
JOB250002643,Chef comptable,RADISSON BLU,Brazzaville,"Finance, Banque, Assurance, Comptabilité & Fiscalité",CDD,,,comptabilité; fiscalité,"Chef comptable Secteur : Finance, Banque, Assurance, Comptabilité & Fiscalité."
JOB250001153,RESPONSABLE DE RESOURCE HUMAINES,Ragec,Brazzaville,"Conseil, Stratégie & Gestion des Ressources Humaines",CDD,,,gestion des ressources humaines,"RESPONSABLE DE RESOURCE HUMAINES Secteur : Conseil, Stratégie & Gestion des Ressources Humaines."
JOB250001155,COMPTABLE,Ragec,Brazzaville,"Finance, Banque, Assurance, Comptabilité & Fiscalité",CDD,,,comptabilité; fiscalité,"COMPTABLE  Secteur : Finance, Banque, Assurance, Comptabilité & Fiscalité."
JOB250001161,Manœuvre,Ragec,Brazzaville,"Commerce, Vente, Marketing & Distribution",CDD,,,vente,"Manœuvre Secteur : Commerce, Vente, Marketing & Distribution."
JOB250001162,Chauffeur,Ragec,Brazzaville,"Transport, Logistique & Supply Chain",CDD,,,supply chain,"Chauffeur  Secteur : Transport, Logistique & Supply Chain."
JOB250001166,TECHNICIENS ( Opérateur de machine),Ragec,Brazzaville,"Commerce, Vente, Marketing & Distribution",CDD,,,vente,"TECHNICIENS ( Opérateur de machine) Secteur : Commerce, Vente, Marketing & Distribution."
JOB250001265,OPERATEUR,Ragec,Brazzaville,"Industrie, Production & Maintenance",CDD,,,,"OPERATEUR Secteur : Industrie, Production & Maintenance."
JOB250001276,COMPTABLE,Ragec,Brazzaville,"Finance, Banque, Assurance, Comptabilité & Fiscalité",CDD,,,comptabilité; fiscalité,"COMPTABLE  Secteur : Finance, Banque, Assurance, Comptabilité & Fiscalité."
JOB250001295,chef de vente,Ragec,Brazzaville,"Industrie, Production & Maintenance",CDD,,,vente,"chef de vente Secteur : Industrie, Production & Maintenance."
JOB250001296,chauffeur voiture légère,Ragec,Brazzaville,"Transport, Logistique & Supply Chain",CDD,,,supply chain,"chauffeur voiture légère  Secteur : Transport, Logistique & Supply Chain."
JOB250001317,AGENT DE MARKETING,Ragec,Brazzaville,"Commerce, Vente, Marketing & Distribution",CDD,,,vente,"AGENT DE MARKETING  Secteur : Commerce, Vente, Marketing & Distribution."
JOB250001334,chef de secteur,Ragec,Brazzaville,"Commerce, Vente, Marketing & Distribution",CDD,,,vente,"chef de secteur  Secteur : Commerce, Vente, Marketing & Distribution."
JOB250001405,Technicien HSE,Ragec,Brazzaville,"Assurance Qualité, Contrôle, Testing (QHSE)",CDD,,,hse; qhse,"Technicien HSE Secteur : Assurance Qualité, Contrôle, Testing (QHSE)."
JOB250001406,RESPONSABLE RESSOURCES HUMAINES,Ragec,Brazzaville,Agriculture & Industrie Agroalimentaire,CDD,,,,RESPONSABLE RESSOURCES HUMAINES  Secteur : Agriculture & Industrie Agroalimentaire.
JOB250001407,SPECIALISTE DE CENTRES DE SUPERVISION DU RESEAU ET GESTION DE CENTRES DE DONNEES,Ragec,Brazzaville,"Commerce, Vente, Marketing & Distribution",CDD,,,vente,"SPECIALISTE DE CENTRES DE SUPERVISION DU RESEAU ET GESTION DE CENTRES DE DONNEES  Secteur : Commerce, Vente, Marketing & Distribution."
JOB250001432,RESPONSABLE RESSOURCES HUMAINES,Ragec,Brazzaville,"Industrie, Production & Maintenance",CDD,,,,"RESPONSABLE RESSOURCES HUMAINES  Secteur : Industrie, Production & Maintenance."
JOB250001513,HOTESSES,Ragec,Brazzaville,"Industrie, Production & Maintenance",CDD,,,,"HOTESSES Secteur : Industrie, Production & Maintenance."
JOB250001963,POINTEURS DE STOCK,Ragec,Brazzaville,"Commerce, Vente, Marketing & Distribution",CDD,,,vente,"POINTEURS DE STOCK  Secteur : Commerce, Vente, Marketing & Distribution."
JOB250001965,Stage Assistant Fiscaliste,Ragec,Brazzaville,"Commerce, Vente, Marketing & Distribution",CDD,,,vente,"Stage Assistant Fiscaliste  Secteur : Commerce, Vente, Marketing & Distribution."
JOB250002649,Opérateur de saisie,Ragec,Brazzaville,"Informatique, Data, Télécommunications & Digital",CDD,,,,"Opérateur de saisie Secteur : Informatique, Data, Télécommunications & Digital."
JOB250002651,Frigoriste,Ragec,Brazzaville,"Industrie, Production & Maintenance",CDD,,,,"Frigoriste  Secteur : Industrie, Production & Maintenance."
JOB250002657,GESTIONNAIRE RH,Ragec,Brazzaville,"Conseil, Stratégie & Gestion des Ressources Humaines",CDD,,,gestion des ressources humaines,"GESTIONNAIRE RH Secteur : Conseil, Stratégie & Gestion des Ressources Humaines."
JOB250002658,Frigoriste,Ragec,Brazzaville,"Industrie, Production & Maintenance",CDD,,,,"Frigoriste  Secteur : Industrie, Production & Maintenance."
JOB250002661,Opérateur de saisie,Ragec,Brazzaville,"Informatique, Data, Télécommunications & Digital",CDD,,,,"Opérateur de saisie Secteur : Informatique, Data, Télécommunications & Digital."
JOB250002662,ASSISTANT MARKETING,Ragec,Brazzaville,"Commerce, Vente, Marketing & Distribution",CDD,,,vente,"ASSISTANT MARKETING Secteur : Commerce, Vente, Marketing & Distribution."
JOB250000941,vendeur,RAGEC POINTE NOIRE,Pointe-Noire,"Commerce, Vente, Marketing & Distribution",CDD,,,vente,"vendeur Secteur : Commerce, Vente, Marketing & Distribution."
JOB250001156,Animateur de Vente,RAGEC POINTE NOIRE,Brazzaville,"Commerce, Vente, Marketing & Distribution",CDD,,,vente,"Animateur de Vente Secteur : Commerce, Vente, Marketing & Distribution."
JOB250001379,Technicien Laboratoire (usine injection),RAGEC POINTE NOIRE,Brazzaville,"Commerce, Vente, Marketing & Distribution",CDD,,,vente,"Technicien Laboratoire (usine injection)  Secteur : Commerce, Vente, Marketing & Distribution."
JOB250000831,SUPERVISEUR HSE,RENCO CONGO,Pointe-Noire,"Assurance Qualité, Contrôle, Testing (QHSE)",CDD,,,hse; qhse,"SUPERVISEUR HSE  Secteur : Assurance Qualité, Contrôle, Testing (QHSE)."
JOB250000855,CHAUFFEUR COURSIER,RENCO CONGO,Pointe-Noire,"Industrie, Production & Maintenance",CDD,,,,"CHAUFFEUR COURSIER  Secteur : Industrie, Production & Maintenance."
JOB250000856,CHEF DE PROJET,RENCO CONGO,Pointe-Noire,"Industrie, Production & Maintenance",CDD,,,,"CHEF DE PROJET Secteur : Industrie, Production & Maintenance."
JOB250000858,CHEFS D'EQUIPE MECANICIENS,RENCO CONGO,Pointe-Noire,"Industrie, Production & Maintenance",CDD,,,,"CHEFS D'EQUIPE MECANICIENS Secteur : Industrie, Production & Maintenance."
JOB250000859,CHEFS D'EQUIPE ELECTRICIENS,RENCO CONGO,Pointe-Noire,"Industrie, Production & Maintenance",CDD,,,,"CHEFS D'EQUIPE ELECTRICIENS Secteur : Industrie, Production & Maintenance."
JOB250000860,CHEFS D'EQUIPE INSTRUMENTATION,RENCO CONGO,Pointe-Noire,"Industrie, Production & Maintenance",CDD,,,instrumentation,"CHEFS D'EQUIPE INSTRUMENTATION Secteur : Industrie, Production & Maintenance."
JOB250000871,SUPERVISEUR GENIE CIVIL,RENCO CONGO,Pointe-Noire,"Industrie, Production & Maintenance",CDD,,,génie civil,"SUPERVISEUR GENIE CIVIL Secteur : Industrie, Production & Maintenance."
JOB250001541,Assistant Ressources Humaines,RENCO CONGO,Pointe-Noire,"Conseil, Stratégie & Gestion des Ressources Humaines",CDD,,,gestion des ressources humaines,"Assistant Ressources Humaines Secteur : Conseil, Stratégie & Gestion des Ressources Humaines."
JOB250001686,Technicien HSE,RENCO CONGO,Pointe-Noire,"Assurance Qualité, Contrôle, Testing (QHSE)",CDD,,,hse; qhse,"Technicien HSE Secteur : Assurance Qualité, Contrôle, Testing (QHSE)."
JOB250001687,INFIRMIER,RENCO CONGO,Pointe-Noire,"Santé, Pharmacie & Recherche Scientifique",CDD,,,pharmacie,"INFIRMIER Secteur : Santé, Pharmacie & Recherche Scientifique."
JOB250001705,COMPTABLE,RENCO CONGO,Pointe-Noire,"Finance, Banque, Assurance, Comptabilité & Fiscalité",CDI,,,comptabilité; fiscalité,"COMPTABLE  Secteur : Finance, Banque, Assurance, Comptabilité & Fiscalité."
JOB250001802,CHAUFFEUR COURSIER,RENCO CONGO,Pointe-Noire,"Transport, Logistique & Supply Chain",CDD,,,supply chain,"CHAUFFEUR COURSIER  Secteur : Transport, Logistique & Supply Chain."
JOB250001979,Opérateurs de Surface,RENCO CONGO,Pointe-Noire,"Industrie, Production & Maintenance",CDD,,,,"Opérateurs de Surface Secteur : Industrie, Production & Maintenance."
JOB250001981,OpérateursPompe,RENCO CONGO,Pointe-Noire,"Pétrole, Gaz & Hydrocarbures",CDD,,,,"OpérateursPompe Secteur : Pétrole, Gaz & Hydrocarbures."
JOB250001982,Assistant Driller,RENCO CONGO,Pointe-Noire,"Pétrole, Gaz & Hydrocarbures",CDD,,,,"Assistant Driller Secteur : Pétrole, Gaz & Hydrocarbures."
JOB250001983,DRILLER,RENCO CONGO,Pointe-Noire,"Pétrole, Gaz & Hydrocarbures",CDD,,,,"DRILLER Secteur : Pétrole, Gaz & Hydrocarbures."
JOB250001984,MECANICIEN,RENCO CONGO,Pointe-Noire,"Industrie, Production & Maintenance",CDD,,,,"MECANICIEN Secteur : Industrie, Production & Maintenance."
JOB250002113,Peintre,RENCO CONGO,Pointe-Noire,"Industrie, Production & Maintenance",CDD,,,,"Peintre  Secteur : Industrie, Production & Maintenance."
JOB250002307,Coordonnateur de Travaux,RENCO CONGO,Pointe-Noire,"Bâtiment, Travaux Publics & Aménagement du Territoire",CDD,,,,"Coordonnateur de Travaux Secteur : Bâtiment, Travaux Publics & Aménagement du Territoire."
JOB250002789,Coordinateur Matériel et Achat,RENCO CONGO,Pointe-Noire,"Industrie, Production & Maintenance",CDD,,,,"Coordinateur Matériel et Achat Secteur : Industrie, Production & Maintenance."
JOB250002809,Controleur Assurance Qualité et documentation,RENCO CONGO,Pointe-Noire,"Industrie, Production & Maintenance",CDD,,,,"Controleur Assurance Qualité et documentation Secteur : Industrie, Production & Maintenance."
JOB250002810,Planificateur de Maintenance,RENCO CONGO,Pointe-Noire,"Industrie, Production & Maintenance",CDD,,,,"Planificateur de Maintenance Secteur : Industrie, Production & Maintenance."
JOB250002811,Coordinateur de Maintenance,RENCO CONGO,Pointe-Noire,"Industrie, Production & Maintenance",CDD,,,,"Coordinateur de Maintenance Secteur : Industrie, Production & Maintenance."
JOB250002812,TUYAUTEURS,RENCO CONGO,Pointe-Noire,"Industrie, Production & Maintenance",CDD,,,,"TUYAUTEURS Secteur : Industrie, Production & Maintenance."
JOB250002814,Echafaudeur,RENCO CONGO,Pointe-Noire,"Bâtiment, Travaux Publics & Aménagement du Territoire",CDD,,,,"Echafaudeur Secteur : Bâtiment, Travaux Publics & Aménagement du Territoire."
NONREF000078,Chef de partie,RENCO GESTION IMMOB,Pointe-Noire,Hôtellerie - Restauration,CDD,,,,Chef de partie Secteur : Hôtellerie - Restauration.
NONREF000083,Chef de rang,RENCO GESTION IMMOB,Pointe-Noire,Hôtellerie - Restauration,CDD,,,,Chef de rang Secteur : Hôtellerie - Restauration.
NONREF000085,Chef patissier,RENCO GESTION IMMOB,Pointe-Noire,Hôtellerie - Restauration,CDD,,,,Chef patissier Secteur : Hôtellerie - Restauration.
NONREF000126,Electricien,RENCO GESTION IMMOB,Pointe-Noire,Hôtellerie - Restauration,CDD,,,,Electricien Secteur : Hôtellerie - Restauration.
NONREF000134,Frigoriste,RENCO GESTION IMMOB,Pointe-Noire,Hôtellerie - Restauration,CDD,,,,Frigoriste Secteur : Hôtellerie - Restauration.
NONREF000149,Gouvernante d'étage,RENCO GESTION IMMOB,Pointe-Noire,Hôtellerie - Restauration,CDD,,,,Gouvernante d'étage Secteur : Hôtellerie - Restauration.
NONREF000189,Plombier,RENCO GESTION IMMOB,Pointe-Noire,Hôtellerie - Restauration,CDD,,,,Plombier Secteur : Hôtellerie - Restauration.
JOB250002641,Réceptionniste Bilingue,RENCO GESTION IMMOBILIERE,Pointe-Noire,Hôtellerie - Restauration,Stage professionnel,,,,Réceptionniste Bilingue Secteur : Hôtellerie - Restauration.
JOB250002642,AGENT DE RESERVATION,RENCO GESTION IMMOBILIERE,Pointe-Noire,"Commerce, Vente, Marketing & Distribution",CDD,,,vente,"AGENT DE RESERVATION Secteur : Commerce, Vente, Marketing & Distribution."
NONREF000023,Assistant chargé des rel Com,RENCO GREEN SARL,Pointe-Noire,"Pétrole, Gaz & Hydrocarbures",CDD,,,,"Assistant chargé des rel Com Secteur : Pétrole, Gaz & Hydrocarbures."
NONREF000244,Technicien NOC,ROFA NETWORK,Pointe-Noire,"Informatique, Data, Télécommunications & Digital",CDD,,,,"Technicien NOC Secteur : Informatique, Data, Télécommunications & Digital."
NONREF000046,Assistante RH,RUI ZHI TECHNOLOGIE,Pointe-Noire,"Conseil, Stratégie & Gestion des Ressources Humaines",CDD,,,gestion des ressources humaines,"Assistante RH Secteur : Conseil, Stratégie & Gestion des Ressources Humaines."
NONREF000048,Assistante RH,RUI ZHI TECHNOLOGIE T,Pointe-Noire,"Conseil, Stratégie & Gestion des Ressources Humaines",CDD,,,gestion des ressources humaines,"Assistante RH Secteur : Conseil, Stratégie & Gestion des Ressources Humaines."
JOB250001002,ASSISTANT COMPTABLE,RUI ZUI TECHNOLOGIE & TRAVAUX PETROLIERS,Pointe-Noire,"Finance, Banque, Assurance, Comptabilité & Fiscalité",CDD,,,comptabilité; fiscalité,"ASSISTANT COMPTABLE Secteur : Finance, Banque, Assurance, Comptabilité & Fiscalité."
JOB250002351,CAISSIER,SAFE SARL,Brazzaville,"Commerce, Vente, Marketing & Distribution",CDD,,,vente,"CAISSIER Secteur : Commerce, Vente, Marketing & Distribution."
JOB250002355,PRODUCTEUR,SAFE SARL,Brazzaville,"Commerce, Vente, Marketing & Distribution",CDD,,,vente,"PRODUCTEUR Secteur : Commerce, Vente, Marketing & Distribution."
JOB250001267,Standartiste,SAINT PIERRE SERVICES,Pointe-Noire,"Conseil, Stratégie & Gestion des Ressources Humaines",CDD,,,gestion des ressources humaines,"Standartiste Secteur : Conseil, Stratégie & Gestion des Ressources Humaines."
NONREF000251,Agent de Nettoyage Matière Auxilliaire OP,Saris Congo,Bouenza,"Industrie, Production & Maintenance",CDD,,,,"Agent de Nettoyage Matière Auxilliaire OP Secteur : Industrie, Production & Maintenance."
NONREF000252,Agent des Affaires Sociales,Saris Congo,Bouenza,"Industrie, Production & Maintenance",CDD,,,,"Agent des Affaires Sociales Secteur : Industrie, Production & Maintenance."
NONREF000263,Bobieneur OQ,Saris Congo,Bouenza,"Industrie, Production & Maintenance",CDD,,,,"Bobieneur OQ Secteur : Industrie, Production & Maintenance."
NONREF000270,Chauffeur Semi- Remorques,Saris Congo,Bouenza,"Industrie, Production & Maintenance",CDD,,,,"Chauffeur Semi- Remorques Secteur : Industrie, Production & Maintenance."
NONREF000274,Chef d'Equipe Calorifuge,Saris Congo,Bouenza,"Industrie, Production & Maintenance",CDD,,,,"Chef d'Equipe Calorifuge Secteur : Industrie, Production & Maintenance."
NONREF000276,Chef d'Equipe Chaudronnier,Saris Congo,Bouenza,"Industrie, Production & Maintenance",CDD,,,,"Chef d'Equipe Chaudronnier Secteur : Industrie, Production & Maintenance."
NONREF000278,Chef d'Equipe Electricien,Saris Congo,Bouenza,"Industrie, Production & Maintenance",CDD,,,,"Chef d'Equipe Electricien Secteur : Industrie, Production & Maintenance."
NONREF000279,Chef d'Equipe Essorage,Saris Congo,Bouenza,"Industrie, Production & Maintenance",CDD,,,,"Chef d'Equipe Essorage Secteur : Industrie, Production & Maintenance."
NONREF000280,Chef d'Equipe Essorage,Saris Congo,Bouenza,"Industrie, Production & Maintenance",CDD,,,,"Chef d'Equipe Essorage Secteur : Industrie, Production & Maintenance."
NONREF000282,Chef d'Equipe Raffinerie,Saris Congo,Bouenza,"Industrie, Production & Maintenance",CDD,,,,"Chef d'Equipe Raffinerie Secteur : Industrie, Production & Maintenance."
NONREF000283,Chef d'Equipe Raffinerie,Saris Congo,Bouenza,"Industrie, Production & Maintenance",CDD,,,,"Chef d'Equipe Raffinerie Secteur : Industrie, Production & Maintenance."
NONREF000284,Chef d'Equipe Tourneur,Saris Congo,Bouenza,"Industrie, Production & Maintenance",CDD,,,,"Chef d'Equipe Tourneur Secteur : Industrie, Production & Maintenance."
NONREF000285,Chef d'Equipe Tourneur,Saris Congo,Bouenza,"Industrie, Production & Maintenance",CDD,,,,"Chef d'Equipe Tourneur Secteur : Industrie, Production & Maintenance."
NONREF000287,Conducteur de Travaux,Saris Congo,Bouenza,"Industrie, Production & Maintenance",CDD,,,,"Conducteur de Travaux Secteur : Industrie, Production & Maintenance."
NONREF000288,Conducteur de Travaux,Saris Congo,Bouenza,"Industrie, Production & Maintenance",CDD,,,,"Conducteur de Travaux Secteur : Industrie, Production & Maintenance."
NONREF000289,Conducteur de travaux mécanique usine,Saris Congo,Bouenza,"Industrie, Production & Maintenance",CDD,,,,"Conducteur de travaux mécanique usine  Secteur : Industrie, Production & Maintenance."
NONREF000290,Conducteur des travaux de Regulation,Saris Congo,Bouenza,"Industrie, Production & Maintenance",CDD,,,,"Conducteur des travaux de Regulation Secteur : Industrie, Production & Maintenance."
NONREF000291,Conducteur Prinicipal de Travaux,Saris Congo,Bouenza,"Industrie, Production & Maintenance",CDD,,,,"Conducteur Prinicipal de Travaux Secteur : Industrie, Production & Maintenance."
NONREF000295,Electricien Atelier OQ,Saris Congo,Bouenza,"Industrie, Production & Maintenance",CDD,,,,"Electricien Atelier OQ Secteur : Industrie, Production & Maintenance."
NONREF000296,Electricien de Quart OQ,Saris Congo,Bouenza,"Industrie, Production & Maintenance",CDD,,,,"Electricien de Quart OQ Secteur : Industrie, Production & Maintenance."
NONREF000300,Infirmier Diplômé d'Etat,Saris Congo,Bouenza,"Industrie, Production & Maintenance",CDD,,,,"Infirmier Diplômé d'Etat Secteur : Industrie, Production & Maintenance."
NONREF000316,MécanicienBOS,Saris Congo,Bouenza,"Industrie, Production & Maintenance",CDD,,,,"MécanicienBOS Secteur : Industrie, Production & Maintenance."
NONREF000317,MécanicienEntretien Reducteur,Saris Congo,Bouenza,"Industrie, Production & Maintenance",CDD,,,,"MécanicienEntretien Reducteur Secteur : Industrie, Production & Maintenance."
NONREF000318,Mécanicien AOS,Saris Congo,Bouenza,"Industrie, Production & Maintenance",CDD,,,,"Mécanicien AOS Secteur : Industrie, Production & Maintenance."
NONREF000319,Mécanicien Conditionneuse HQ,Saris Congo,Bouenza,"Industrie, Production & Maintenance",CDD,,,,"Mécanicien Conditionneuse HQ Secteur : Industrie, Production & Maintenance."
NONREF000320,Mecanicien Conditionneuse OQ,Saris Congo,Bouenza,"Industrie, Production & Maintenance",CDD,,,,"Mecanicien Conditionneuse OQ Secteur : Industrie, Production & Maintenance."
NONREF000321,Mécanicien Entetien Centrifugeur HQ,Saris Congo,Bouenza,"Industrie, Production & Maintenance",CDD,,,,"Mécanicien Entetien Centrifugeur HQ Secteur : Industrie, Production & Maintenance."
NONREF000322,Mécanicien Entretien,Saris Congo,Bouenza,"Industrie, Production & Maintenance",CDD,,,,"Mécanicien Entretien Secteur : Industrie, Production & Maintenance."
NONREF000323,Mécanicien Entretien Appareillage et vanne HQ,Saris Congo,Bouenza,"Industrie, Production & Maintenance",CDD,,,,"Mécanicien Entretien Appareillage et vanne HQ Secteur : Industrie, Production & Maintenance."
NONREF000324,Mécanicien Entretien bande et transporteur OQ,Saris Congo,Bouenza,"Industrie, Production & Maintenance",CDD,,,,"Mécanicien Entretien bande et transporteur OQ Secteur : Industrie, Production & Maintenance."
NONREF000325,Mécanicien Entetien Centrifugeur HQ,Saris Congo,Bouenza,"Industrie, Production & Maintenance",CDD,,,,"Mécanicien Entetien Centrifugeur HQ Secteur : Industrie, Production & Maintenance."
NONREF000326,Mécanicien Entretien Pompe HQ,Saris Congo,Bouenza,"Industrie, Production & Maintenance",CDD,,,,"Mécanicien Entretien Pompe HQ Secteur : Industrie, Production & Maintenance."
NONREF000327,Mécanicien Entretien Pompe HQ,Saris Congo,Bouenza,"Industrie, Production & Maintenance",CDD,,,,"Mécanicien Entretien Pompe HQ Secteur : Industrie, Production & Maintenance."
NONREF000328,Mécanicien Entretien Reducteur OQ,Saris Congo,Bouenza,"Industrie, Production & Maintenance",CDD,,,,"Mécanicien Entretien Reducteur OQ Secteur : Industrie, Production & Maintenance."
NONREF000329,Mécanicien Entretien Turbo Alternateur et Compresseur OQ,Saris Congo,Bouenza,"Industrie, Production & Maintenance",CDD,,,,"Mécanicien Entretien Turbo Alternateur et Compresseur OQ Secteur : Industrie, Production & Maintenance."
NONREF000330,Mécanicien entretien Vanne OQ,Saris Congo,Bouenza,"Industrie, Production & Maintenance",CDD,,,,"Mécanicien entretien Vanne OQ Secteur : Industrie, Production & Maintenance."
NONREF000331,Mécanicien filtre hercules OS,Saris Congo,Bouenza,"Industrie, Production & Maintenance",CDD,,,,"Mécanicien filtre hercules OS Secteur : Industrie, Production & Maintenance."
NONREF000332,Mécanicien HQ,Saris Congo,Bouenza,"Industrie, Production & Maintenance",CDD,,,,"Mécanicien HQ Secteur : Industrie, Production & Maintenance."
NONREF000333,Mécanicien Moulins OQ,Saris Congo,Bouenza,"Industrie, Production & Maintenance",CDD,,,,"Mécanicien Moulins OQ Secteur : Industrie, Production & Maintenance."
NONREF000334,Mécanicien OP,Saris Congo,Bouenza,"Industrie, Production & Maintenance",CDD,,,,"Mécanicien OP Secteur : Industrie, Production & Maintenance."
NONREF000337,Mécanicien OQ,Saris Congo,Bouenza,"Industrie, Production & Maintenance",CDD,,,,"Mécanicien OQ Secteur : Industrie, Production & Maintenance."
NONREF000345,Mécanicien ROS,Saris Congo,Bouenza,"Industrie, Production & Maintenance",CDD,,,,"Mécanicien ROS Secteur : Industrie, Production & Maintenance."
NONREF000346,Mécanicien Turbine à vapeur OQ,Saris Congo,Bouenza,"Industrie, Production & Maintenance",CDD,,,,"Mécanicien Turbine à vapeur OQ Secteur : Industrie, Production & Maintenance."
NONREF000347,Mécanicien Turbineur MCA OS,Saris Congo,Bouenza,"Industrie, Production & Maintenance",CDD,,,,"Mécanicien Turbineur MCA OS Secteur : Industrie, Production & Maintenance."
NONREF000348,Mécanicien Turbineur MCA OS,Saris Congo,Bouenza,"Industrie, Production & Maintenance",CDD,,,,"Mécanicien Turbineur MCA OS Secteur : Industrie, Production & Maintenance."
NONREF000349,Mécaniciens Moulins OQ,Saris Congo,Bouenza,"Industrie, Production & Maintenance",CDD,,,,"Mécaniciens Moulins OQ Secteur : Industrie, Production & Maintenance."
NONREF000355,Opérateur Buchette OQ,Saris Congo,Bouenza,"Industrie, Production & Maintenance",CDD,,,,"Opérateur Buchette OQ Secteur : Industrie, Production & Maintenance."
NONREF000356,Opérateur de Maintenance Emboiteuse OP,Saris Congo,Bouenza,"Industrie, Production & Maintenance",CDD,,,,"Opérateur de Maintenance Emboiteuse OP Secteur : Industrie, Production & Maintenance."
NONREF000357,Opérateur de Maintenance Formeuse OS,Saris Congo,Bouenza,"Industrie, Production & Maintenance",CDD,,,,"Opérateur de Maintenance Formeuse OS Secteur : Industrie, Production & Maintenance."
NONREF000360,Opérateur Maintenance Mouleuse OP,Saris Congo,Bouenza,"Industrie, Production & Maintenance",CDD,,,,"Opérateur Maintenance Mouleuse OP Secteur : Industrie, Production & Maintenance."
NONREF000370,Plombier OQ,Saris Congo,Bouenza,"Industrie, Production & Maintenance",CDD,,,,"Plombier OQ Secteur : Industrie, Production & Maintenance."
NONREF000371,Préparateur d'Atelier HQ,Saris Congo,Bouenza,"Industrie, Production & Maintenance",CDD,,,,"Préparateur d'Atelier HQ Secteur : Industrie, Production & Maintenance."
NONREF000373,Regleur de Maintenance OP,Saris Congo,Bouenza,"Industrie, Production & Maintenance",CDD,,,,"Regleur de Maintenance OP Secteur : Industrie, Production & Maintenance."
NONREF000374,Regleur de maintenance OQ,Saris Congo,Bouenza,"Industrie, Production & Maintenance",CDD,,,,"Regleur de maintenance OQ Secteur : Industrie, Production & Maintenance."
NONREF000375,Responsable Environnement,Saris Congo,Bouenza,"Industrie, Production & Maintenance",CDD,,,,"Responsable Environnement Secteur : Industrie, Production & Maintenance."
NONREF000376,Secretaire Technique OP,Saris Congo,Bouenza,"Industrie, Production & Maintenance",CDD,,,,"Secretaire Technique OP Secteur : Industrie, Production & Maintenance."
NONREF000377,Secretaire Technique OQ,Saris Congo,Bouenza,"Industrie, Production & Maintenance",CDD,,,,"Secretaire Technique OQ Secteur : Industrie, Production & Maintenance."
NONREF000383,Soudeur OQ,Saris Congo,Bouenza,"Industrie, Production & Maintenance",CDD,,,,"Soudeur OQ Secteur : Industrie, Production & Maintenance."
NONREF000386,Technicien de Maintenance Regulation HQ,Saris Congo,Bouenza,"Industrie, Production & Maintenance",CDD,,,,"Technicien de Maintenance Regulation HQ Secteur : Industrie, Production & Maintenance."
NONREF000387,Technicien Electricien de Qaurt OQ,Saris Congo,Bouenza,"Industrie, Production & Maintenance",CDD,,,,"Technicien Electricien de Qaurt OQ Secteur : Industrie, Production & Maintenance."
NONREF000388,Technicien Essorage HQ,Saris Congo,Bouenza,"Industrie, Production & Maintenance",CDD,,,,"Technicien Essorage HQ Secteur : Industrie, Production & Maintenance."
NONREF000389,Technicien Essorage HQ Agent d'Execution,Saris Congo,Bouenza,"Industrie, Production & Maintenance",CDD,,,,"Technicien Essorage HQ Agent d'Execution Secteur : Industrie, Production & Maintenance."
NONREF000391,Tourneur Ajusteur OQ,Saris Congo,Bouenza,"Industrie, Production & Maintenance",CDD,,,,"Tourneur Ajusteur OQ Secteur : Industrie, Production & Maintenance."
NONREF000394,Tourneur Cylindre Moulins OQ,Saris Congo,Bouenza,"Industrie, Production & Maintenance",CDD,,,,"Tourneur Cylindre Moulins OQ Secteur : Industrie, Production & Maintenance."
NONREF000407,Technicien essorage HQ,SARIS Congo,Bouenza,Agriculture & Industrie Agroalimentaire,CDD,,,,Technicien essorage HQ Secteur : Agriculture & Industrie Agroalimentaire.
NONREF000408,Chef de raffinerie,SARIS Congo,Bouenza,Agriculture & Industrie Agroalimentaire,CDD,,,,Chef de raffinerie Secteur : Agriculture & Industrie Agroalimentaire.
NONREF000409,secretaire technique reporting,SARIS Congo,Bouenza,Agriculture & Industrie Agroalimentaire,CDD,,,,secretaire technique reporting Secteur : Agriculture & Industrie Agroalimentaire.
NONREF000410,Agent Administratif RH,SARIS Congo,Bouenza,"Conseil, Stratégie & Gestion des Ressources Humaines",CDD,,,gestion des ressources humaines,"Agent Administratif RH Secteur : Conseil, Stratégie & Gestion des Ressources Humaines."
NONREF000411,Secrétaire de Direction Bilingue,SARIS Congo,Bouenza,Agriculture & Industrie Agroalimentaire,CDD,,,,Secrétaire de Direction Bilingue Secteur : Agriculture & Industrie Agroalimentaire.
NONREF000412,Responsable Juridiques et Assurances,SARIS Congo,Bouenza,Agriculture & Industrie Agroalimentaire,CDD,,,,Responsable Juridiques et Assurances Secteur : Agriculture & Industrie Agroalimentaire.
NONREF000413,Assistante de Direction et Evenmentiel,SARIS Congo,Bouenza,Agriculture & Industrie Agroalimentaire,CDD,,,,Assistante de Direction et Evenmentiel Secteur : Agriculture & Industrie Agroalimentaire.
NONREF000414,Conducteur de Travaux Chaudronnerie,SARIS Congo,Bouenza,Agriculture & Industrie Agroalimentaire,CDD,,,,Conducteur de Travaux Chaudronnerie Secteur : Agriculture & Industrie Agroalimentaire.
NONREF000415,Chef d'Equipe Tourneur,SARIS Congo,Bouenza,Agriculture & Industrie Agroalimentaire,CDD,,,,Chef d'Equipe Tourneur Secteur : Agriculture & Industrie Agroalimentaire.
NONREF000416,Electro mécanicien en OQ,SARIS Congo,Bouenza,Agriculture & Industrie Agroalimentaire,CDD,,,,Electro mécanicien en OQ Secteur : Agriculture & Industrie Agroalimentaire.
NONREF000417,Chef d'Equipe regleur,SARIS Congo,Bouenza,Agriculture & Industrie Agroalimentaire,CDD,,,,Chef d'Equipe regleur Secteur : Agriculture & Industrie Agroalimentaire.
NONREF000418,Regleur OQ,SARIS Congo,Bouenza,Agriculture & Industrie Agroalimentaire,CDD,,,,Regleur OQ Secteur : Agriculture & Industrie Agroalimentaire.
NONREF000419,Chef d'equipe electricité,SARIS Congo,Bouenza,Agriculture & Industrie Agroalimentaire,CDD,,,,Chef d'equipe electricité Secteur : Agriculture & Industrie Agroalimentaire.
NONREF000420,electricien OQ,SARIS Congo,Bouenza,Agriculture & Industrie Agroalimentaire,CDD,,,,electricien OQ Secteur : Agriculture & Industrie Agroalimentaire.
NONREF000421,Chef d'equipe chaudière,SARIS Congo,Bouenza,Agriculture & Industrie Agroalimentaire,CDD,,,,Chef d'equipe chaudière Secteur : Agriculture & Industrie Agroalimentaire.
NONREF000422,conducteur de travaux OQ,SARIS Congo,Bouenza,Agriculture & Industrie Agroalimentaire,CDD,,,,conducteur de travaux OQ Secteur : Agriculture & Industrie Agroalimentaire.
NONREF000423,Cuseur MCB,SARIS Congo,Bouenza,Agriculture & Industrie Agroalimentaire,CDD,,,,Cuseur MCB Secteur : Agriculture & Industrie Agroalimentaire.
NONREF000424,Cuiseur MCR,SARIS Congo,Bouenza,Agriculture & Industrie Agroalimentaire,CDD,,,,Cuiseur MCR Secteur : Agriculture & Industrie Agroalimentaire.
NONREF000425,Opérateur conditionneuse 1kg HQ,SARIS Congo,Bouenza,Agriculture & Industrie Agroalimentaire,CDD,,,,Opérateur conditionneuse 1kg HQ Secteur : Agriculture & Industrie Agroalimentaire.
NONREF000426,turbineur MCA,SARIS Congo,Bouenza,Agriculture & Industrie Agroalimentaire,CDD,,,,turbineur MCA Secteur : Agriculture & Industrie Agroalimentaire.
NONREF000427,turbineur MCC,SARIS Congo,Bouenza,Agriculture & Industrie Agroalimentaire,CDD,,,,turbineur MCC Secteur : Agriculture & Industrie Agroalimentaire.
NONREF000428,Filtreur OP,SARIS Congo,Bouenza,Agriculture & Industrie Agroalimentaire,CDD,,,,Filtreur OP Secteur : Agriculture & Industrie Agroalimentaire.
NONREF000429,Mécanicien Filtreur Herculès,SARIS Congo,Bouenza,Agriculture & Industrie Agroalimentaire,CDD,,,,Mécanicien Filtreur Herculès Secteur : Agriculture & Industrie Agroalimentaire.
NONREF000430,Opérateur salle de contrôle fabrication,SARIS Congo,Bouenza,Agriculture & Industrie Agroalimentaire,CDD,,,,Opérateur salle de contrôle fabrication Secteur : Agriculture & Industrie Agroalimentaire.
NONREF000431,Cuiseur MCC,SARIS Congo,Bouenza,Agriculture & Industrie Agroalimentaire,CDD,,,,Cuiseur MCC Secteur : Agriculture & Industrie Agroalimentaire.
NONREF000432,Sapeur pompier,SARIS Congo,Bouenza,Agriculture & Industrie Agroalimentaire,CDD,,,,Sapeur pompier Secteur : Agriculture & Industrie Agroalimentaire.
NONREF000433,surveillant environnement,SARIS Congo,Bouenza,Agriculture & Industrie Agroalimentaire,CDD,,,,surveillant environnement Secteur : Agriculture & Industrie Agroalimentaire.
NONREF000434,responsable maintenance cadre,SARIS Congo,Bouenza,Agriculture & Industrie Agroalimentaire,CDD,,,,responsable maintenance cadre Secteur : Agriculture & Industrie Agroalimentaire.
NONREF000435,Coodinateur qualité et sécurité des denrés alimentaires,SARIS Congo,Bouenza,Agriculture & Industrie Agroalimentaire,CDD,,,,Coodinateur qualité et sécurité des denrés alimentaires Secteur : Agriculture & Industrie Agroalimentaire.
NONREF000436,conducteur de travaux mécanique usine,SARIS Congo,Bouenza,Agriculture & Industrie Agroalimentaire,CDD,,,,conducteur de travaux mécanique usine Secteur : Agriculture & Industrie Agroalimentaire.
NONREF000437,Maintenancier industrielle electricienne,SARIS Congo,Bouenza,Agriculture & Industrie Agroalimentaire,CDD,,,,Maintenancier industrielle electricienne Secteur : Agriculture & Industrie Agroalimentaire.
NONREF000438,Soudeur HQ,SARIS Congo,Bouenza,Agriculture & Industrie Agroalimentaire,CDD,,,,Soudeur HQ Secteur : Agriculture & Industrie Agroalimentaire.
NONREF000439,Ingenieur automaticien,SARIS Congo,Bouenza,Agriculture & Industrie Agroalimentaire,CDD,,,,Ingenieur automaticien Secteur : Agriculture & Industrie Agroalimentaire.
NONREF000440,responsable service chaudronnerie,SARIS Congo,Bouenza,Agriculture & Industrie Agroalimentaire,CDD,,,,responsable service chaudronnerie Secteur : Agriculture & Industrie Agroalimentaire.
NONREF000441,mécanicien turbines à vapeur et compresseur,SARIS Congo,Bouenza,Agriculture & Industrie Agroalimentaire,CDD,,,,mécanicien turbines à vapeur et compresseur Secteur : Agriculture & Industrie Agroalimentaire.
NONREF000442,technicien superieur en électromécanicien,SARIS Congo,Bouenza,Agriculture & Industrie Agroalimentaire,CDD,,,,technicien superieur en électromécanicien  Secteur : Agriculture & Industrie Agroalimentaire.
JOB250001652,Adjoint Chef de Service Laboratoire,SARIS Congo,Nkayi,Agriculture & Industrie Agroalimentaire,CDI,,,,Adjoint Chef de Service Laboratoire  Secteur : Agriculture & Industrie Agroalimentaire.
JOB250001716,Chef de Service Régulation et Automatisme,SARIS Congo,Kayes,"Énergie, Environnement & Eau",CDI,,,,"Chef de Service Régulation et Automatisme Secteur : Énergie, Environnement & Eau."
JOB250001717,Chef de Service Régulation et Automatisme,SARIS Congo,Kayes,"Énergie, Environnement & Eau",CDI,,,,"Chef de Service Régulation et Automatisme Secteur : Énergie, Environnement & Eau."
JOB250001818,coupeur,SARIS Congo,Nkayi,Agriculture & Industrie Agroalimentaire,CDD,,,,coupeur Secteur : Agriculture & Industrie Agroalimentaire.
JOB250001944,Ingénieur pépinières,SARIS Congo,Nkayi,Agriculture & Industrie Agroalimentaire,CDD,,,,Ingénieur pépinières  Secteur : Agriculture & Industrie Agroalimentaire.
JOB250001959,Technicien Supérieur en mécanique,SARIS Congo,Nkayi,Agriculture & Industrie Agroalimentaire,CDI,,,,Technicien Supérieur en mécanique  Secteur : Agriculture & Industrie Agroalimentaire.
JOB250002119,SECRETAIRE DE DIRECTION,SARIS Congo,Nkayi,Agriculture & Industrie Agroalimentaire,CDD,,,,SECRETAIRE DE DIRECTION  Secteur : Agriculture & Industrie Agroalimentaire.
JOB250002130,Directeur Administratif et Financier,SARIS Congo,Nkayi,"Finance, Banque, Assurance, Comptabilité & Fiscalité",CDI,,,comptabilité; fiscalité,"Directeur Administratif et Financier Secteur : Finance, Banque, Assurance, Comptabilité & Fiscalité."
JOB250002215,contrôleur interne,SARIS Congo,Kayes,"Finance, Banque, Assurance, Comptabilité & Fiscalité",CDI,,,comptabilité; fiscalité,"contrôleur interne Secteur : Finance, Banque, Assurance, Comptabilité & Fiscalité."
JOB250002346,Technicien Supérieur en Régulation et Automatisme,SARIS Congo,Kayes,Agriculture & Industrie Agroalimentaire,CDD,,,,Technicien Supérieur en Régulation et Automatisme Secteur : Agriculture & Industrie Agroalimentaire.
JOB250002474,Responsable Service Chaudronnerie,SARIS Congo,Nkayi,Agriculture & Industrie Agroalimentaire,CDI,,,,Responsable Service Chaudronnerie Secteur : Agriculture & Industrie Agroalimentaire.
JOB250002475,Technicien Maintenance Mécanique,SARIS Congo,Nkayi,Agriculture & Industrie Agroalimentaire,CDD,,,,Technicien Maintenance Mécanique Secteur : Agriculture & Industrie Agroalimentaire.
JOB250002537,Contremaître de Quart,SARIS Congo,Kayes,Agriculture & Industrie Agroalimentaire,CDI,,,,Contremaître de Quart Secteur : Agriculture & Industrie Agroalimentaire.
JOB250002577,Chef d'Equipe Ensachage,SARIS Congo,Kayes,Agriculture & Industrie Agroalimentaire,CDD,,,,Chef d'Equipe Ensachage Secteur : Agriculture & Industrie Agroalimentaire.
JOB250002579,Chef d'Equipe Essorage,SARIS Congo,Kayes,Agriculture & Industrie Agroalimentaire,CDD,,,,Chef d'Equipe Essorage Secteur : Agriculture & Industrie Agroalimentaire.
JOB250002582,Opérateur de Maintenance Mouleuse OP,SARIS Congo,Kayes,Agriculture & Industrie Agroalimentaire,CDD,,,,Opérateur de Maintenance Mouleuse OP Secteur : Agriculture & Industrie Agroalimentaire.
JOB250002583,Assistant Chef d'Equipe Nettoyage et Matières Auxiliaires OP,SARIS Congo,Kayes,Agriculture & Industrie Agroalimentaire,CDD,,,,Assistant Chef d'Equipe Nettoyage et Matières Auxiliaires OP Secteur : Agriculture & Industrie Agroalimentaire.
JOB250002584,Opérateur de Maintenance Formeuse OS,SARIS Congo,Kayes,Agriculture & Industrie Agroalimentaire,CDD,,,,Opérateur de Maintenance Formeuse OS Secteur : Agriculture & Industrie Agroalimentaire.
JOB250002586,Mécanicien Cuiseur A,SARIS Congo,Kayes,Agriculture & Industrie Agroalimentaire,CDD,,,,Mécanicien Cuiseur A Secteur : Agriculture & Industrie Agroalimentaire.
JOB250002588,Mécanicien Filtres Herculès OS,SARIS Congo,Kayes,Agriculture & Industrie Agroalimentaire,CDD,,,,Mécanicien Filtres Herculès OS Secteur : Agriculture & Industrie Agroalimentaire.
JOB250002591,Mécanicien Turbineur MCR,SARIS Congo,Kayes,Agriculture & Industrie Agroalimentaire,CDD,,,,Mécanicien Turbineur MCR Secteur : Agriculture & Industrie Agroalimentaire.
JOB250002592,Technicien Supérieur Moulins,SARIS Congo,Kayes,Agriculture & Industrie Agroalimentaire,CDI,,,,Technicien Supérieur Moulins Secteur : Agriculture & Industrie Agroalimentaire.
JOB250002594,Opérateur de Maintenance Emboiteuse,SARIS Congo,Kayes,Agriculture & Industrie Agroalimentaire,CDD,,,,Opérateur de Maintenance Emboiteuse Secteur : Agriculture & Industrie Agroalimentaire.
JOB250002600,Conducteur de Travaux maçon Fumiste,SARIS Congo,Kayes,Agriculture & Industrie Agroalimentaire,CDI,,,,Conducteur de Travaux maçon Fumiste Secteur : Agriculture & Industrie Agroalimentaire.
JOB250002620,Electricien Irrigation HQ,SARIS Congo,Kayes,Agriculture & Industrie Agroalimentaire,CDD,,,,Electricien Irrigation HQ Secteur : Agriculture & Industrie Agroalimentaire.
JOB250002681,Assistant du Chef de Service Logistique et Transit,SARIS Congo,Kayes,Agriculture & Industrie Agroalimentaire,CDI,,,transit,Assistant du Chef de Service Logistique et Transit Secteur : Agriculture & Industrie Agroalimentaire.
JOB250002787,Conducteur de Travaux Génie Civil,SARIS Congo,Kayes,Agriculture & Industrie Agroalimentaire,CDD,,,génie civil,Conducteur de Travaux Génie Civil Secteur : Agriculture & Industrie Agroalimentaire.
JOB250002815,Technicien Supérieur Raffinerie,SARIS Congo,Nkayi,Agriculture & Industrie Agroalimentaire,CDD,,,,Technicien Supérieur Raffinerie Secteur : Agriculture & Industrie Agroalimentaire.
JOB250002816,Chef d'Equipe Essorage,SARIS Congo,Nkayi,Agriculture & Industrie Agroalimentaire,CDD,,,,Chef d'Equipe Essorage Secteur : Agriculture & Industrie Agroalimentaire.
JOB250002817,chef d'Equipe Raffinerie,SARIS Congo,Nkayi,Agriculture & Industrie Agroalimentaire,CDD,,,,chef d'Equipe Raffinerie Secteur : Agriculture & Industrie Agroalimentaire.
JOB250002821,Mécanicien HQentretien Appareillage et Vannes,SARIS Congo,Nkayi,Agriculture & Industrie Agroalimentaire,CDD,,,,Mécanicien HQentretien Appareillage et Vannes Secteur : Agriculture & Industrie Agroalimentaire.
JOB250002822,Mécanicien Entretien Réducteurs HQ,SARIS Congo,Nkayi,Agriculture & Industrie Agroalimentaire,CDD,,,,Mécanicien Entretien Réducteurs HQ Secteur : Agriculture & Industrie Agroalimentaire.
JOB250002843,Mécanicien OH Entretien Centrifugeuses,SARIS Congo,Nkayi,Agriculture & Industrie Agroalimentaire,CDD,,,,Mécanicien OH Entretien Centrifugeuses Secteur : Agriculture & Industrie Agroalimentaire.
JOB250002851,Electricien Professionnel,SARIS Congo,Nkayi,Agriculture & Industrie Agroalimentaire,CDD,,,,Electricien Professionnel Secteur : Agriculture & Industrie Agroalimentaire.
JOB250001516,Chauffeurs Livreurs,SARL Groupe d'Affaire MALONGA MASSAMBA,Brazzaville,"Transport, Logistique & Supply Chain",CDD,,,supply chain,"Chauffeurs Livreurs Secteur : Transport, Logistique & Supply Chain."
JOB250001517,GESTIONNAIRE D’ANTENNE,SARL Groupe d'Affaire MALONGA MASSAMBA,Pointe-Noire,"Transport, Logistique & Supply Chain",CDI,,,supply chain,"GESTIONNAIRE D’ANTENNE Secteur : Transport, Logistique & Supply Chain."
JOB250001544,Assistant Manager,SARL Groupe d'Affaire MALONGA MASSAMBA,Brazzaville,"Transport, Logistique & Supply Chain",CDI,,,supply chain,"Assistant Manager Secteur : Transport, Logistique & Supply Chain."
JOB250001545,Responsable Supply Chain,SARL Groupe d'Affaire MALONGA MASSAMBA,Brazzaville,"Transport, Logistique & Supply Chain",CDD,,,supply chain,"Responsable Supply Chain Secteur : Transport, Logistique & Supply Chain."
JOB250002039,ENSEIGNANT JUNIOR,SAS CONGO,Brazzaville,"Éducation, Formation & Enseignement",CDD,,,enseignement,"ENSEIGNANT JUNIOR  Secteur : Éducation, Formation & Enseignement."
JOB250002198,Opérateur YARD,SAS CONGO,Pointe-Noire,"Pétrole, Gaz & Hydrocarbures",CDD,,,,"Opérateur YARD Secteur : Pétrole, Gaz & Hydrocarbures."
JOB250002199,Préparateur,SAS CONGO,Pointe-Noire,"Industrie, Production & Maintenance",CDD,,,,"Préparateur Secteur : Industrie, Production & Maintenance."
JOB250002201,Préparateur OPM,SAS CONGO,Pointe-Noire,"Industrie, Production & Maintenance",CDD,,,,"Préparateur OPM Secteur : Industrie, Production & Maintenance."
JOB250002203,MONTEUR,SAS CONGO,Pointe-Noire,"Industrie, Production & Maintenance",CDD,,,,"MONTEUR Secteur : Industrie, Production & Maintenance."
JOB250002204,Coordonnateur HSE,SAS CONGO,Pointe-Noire,"Assurance Qualité, Contrôle, Testing (QHSE)",CDD,,,hse; qhse,"Coordonnateur HSE Secteur : Assurance Qualité, Contrôle, Testing (QHSE)."
JOB250002206,Inspecteur Controle Qualité,SAS CONGO,Pointe-Noire,"Pétrole, Gaz & Hydrocarbures",CDD,,,,"Inspecteur Controle Qualité Secteur : Pétrole, Gaz & Hydrocarbures."
JOB250002207,Technicien d'Atelier,SAS CONGO,Pointe-Noire,"Pétrole, Gaz & Hydrocarbures",CDD,,,,"Technicien d'Atelier Secteur : Pétrole, Gaz & Hydrocarbures."
NONREF000220,Responsable QHSE,SAT,Pointe-Noire,"Assurance Qualité, Contrôle, Testing (QHSE)",CDD,,,qhse,"Responsable QHSE Secteur : Assurance Qualité, Contrôle, Testing (QHSE)."
NONREF000222,Secrétaire à la logistique,SAT,Pointe-Noire,"Transport, Logistique & Supply Chain",CDD,,,supply chain,"Secrétaire à la logistique Secteur : Transport, Logistique & Supply Chain."
NONREF000227,Secrétaire du garage,SAT,Pointe-Noire,"Transport, Logistique & Supply Chain",CDD,,,supply chain,"Secrétaire du garage Secteur : Transport, Logistique & Supply Chain."
NONREF000131,Expert comptable,SAT CONGO SARL,Pointe-Noire,"Transport, Logistique & Supply Chain",CDD,,,supply chain,"Expert comptable Secteur : Transport, Logistique & Supply Chain."
NONREF000223,Secrétaire Adjointe à la log,SAT CONGO SARL,Pointe-Noire,"Transport, Logistique & Supply Chain",CDD,,,supply chain,"Secrétaire Adjointe à la log Secteur : Transport, Logistique & Supply Chain."
NONREF000224,Secrétaire Adjointe garage,SAT CONGO SARL,Pointe-Noire,"Transport, Logistique & Supply Chain",CDD,,,supply chain,"Secrétaire Adjointe garage Secteur : Transport, Logistique & Supply Chain."
JOB250002559,Chauffeur Semi-Remorque,SATRANS LOGISTIQUE,Pointe-Noire,"Transport, Logistique & Supply Chain",CDI,,,supply chain,"Chauffeur Semi-Remorque Secteur : Transport, Logistique & Supply Chain."
JOB250002593,Mécanicien des Véhicules Sémi Remorque,SATRANS LOGISTIQUE,Pointe-Noire,"Transport, Logistique & Supply Chain",CDD,,,supply chain,"Mécanicien des Véhicules Sémi Remorque Secteur : Transport, Logistique & Supply Chain."
JOB250002305,COMPTABLE,SCAB CONGO S.A,Brazzaville,"Sécurité, Sûreté & Défense",CDD,,,,"COMPTABLE  Secteur : Sécurité, Sûreté & Défense."
JOB250002309,AGENT DE PREVENTION,SCAB CONGO S.A,Brazzaville,"Sécurité, Sûreté & Défense",CDD,,,,"AGENT DE PREVENTION Secteur : Sécurité, Sûreté & Défense."
NONREF000066,Chauffeur,SCDI,Pointe-Noire,"Industrie, Production & Maintenance",CDD,,,,"Chauffeur Secteur : Industrie, Production & Maintenance."
NONREF000139,Gestionnairede stock,SCDI,Pointe-Noire,"Industrie, Production & Maintenance",CDD,,,,"Gestionnairede stock Secteur : Industrie, Production & Maintenance."
JOB250000976,Ouvrier,SCDI  (SOCIETE CONGOLAISE DES INDUSTRIES ),Pointe-Noire,"Industrie, Production & Maintenance",CDD,,,,"Ouvrier  Secteur : Industrie, Production & Maintenance."
JOB250002750,Agent Commercial,SCDI  (SOCIETE CONGOLAISE DES INDUSTRIES ),Pointe-Noire,"Commerce, Vente, Marketing & Distribution",CDD,,,vente,"Agent Commercial Secteur : Commerce, Vente, Marketing & Distribution."
JOB250002752,Ouvrier,SCDI  (SOCIETE CONGOLAISE DES INDUSTRIES ),Pointe-Noire,"Bâtiment, Travaux Publics & Aménagement du Territoire",CDD,,,,"Ouvrier  Secteur : Bâtiment, Travaux Publics & Aménagement du Territoire."
JOB250002753,Agent de Production et Maintenance,SCDI  (SOCIETE CONGOLAISE DES INDUSTRIES ),Pointe-Noire,"Industrie, Production & Maintenance",CDD,,,,"Agent de Production et Maintenance Secteur : Industrie, Production & Maintenance."
JOB250002754,Chauffeur,SCDI  (SOCIETE CONGOLAISE DES INDUSTRIES ),Pointe-Noire,"Transport, Logistique & Supply Chain",CDD,,,supply chain,"Chauffeur  Secteur : Transport, Logistique & Supply Chain."
JOB250001241,Acheteur Junior,SEAOWL ENERGIES SERVICES CONGO,Pointe-Noire,"Pétrole, Gaz & Hydrocarbures",CDD,,,,"Acheteur Junior Secteur : Pétrole, Gaz & Hydrocarbures."
JOB250001688,INGENIEURBOUE,SEAOWL ENERGIES SERVICES CONGO,Pointe-Noire,"Pétrole, Gaz & Hydrocarbures",CDD,,,,"INGENIEURBOUE Secteur : Pétrole, Gaz & Hydrocarbures."
JOB250001894,RESPONSABLE SAS,SEAOWL ENERGIES SERVICES CONGO,Pointe-Noire,"Pétrole, Gaz & Hydrocarbures",CDD,,,,"RESPONSABLE SAS Secteur : Pétrole, Gaz & Hydrocarbures."
JOB250001895,Responsable de Base Logistique,SEAOWL ENERGIES SERVICES CONGO,Pointe-Noire,"Pétrole, Gaz & Hydrocarbures",CDD,,,,"Responsable de Base Logistique Secteur : Pétrole, Gaz & Hydrocarbures."
JOB250002749,Ingénieur Intégrité Puits,SEAOWL ENERGIES SERVICES CONGO,Pointe-Noire,"Pétrole, Gaz & Hydrocarbures",CDD,,,,"Ingénieur Intégrité Puits Secteur : Pétrole, Gaz & Hydrocarbures."
JOB250002034,Farm Manager,SEDIMA CONGO  SA,Brazzaville,Agriculture & Industrie Agroalimentaire,CDD,,,,Farm Manager Secteur : Agriculture & Industrie Agroalimentaire.
JOB250002036,Farm operations manager,SEDIMA CONGO  SA,Brazzaville,Agriculture & Industrie Agroalimentaire,CDD,,,,Farm operations manager  Secteur : Agriculture & Industrie Agroalimentaire.
JOB250002037,Controleur de Gestion,SEDIMA CONGO  SA,Brazzaville,"Finance, Banque, Assurance, Comptabilité & Fiscalité",CDD,,,comptabilité; fiscalité,"Controleur de Gestion Secteur : Finance, Banque, Assurance, Comptabilité & Fiscalité."
JOB250002043,Chef de garage,SEDIMA CONGO  SA,Brazzaville,Agriculture & Industrie Agroalimentaire,CDD,,,,Chef de garage Secteur : Agriculture & Industrie Agroalimentaire.
JOB250002047,Mécanicien – Aide Magasinier Pièces de Rechange,SEDIMA CONGO  SA,Brazzaville,"Industrie, Production & Maintenance",CDD,,,,"Mécanicien – Aide Magasinier Pièces de Rechange  Secteur : Industrie, Production & Maintenance."
JOB250002050,Soudeur,SEDIMA CONGO  SA,Brazzaville,"Industrie, Production & Maintenance",CDD,,,,"Soudeur Secteur : Industrie, Production & Maintenance."
JOB250002052,Chef de perimetre,SEDIMA CONGO  SA,Brazzaville,Agriculture & Industrie Agroalimentaire,CDD,,,,Chef de perimetre Secteur : Agriculture & Industrie Agroalimentaire.
JOB250002053,AGENT DE SECURITE,SEDIMA CONGO  SA,Brazzaville,"Sécurité, Sûreté & Défense",CDD,,,,"AGENT DE SECURITE Secteur : Sécurité, Sûreté & Défense."
JOB250002054,Chef de sécurité,SEDIMA CONGO  SA,Brazzaville,"Sécurité, Sûreté & Défense",CDD,,,,"Chef de sécurité Secteur : Sécurité, Sûreté & Défense."
JOB250002056,Tracteuriste,SEDIMA CONGO  SA,Brazzaville,"Transport, Logistique & Supply Chain",CDD,,,supply chain,"Tracteuriste Secteur : Transport, Logistique & Supply Chain."
JOB250002057,Aide magasinier,SEDIMA CONGO  SA,Brazzaville,"Commerce, Vente, Marketing & Distribution",CDD,,,vente,"Aide magasinier  Secteur : Commerce, Vente, Marketing & Distribution."
JOB250002058,Chef magasinier,SEDIMA CONGO  SA,Brazzaville,"Commerce, Vente, Marketing & Distribution",CDD,,,vente,"Chef magasinier  Secteur : Commerce, Vente, Marketing & Distribution."
JOB250001209,Souscripteur en assurances,SEDLEX & PARTNERS,Brazzaville,"Finance, Banque, Assurance, Comptabilité & Fiscalité",CDD,,,comptabilité; fiscalité,"Souscripteur en assurances Secteur : Finance, Banque, Assurance, Comptabilité & Fiscalité."
JOB250001380,DIRECTEUR ADMINISTRATIF ET FINANCIER,SEDLEX & PARTNERS,Pointe-Noire,"Finance, Banque, Assurance, Comptabilité & Fiscalité",CDI,,,comptabilité; fiscalité,"DIRECTEUR ADMINISTRATIF ET FINANCIER Secteur : Finance, Banque, Assurance, Comptabilité & Fiscalité."
JOB250001592,CHAUFFEUR COURSIER,SEDLEX & PARTNERS,Pointe-Noire,"Transport, Logistique & Supply Chain",CDD,,,supply chain,"CHAUFFEUR COURSIER  Secteur : Transport, Logistique & Supply Chain."
JOB250001593,GESTIONNAIRE SINISTRE,SEDLEX & PARTNERS,Pointe-Noire,"Finance, Banque, Assurance, Comptabilité & Fiscalité",CDD,,,comptabilité; fiscalité,"GESTIONNAIRE SINISTRE Secteur : Finance, Banque, Assurance, Comptabilité & Fiscalité."
JOB250002211,Informaticien,SEDLEX & PARTNERS,Pointe-Noire,"Informatique, Data, Télécommunications & Digital",CDD,,,,"Informaticien Secteur : Informatique, Data, Télécommunications & Digital."
STG250001999,Fiscaliste,SEDLEX & PARTNERS,Hinda,"Finance, Banque, Assurance, Comptabilité & Fiscalité",Stage professionnel,,,comptabilité; fiscalité,"Fiscaliste Secteur : Finance, Banque, Assurance, Comptabilité & Fiscalité."
JOB250002403,Chargé des Ressources Humaines,SEDLEX & PARTNERS,Pointe-Noire,"Pétrole, Gaz & Hydrocarbures",CDI,,,,"Chargé des Ressources Humaines Secteur : Pétrole, Gaz & Hydrocarbures."
JOB250002691,COMPTABLE,SEDLEX & PARTNERS,Pointe-Noire,"Finance, Banque, Assurance, Comptabilité & Fiscalité",CDD,,,comptabilité; fiscalité,"COMPTABLE  Secteur : Finance, Banque, Assurance, Comptabilité & Fiscalité."
JOB250002304,CAISSIER,SERFIN SA,Brazzaville,"Finance, Banque, Assurance, Comptabilité & Fiscalité",CDD,,,comptabilité; fiscalité,"CAISSIER Secteur : Finance, Banque, Assurance, Comptabilité & Fiscalité."
NONREF000016,Approvisionneur ETPS,SERVTEC,Pointe-Noire,"Commerce, Vente, Marketing & Distribution",CDD,,,vente,"Approvisionneur ETPS Secteur : Commerce, Vente, Marketing & Distribution."
NONREF000024,Assistant commercial,SERVTEC,Pointe-Noire,"Commerce, Vente, Marketing & Distribution",CDD,,,vente,"Assistant commercial Secteur : Commerce, Vente, Marketing & Distribution."
NONREF000103,Comptable cout pétrolier,SERVTEC,Pointe-Noire,"Commerce, Vente, Marketing & Distribution",CDD,,,vente,"Comptable cout pétrolier Secteur : Commerce, Vente, Marketing & Distribution."
NONREF000136,Géologue opérations,SERVTEC,Pointe-Noire,"Commerce, Vente, Marketing & Distribution",CDD,,,vente,"Géologue opérations Secteur : Commerce, Vente, Marketing & Distribution."
NONREF000143,Gestionnaire Business Center,SERVTEC,Pointe-Noire,"Commerce, Vente, Marketing & Distribution",CDI,,,vente,"Gestionnaire Business Center Secteur : Commerce, Vente, Marketing & Distribution."
NONREF000152,HSE,SERVTEC,Pointe-Noire,"Assurance Qualité, Contrôle, Testing (QHSE)",CDD,,,hse; qhse,"HSE Secteur : Assurance Qualité, Contrôle, Testing (QHSE)."
NONREF000157,Ingénieur production offshore,SERVTEC,Pointe-Noire,"Commerce, Vente, Marketing & Distribution",CDD,,,vente,"Ingénieur production offshore Secteur : Commerce, Vente, Marketing & Distribution."
NONREF000160,Instrumentiste Onshore,SERVTEC,Pointe-Noire,"Commerce, Vente, Marketing & Distribution",CDD,,,vente,"Instrumentiste Onshore Secteur : Commerce, Vente, Marketing & Distribution."
NONREF000057,Cariste,SERVTEC,Pointe-Noire,"Commerce, Vente, Marketing & Distribution",CDD,,,vente,"Cariste Secteur : Commerce, Vente, Marketing & Distribution."
JOB250000843,COORDONNATEUR IT,SERVTEC CONGO,Pointe-Noire,"Commerce, Vente, Marketing & Distribution",CDD,,,vente,"COORDONNATEUR IT Secteur : Commerce, Vente, Marketing & Distribution."
JOB250000890,SAFETY SUPERVISOR,SERVTEC CONGO,Pointe-Noire,"Pétrole, Gaz & Hydrocarbures",CDD,,,,"SAFETY SUPERVISOR Secteur : Pétrole, Gaz & Hydrocarbures."
JOB250000954,INGENIEUR MAINTENANCE,SERVTEC CONGO,Pointe-Noire,"Pétrole, Gaz & Hydrocarbures",CDD,,,,"INGENIEUR MAINTENANCE Secteur : Pétrole, Gaz & Hydrocarbures."
JOB250000955,Opérateur WORKOVER,SERVTEC CONGO,Pointe-Noire,"Pétrole, Gaz & Hydrocarbures",CDD,,,,"Opérateur WORKOVER Secteur : Pétrole, Gaz & Hydrocarbures."
JOB250000956,acheteur de services,SERVTEC CONGO,Pointe-Noire,"Pétrole, Gaz & Hydrocarbures",CDD,,,,"acheteur de services  Secteur : Pétrole, Gaz & Hydrocarbures."
JOB250000957,Maçon,SERVTEC CONGO,Pointe-Noire,"Bâtiment, Travaux Publics & Aménagement du Territoire",CDD,,,,"Maçon  Secteur : Bâtiment, Travaux Publics & Aménagement du Territoire."
JOB250000958,AIDE PEINTRE,SERVTEC CONGO,Pointe-Noire,"Bâtiment, Travaux Publics & Aménagement du Territoire",CDD,,,,"AIDE PEINTRE Secteur : Bâtiment, Travaux Publics & Aménagement du Territoire."
JOB250000959,Chauffeur,SERVTEC CONGO,Pointe-Noire,"Pétrole, Gaz & Hydrocarbures",CDD,,,,"Chauffeur  Secteur : Pétrole, Gaz & Hydrocarbures."
JOB250000964,DIRECTEUR MOYENS DE SECOURS,SERVTEC CONGO,Pointe-Noire,"Conseil, Stratégie & Gestion des Ressources Humaines",CDI,,,gestion des ressources humaines,"DIRECTEUR MOYENS DE SECOURS Secteur : Conseil, Stratégie & Gestion des Ressources Humaines."
JOB250001024,DIRECTEUR GÉOLOGIE ET EXPLOITATION,SERVTEC CONGO,Pointe-Noire,"Énergie, Environnement & Eau",CDI,,,,"DIRECTEUR GÉOLOGIE ET EXPLOITATION Secteur : Énergie, Environnement & Eau."
JOB250001025,DIRECTEUR GÉOLOGIE ET EXPLOITATION,SERVTEC CONGO,Pointe-Noire,"Énergie, Environnement & Eau",CDI,,,,"DIRECTEUR GÉOLOGIE ET EXPLOITATION Secteur : Énergie, Environnement & Eau."
JOB250001026,DIRECTEUR GÉOLOGIE ET EXPLOITATION,SERVTEC CONGO,Pointe-Noire,"Énergie, Environnement & Eau",CDI,,,,"DIRECTEUR GÉOLOGIE ET EXPLOITATION Secteur : Énergie, Environnement & Eau."
JOB250001027,DIRECTEUR GÉOLOGIE ET EXPLOITATION,SERVTEC CONGO,Pointe-Noire,"Énergie, Environnement & Eau",CDI,,,,"DIRECTEUR GÉOLOGIE ET EXPLOITATION Secteur : Énergie, Environnement & Eau."
JOB250001028,DIRECTEUR GÉOLOGIE ET EXPLOITATION,SERVTEC CONGO,Pointe-Noire,"Pétrole, Gaz & Hydrocarbures",CDI,,,,"DIRECTEUR GÉOLOGIE ET EXPLOITATION Secteur : Pétrole, Gaz & Hydrocarbures."
JOB250001063,Directeur Centre de Prévention et d'Appui Lutte Incendie,SERVTEC CONGO,Pointe-Noire,"Commerce, Vente, Marketing & Distribution",CDI,,,vente,"Directeur Centre de Prévention et d'Appui Lutte Incendie Secteur : Commerce, Vente, Marketing & Distribution."
JOB250001168,Chef comptable,SERVTEC CONGO,Pointe-Noire,"Commerce, Vente, Marketing & Distribution",CDI,,,vente,"Chef comptable Secteur : Commerce, Vente, Marketing & Distribution."
JOB250001277,MONTEUR,SERVTEC CONGO,Pointe-Noire,"Industrie, Production & Maintenance",CDD,,,,"MONTEUR Secteur : Industrie, Production & Maintenance."
JOB250001278,Coordonnateur Sécurité,SERVTEC CONGO,Pointe-Noire,"Sécurité, Sûreté & Défense",CDD,,,,"Coordonnateur Sécurité Secteur : Sécurité, Sûreté & Défense."
JOB250001515,ASSISTANT RETAIL,SERVTEC CONGO,Brazzaville,"Pétrole, Gaz & Hydrocarbures",CDD,,,,"ASSISTANT RETAIL  Secteur : Pétrole, Gaz & Hydrocarbures."
JOB250001531,Ingénieur en Diagraphie des Puits Tubés,SERVTEC CONGO,Pointe-Noire,"Pétrole, Gaz & Hydrocarbures",CDD,,,,"Ingénieur en Diagraphie des Puits Tubés Secteur : Pétrole, Gaz & Hydrocarbures."
JOB250001623,SPECIALISTE ADMINISTRATIF,SERVTEC CONGO,Pointe-Noire,"Pétrole, Gaz & Hydrocarbures",CDD,,,,"SPECIALISTE ADMINISTRATIF Secteur : Pétrole, Gaz & Hydrocarbures."
JOB250001624,COORDINATEUR MATERIEL,SERVTEC CONGO,Pointe-Noire,"Industrie, Production & Maintenance",CDD,,,,"COORDINATEUR MATERIEL Secteur : Industrie, Production & Maintenance."
JOB250001689,CAISSIER,SERVTEC CONGO,Pointe-Noire,"Finance, Banque, Assurance, Comptabilité & Fiscalité",CDD,,,comptabilité; fiscalité,"CAISSIER Secteur : Finance, Banque, Assurance, Comptabilité & Fiscalité."
JOB250001692,CHEF MENUISIER,SERVTEC CONGO,Pointe-Noire,"Bâtiment, Travaux Publics & Aménagement du Territoire",CDD,,,,"CHEF MENUISIER Secteur : Bâtiment, Travaux Publics & Aménagement du Territoire."
JOB250001693,MENUISIER,SERVTEC CONGO,Pointe-Noire,"Bâtiment, Travaux Publics & Aménagement du Territoire",CDD,,,,"MENUISIER Secteur : Bâtiment, Travaux Publics & Aménagement du Territoire."
JOB250001755,Sapeur-Pompier,SERVTEC CONGO,Pointe-Noire,"Commerce, Vente, Marketing & Distribution",CDD,,,vente,"Sapeur-Pompier Secteur : Commerce, Vente, Marketing & Distribution."
JOB250002028,AGENT RECOUVREURTERRAIN,SERVTEC CONGO,Brazzaville,"Conseil, Stratégie & Gestion des Ressources Humaines",CDD,,,gestion des ressources humaines,"AGENT RECOUVREURTERRAIN  Secteur : Conseil, Stratégie & Gestion des Ressources Humaines."
JOB250002088,Instrumentiste,SERVTEC CONGO,Pointe-Noire,"Pétrole, Gaz & Hydrocarbures",CDD,,,,"Instrumentiste Secteur : Pétrole, Gaz & Hydrocarbures."
JOB250002155,Assistant Transit,SERVTEC CONGO,Pointe-Noire,"Pétrole, Gaz & Hydrocarbures",CDD,,,transit,"Assistant Transit Secteur : Pétrole, Gaz & Hydrocarbures."
JOB250002411,Agent de Parc,SERVTEC CONGO,Pointe-Noire,"Pétrole, Gaz & Hydrocarbures",CDI,,,,"Agent de Parc Secteur : Pétrole, Gaz & Hydrocarbures."
JOB250002444,Document Controller Junior,SERVTEC CONGO,Pointe-Noire,"Pétrole, Gaz & Hydrocarbures",CDD,,,,"Document Controller Junior Secteur : Pétrole, Gaz & Hydrocarbures."
JOB250002446,Technicien Agricole,SERVTEC CONGO,Pointe-Noire,Agriculture & Industrie Agroalimentaire,CDD,,,,Technicien Agricole Secteur : Agriculture & Industrie Agroalimentaire.
JOB250002476,Assistant Archiviste,SERVTEC CONGO,Pointe-Noire,"Commerce, Vente, Marketing & Distribution",CDD,,,vente,"Assistant Archiviste Secteur : Commerce, Vente, Marketing & Distribution."
JOB250002548,Ingénieur méthodes Traitement-Laboratoire,SERVTEC CONGO,Pointe-Noire,"Pétrole, Gaz & Hydrocarbures",CDD,,,,"Ingénieur méthodes Traitement-Laboratoire Secteur : Pétrole, Gaz & Hydrocarbures."
JOB250002550,Conseillère clientèle,SERVTEC CONGO,Pointe-Noire,"Communication, Médias & Événementiel",CDD,,,,"Conseillère clientèle Secteur : Communication, Médias & Événementiel."
JOB250002634,Aide Opérateur,SERVTEC CONGO,Pointe-Noire,"Pétrole, Gaz & Hydrocarbures",CDD,,,,"Aide Opérateur Secteur : Pétrole, Gaz & Hydrocarbures."
JOB250002635,POMPISTE,SERVTEC CONGO,Pointe-Noire,"Commerce, Vente, Marketing & Distribution",CDD,,,vente,"POMPISTE  Secteur : Commerce, Vente, Marketing & Distribution."
JOB250002717,Superviseur travaux projet,SERVTEC CONGO,Pointe-Noire,"Pétrole, Gaz & Hydrocarbures",Contrat d'intérim,,,,"Superviseur travaux projet Secteur : Pétrole, Gaz & Hydrocarbures."
JOB250002734,Coordinateur logistique projet,SERVTEC CONGO,Pointe-Noire,"Pétrole, Gaz & Hydrocarbures",CDD,,,,"Coordinateur logistique projet Secteur : Pétrole, Gaz & Hydrocarbures."
JOB250002736,Aide Technique,SERVTEC CONGO,Pointe-Noire,"Industrie, Production & Maintenance",CDD,,,,"Aide Technique Secteur : Industrie, Production & Maintenance."
JOB250002785,Commercial Réseau Traditionnel,SERVTEC CONGO,Pointe-Noire,"Industrie, Production & Maintenance",CDD,,,,"Commercial Réseau Traditionnel Secteur : Industrie, Production & Maintenance."
JOB250002786,Technicien de surface,SERVTEC CONGO,Pointe-Noire,Divers,CDD,,,,Technicien de surface Secteur : Divers .
NONREF000018,Assistant Adm & Comptable,SESI,Pointe-Noire,"Industrie, Production & Maintenance",CDD,,,,"Assistant Adm & Comptable Secteur : Industrie, Production & Maintenance."
NONREF000104,Comptable fiscaliste,SESI FOURE,Pointe-Noire,"Industrie, Production & Maintenance",CDD,,,,"Comptable fiscaliste Secteur : Industrie, Production & Maintenance."
NONREF000154,Ingénieur de projet,SESI GPE FOURE LAGADEC,Pointe-Noire,"Industrie, Production & Maintenance",CDI,,,,"Ingénieur de projet Secteur : Industrie, Production & Maintenance."
JOB250002200,Directeur Général,SETUAD,Brazzaville,"Conseil, Stratégie & Gestion des Ressources Humaines",CDI,,,gestion des ressources humaines,"Directeur Général Secteur : Conseil, Stratégie & Gestion des Ressources Humaines."
JOB250002202,DIRECTEUR TECHNIQUE,SETUAD,Brazzaville,"Bâtiment, Travaux Publics & Aménagement du Territoire",CDI,,,,"DIRECTEUR TECHNIQUE Secteur : Bâtiment, Travaux Publics & Aménagement du Territoire."
JOB250002205,Architecte,SETUAD,Brazzaville,"Bâtiment, Travaux Publics & Aménagement du Territoire",CDI,,,,"Architecte Secteur : Bâtiment, Travaux Publics & Aménagement du Territoire."
NONREF000060,Chargé de R&D en meunerie,SGMP,Pointe-Noire,"Commerce, Vente, Marketing & Distribution",CDD,,,vente,"Chargé de R&D en meunerie Secteur : Commerce, Vente, Marketing & Distribution."
NONREF000107,Conducteur des machines ag,SGMP,Pointe-Noire,"Commerce, Vente, Marketing & Distribution",CDD,,,vente,"Conducteur des machines ag Secteur : Commerce, Vente, Marketing & Distribution."
NONREF000186,Ouvrier agricole,SGMP,Pointe-Noire,"Commerce, Vente, Marketing & Distribution",CDD,,,vente,"Ouvrier agricole Secteur : Commerce, Vente, Marketing & Distribution."
NONREF000242,Technicien de maintenance,SGMP,Pointe-Noire,"Commerce, Vente, Marketing & Distribution",CDD,,,vente,"Technicien de maintenance Secteur : Commerce, Vente, Marketing & Distribution."
JOB250001903,Conseillers Chargés d'Appui aux Incubateurs,SIAD CONGO( SERVICE INTERNATIONAL D'APPUI AU DEVELOPPEMENT),Pointe-Noire,"Conseil, Stratégie & Gestion des Ressources Humaines",CDD,,,gestion des ressources humaines,"Conseillers Chargés d'Appui aux Incubateurs Secteur : Conseil, Stratégie & Gestion des Ressources Humaines."
JOB250002069,CONTROLEUR INTERNE-AFRIQUE CENTRALE,SIAT DISTRIBUTION SASU,Brazzaville,"Industrie, Production & Maintenance",CDD,,,,"CONTROLEUR INTERNE-AFRIQUE CENTRALE  Secteur : Industrie, Production & Maintenance."
JOB250002522,RESPONSABLE TRADE MARKETING,SIAT DISTRIBUTION SASU,Brazzaville,"Industrie, Production & Maintenance",CDI,,,,"RESPONSABLE TRADE MARKETING Secteur : Industrie, Production & Maintenance."
JOB250002071,Agent d'Accueil,SILICONE CONNECT,Brazzaville,"Informatique, Data, Télécommunications & Digital",CDI,,,,"Agent d'Accueil Secteur : Informatique, Data, Télécommunications & Digital."
JOB250002316,RESPONSABLE RESSOURCES HUMAINES,SILICONE CONNECT,Brazzaville,"Informatique, Data, Télécommunications & Digital",CDD,,,,"RESPONSABLE RESSOURCES HUMAINES  Secteur : Informatique, Data, Télécommunications & Digital."
JOB250001114,Agent commercial,SI-TECH GLOBAL CONSULTING,Brazzaville,"Commerce, Vente, Marketing & Distribution",Contrat d'apprentissage,,,vente,"Agent commercial Secteur : Commerce, Vente, Marketing & Distribution."
JOB250001115,Agent commercial,SI-TECH GLOBAL CONSULTING,Brazzaville,"Commerce, Vente, Marketing & Distribution",Contrat d'apprentissage,,,vente,"Agent commercial Secteur : Commerce, Vente, Marketing & Distribution."
JOB250001118,Agent commercial,SI-TECH GLOBAL CONSULTING,Pointe-Noire,"Commerce, Vente, Marketing & Distribution",CDD,,,vente,"Agent commercial Secteur : Commerce, Vente, Marketing & Distribution."
JOB250001006,Agent commercial,SITECH GLOBAL INDUSTRIE,Pointe-Noire,"Commerce, Vente, Marketing & Distribution",CDD,,,vente,"Agent commercial Secteur : Commerce, Vente, Marketing & Distribution."
JOB250002595,INGENIEUR ELECTROTECHNICIEN,SITECH GLOBAL INDUSTRIE,Brazzaville,"Industrie, Production & Maintenance",CDD,,,,"INGENIEUR ELECTROTECHNICIEN Secteur : Industrie, Production & Maintenance."
JOB250000832,Chargé Administratif et Financier,SMART VISION,Brazzaville,"Communication, Médias & Événementiel",CDI,,,,"Chargé Administratif et Financier Secteur : Communication, Médias & Événementiel."
JOB250000833,Community Manager,SMART VISION,Brazzaville,"Communication, Médias & Événementiel",CDI,,,,"Community Manager Secteur : Communication, Médias & Événementiel."
JOB250000834,Responsable PÔLE CREA & DESIGN,SMART VISION,Brazzaville,"Communication, Médias & Événementiel",CDI,,,,"Responsable PÔLE CREA & DESIGN Secteur : Communication, Médias & Événementiel."
JOB250000835,Responsable pôle Web,SMART VISION,Brazzaville,"Communication, Médias & Événementiel",CDI,,,,"Responsable pôle Web Secteur : Communication, Médias & Événementiel."
JOB250000836,chef de publicité et Chargé de projet en Agence Conseil en Communication,SMART VISION,Brazzaville,"Communication, Médias & Événementiel",CDI,,,,"chef de publicité et Chargé de projet en Agence Conseil en Communication Secteur : Communication, Médias & Événementiel."
JOB250000837,Graphiste Designer,SMART VISION,Brazzaville,"Communication, Médias & Événementiel",CDI,,,,"Graphiste Designer Secteur : Communication, Médias & Événementiel."
JOB250000838,Responsable pôle Web,SMART VISION,Brazzaville,"Communication, Médias & Événementiel",CDI,,,,"Responsable pôle Web Secteur : Communication, Médias & Événementiel."
JOB250000842,Développeur Web et application,SMART VISION,Brazzaville,"Communication, Médias & Événementiel",CDI,,,,"Développeur Web et application Secteur : Communication, Médias & Événementiel."
JOB250000899,Assistant de Direction - PMO,SMART VISION,Brazzaville,"Communication, Médias & Événementiel",CDI,,,,"Assistant de Direction - PMO Secteur : Communication, Médias & Événementiel."
JOB250002223,Community Manager,SMART VISION,Brazzaville,"Communication, Médias & Événementiel",CDI,,,,"Community Manager Secteur : Communication, Médias & Événementiel."
JOB250002306,Community Manager,SMART VISION,Brazzaville,"Communication, Médias & Événementiel",CDD,,,,"Community Manager Secteur : Communication, Médias & Événementiel."
JOB250000863,INFORMATICIEN EXPERT EN APPLICATION SIG,SMART WISE SARLU,Pointe-Noire,"Informatique, Data, Télécommunications & Digital",CDD,,,,"INFORMATICIEN EXPERT EN APPLICATION SIG Secteur : Informatique, Data, Télécommunications & Digital."
JOB250000864,DEVELOPPEUR INFORMATIQUE,SMART WISE SARLU,Pointe-Noire,"Informatique, Data, Télécommunications & Digital",CDD,,,,"DEVELOPPEUR INFORMATIQUE Secteur : Informatique, Data, Télécommunications & Digital."
JOB250000865,COMPTABLE ET ADMINISTRATIF,SMART WISE SARLU,Pointe-Noire,"Informatique, Data, Télécommunications & Digital",CDD,,,,"COMPTABLE ET ADMINISTRATIF Secteur : Informatique, Data, Télécommunications & Digital."
JOB250000866,COMMERCIAL,SMART WISE SARLU,Pointe-Noire,"Informatique, Data, Télécommunications & Digital",CDD,,,,"COMMERCIAL  Secteur : Informatique, Data, Télécommunications & Digital."
JOB250001174,COMPTABLE,SOCIETE   INDUSTRIELLE ET AGRICOLE (SIAT),Brazzaville,"Commerce, Vente, Marketing & Distribution",CDD,,,vente,"COMPTABLE  Secteur : Commerce, Vente, Marketing & Distribution."
JOB250001700,Administrateur CRM,SOCIETE   INDUSTRIELLE ET AGRICOLE (SIAT),Brazzaville,Agriculture & Industrie Agroalimentaire,CDD,,,,Administrateur CRM  Secteur : Agriculture & Industrie Agroalimentaire.
JOB250000826,EXPERT COMPTABLE,SOCIETE AFRICAINE DE TRANSPORT,Pointe-Noire,"Transport, Logistique & Supply Chain",CDD,,,supply chain,"EXPERT COMPTABLE  Secteur : Transport, Logistique & Supply Chain."
JOB250000828,SECRETAIRE ADJOINTE,SOCIETE AFRICAINE DE TRANSPORT,Pointe-Noire,"Transport, Logistique & Supply Chain",CDD,,,supply chain,"SECRETAIRE ADJOINTE Secteur : Transport, Logistique & Supply Chain."
JOB250000829,SECRETAIRE ADJOINTE A LA LOGISTIQUE,SOCIETE AFRICAINE DE TRANSPORT,Pointe-Noire,"Transport, Logistique & Supply Chain",CDD,,,supply chain,"SECRETAIRE ADJOINTE A LA LOGISTIQUE  Secteur : Transport, Logistique & Supply Chain."
JOB250001946,CAISSIER,SOCIETE AGRO PASTORALE EKOUNDOU ( SAPE),Brazzaville,"Finance, Banque, Assurance, Comptabilité & Fiscalité",CDD,,,comptabilité; fiscalité,"CAISSIER Secteur : Finance, Banque, Assurance, Comptabilité & Fiscalité."
JOB250001830,CAISSIER,Société Agro-pastorale EKOUNDOU,Brazzaville,"Finance, Banque, Assurance, Comptabilité & Fiscalité",CDD,,,comptabilité; fiscalité,"CAISSIER Secteur : Finance, Banque, Assurance, Comptabilité & Fiscalité."
JOB250002447,Agent de Recouvrement,SOCIETE AKWUABA,Brazzaville,"Finance, Banque, Assurance, Comptabilité & Fiscalité",CDD,,,comptabilité; fiscalité,"Agent de Recouvrement Secteur : Finance, Banque, Assurance, Comptabilité & Fiscalité."
JOB250002448,TECHNICIEN EN BATIMENT,SOCIETE AKWUABA,Brazzaville,"Commerce, Vente, Marketing & Distribution",CDD,,,vente,"TECHNICIEN EN BATIMENT Secteur : Commerce, Vente, Marketing & Distribution."
JOB250002483,Agent de Recouvrement,SOCIETE AKWUABA,Brazzaville,"Finance, Banque, Assurance, Comptabilité & Fiscalité",CDD,,,comptabilité; fiscalité,"Agent de Recouvrement Secteur : Finance, Banque, Assurance, Comptabilité & Fiscalité."
JOB250000873,AUDITEUR INTERNE,SOCIETE COMMUNE DE LOGISTIQUE,Brazzaville,"Transport, Logistique & Supply Chain",CDI,,,supply chain,"AUDITEUR INTERNE  Secteur : Transport, Logistique & Supply Chain."
JOB250000874,Assistant HSE,SOCIETE COMMUNE DE LOGISTIQUE,Pointe-Noire,"Assurance Qualité, Contrôle, Testing (QHSE)",CDI,,,hse; qhse,"Assistant HSE Secteur : Assurance Qualité, Contrôle, Testing (QHSE)."
JOB250001860,Chauffeur Poids Lourds Mécanicien,SOCIETE CONGOLAISE DE SERVICES INDUSTRIELS,Pointe-Noire,"Transport, Logistique & Supply Chain",CDD,,,supply chain,"Chauffeur Poids Lourds Mécanicien Secteur : Transport, Logistique & Supply Chain."
JOB250001861,Manœuvre,SOCIETE CONGOLAISE DE SERVICES INDUSTRIELS,Pointe-Noire,"Énergie, Environnement & Eau",CDD,,,,"Manœuvre Secteur : Énergie, Environnement & Eau."
JOB250001862,Assistant Mécanicien Manoeuvre,SOCIETE CONGOLAISE DE SERVICES INDUSTRIELS,Pointe-Noire,"Transport, Logistique & Supply Chain",CDD,,,supply chain,"Assistant Mécanicien Manoeuvre Secteur : Transport, Logistique & Supply Chain."
JOB250002195,Manœuvre,SOCIETE CONGOLAISE DE SERVICES INDUSTRIELS,Pointe-Noire,"Énergie, Environnement & Eau",CDD,,,,"Manœuvre Secteur : Énergie, Environnement & Eau."
JOB250002196,Chauffeur Poids Lourds Mécanicien,SOCIETE CONGOLAISE DE SERVICES INDUSTRIELS,Pointe-Noire,"Transport, Logistique & Supply Chain",CDD,,,supply chain,"Chauffeur Poids Lourds Mécanicien Secteur : Transport, Logistique & Supply Chain."
JOB250002109,Chauffeur,SOCIETE CONGOLAISE DE TRANSFORMATION DE BOIS ( SCTB),Brazzaville,Exploitation Forestière & Bois,CDI,,,,Chauffeur  Secteur : Exploitation Forestière & Bois.
JOB250002611,RESPONSABLE COMPTABLE,SOCIETE D'AVITAILLEMENT MARITIME( SAM CONGO SA),Pointe-Noire,"Finance, Banque, Assurance, Comptabilité & Fiscalité",CDI,,,comptabilité; fiscalité,"RESPONSABLE COMPTABLE  Secteur : Finance, Banque, Assurance, Comptabilité & Fiscalité."
JOB250001930,CAISSIER,SOCIETE DE CONTROLE TECHNIQUE AUTOMOBILE DU KOUILOU ( SCTK),Pointe-Noire,"Commerce, Vente, Marketing & Distribution",CDD,,,vente,"CAISSIER Secteur : Commerce, Vente, Marketing & Distribution."
JOB250002288,CAISSIER,SOCIETE DE CONTROLE TECHNIQUE AUTOMOBILE DU KOUILOU ( SCTK),Pointe-Noire,"Finance, Banque, Assurance, Comptabilité & Fiscalité",CDD,,,comptabilité; fiscalité,"CAISSIER Secteur : Finance, Banque, Assurance, Comptabilité & Fiscalité."
JOB250001801,PLOMBIER,SOCIETE DE FABRICATION DE PRODUITS ALIMENTAIRES (SOFAPRAL),Pointe-Noire,"Industrie, Production & Maintenance",CDD,,,,"PLOMBIER Secteur : Industrie, Production & Maintenance."
JOB250002022,Agent commercial,SOCIETE DE FABRICATION DE PRODUITS ALIMENTAIRES (SOFAPRAL),Pointe-Noire,"Industrie, Production & Maintenance",CDD,,,,"Agent commercial Secteur : Industrie, Production & Maintenance."
JOB250002271,CARISTE,SOCIETE DE FABRICATION DE PRODUITS ALIMENTAIRES (SOFAPRAL),Pointe-Noire,"Transport, Logistique & Supply Chain",CDD,,,supply chain,"CARISTE Secteur : Transport, Logistique & Supply Chain."
JOB250002352,Animateur de Vente,SOCIETE DE FABRICATION DE PRODUITS ALIMENTAIRES (SOFAPRAL),Pointe-Noire,Agriculture & Industrie Agroalimentaire,CDD,,,vente,Animateur de Vente Secteur : Agriculture & Industrie Agroalimentaire.
JOB250002738,Agent commercial,SOCIETE DE FABRICATION DE PRODUITS ALIMENTAIRES (SOFAPRAL),Pointe-Noire,"Commerce, Vente, Marketing & Distribution",CDD,,,vente,"Agent commercial Secteur : Commerce, Vente, Marketing & Distribution."
JOB250001369,Responsable du Marketing et de la communication,Société de Gestion de Brazza Mall,Brazzaville,"Commerce, Vente, Marketing & Distribution",CDI,,,vente,"Responsable du Marketing et de la communication Secteur : Commerce, Vente, Marketing & Distribution."
JOB250001408,Technicien.e Courant Fort,Société de Gestion de Brazza Mall,Brazzaville,"Commerce, Vente, Marketing & Distribution",CDI,,,vente,"Technicien.e Courant Fort Secteur : Commerce, Vente, Marketing & Distribution."
JOB250001409,Technicien.e Courant Faible,Société de Gestion de Brazza Mall,Brazzaville,"Commerce, Vente, Marketing & Distribution",CDI,,,vente,"Technicien.e Courant Faible Secteur : Commerce, Vente, Marketing & Distribution."
JOB250001411,Magasinier maintenance,Société de Gestion de Brazza Mall,Brazzaville,"Commerce, Vente, Marketing & Distribution",CDI,,,vente,"Magasinier maintenance Secteur : Commerce, Vente, Marketing & Distribution."
STG250001412,Infographe et Community Manager,Société de Gestion de Brazza Mall,Divenie,"Informatique, Data, Télécommunications & Digital",Stage professionnel,,,,"Infographe et Community Manager Secteur : Informatique, Data, Télécommunications & Digital."
JOB250002262,COMPTABLE,Société de Gestion de Brazza Mall,Brazzaville,"Finance, Banque, Assurance, Comptabilité & Fiscalité",CDI,,,comptabilité; fiscalité,"COMPTABLE  Secteur : Finance, Banque, Assurance, Comptabilité & Fiscalité."
JOB250001263,Assistant.e Juriste,Société d'Exploitation et de Développement des Infrastructures du Congo,Brazzaville,Droit et Justice,CDI,,,,Assistant.e Juriste Secteur : Droit et Justice.
JOB250002162,Juriste Immobilier,Société d'Exploitation et de Développement des Infrastructures du Congo,Brazzaville,Droit et Justice,CDI,,,,Juriste Immobilier Secteur : Droit et Justice.
JOB250000930,CHARGE D'AFFAIRE,SOCIETE D'INGENIERIE DE SERVICES ET MAINTENANCE (SISMA) SARLU,Pointe-Noire,"Commerce, Vente, Marketing & Distribution",CDD,,,vente,"CHARGE D'AFFAIRE  Secteur : Commerce, Vente, Marketing & Distribution."
JOB250002078,Maçon,SOCIETE D'INTERIM DE CARRIERE,Pointe-Noire,"Bâtiment, Travaux Publics & Aménagement du Territoire",CDD,,,,"Maçon  Secteur : Bâtiment, Travaux Publics & Aménagement du Territoire."
JOB250002079,Conducteurs,SOCIETE D'INTERIM DE CARRIERE,Pointe-Noire,"Transport, Logistique & Supply Chain",CDD,,,supply chain,"Conducteurs Secteur : Transport, Logistique & Supply Chain."
JOB250002841,Interprète (Bilingue Chinois- Français),SOCIETE D'INTERIM DE CARRIERE,Pointe-Noire,"Pétrole, Gaz & Hydrocarbures",CDD,,,,"Interprète (Bilingue Chinois- Français) Secteur : Pétrole, Gaz & Hydrocarbures."
JOB250002842,Conducteurs de Tractopelle (Bilingue Chinois-Français),SOCIETE D'INTERIM DE CARRIERE,Pointe-Noire,"Pétrole, Gaz & Hydrocarbures",CDD,,,,"Conducteurs de Tractopelle (Bilingue Chinois-Français) Secteur : Pétrole, Gaz & Hydrocarbures."
JOB250002549,Conducteur de Travaux,SOCIETE EIFFAGE GENIE CIVIL,Pointe-Noire,"Bâtiment, Travaux Publics & Aménagement du Territoire",CDD,,,,"Conducteur de Travaux Secteur : Bâtiment, Travaux Publics & Aménagement du Territoire."
JOB250001190,COMPTABLE,SOCIETE EQUATORIALE PHARMACEUTIQUE SEP,Pointe-Noire,"Finance, Banque, Assurance, Comptabilité & Fiscalité",CDD,,,comptabilité; fiscalité,"COMPTABLE  Secteur : Finance, Banque, Assurance, Comptabilité & Fiscalité."
JOB250001191,MAGASINIER,SOCIETE EQUATORIALE PHARMACEUTIQUE SEP,Pointe-Noire,"Commerce, Vente, Marketing & Distribution",CDD,,,vente,"MAGASINIER  Secteur : Commerce, Vente, Marketing & Distribution."
JOB250002150,COMPTABLE,SOCIETE EQUATORIALE PHARMACEUTIQUE SEP,Pointe-Noire,"Finance, Banque, Assurance, Comptabilité & Fiscalité",CDD,,,comptabilité; fiscalité,"COMPTABLE  Secteur : Finance, Banque, Assurance, Comptabilité & Fiscalité."
JOB250002741,Ingénieur des Données,SOCIETE GEOLOG CONGO,Pointe-Noire,"Pétrole, Gaz & Hydrocarbures",CDD,,,,"Ingénieur des Données Secteur : Pétrole, Gaz & Hydrocarbures."
JOB250001998,Responsable Zootechnicien,SOCIETE LES GRANDS MOULINS DU PHARE,Pointe-Noire,Agriculture & Industrie Agroalimentaire,CDI,,,,Responsable Zootechnicien Secteur : Agriculture & Industrie Agroalimentaire.
JOB250002087,Directeur Supply Chain,SOCIETE LES GRANDS MOULINS DU PHARE,Pointe-Noire,Agriculture & Industrie Agroalimentaire,CDI,,,supply chain,Directeur Supply Chain Secteur : Agriculture & Industrie Agroalimentaire.
JOB250002704,Responsable Zootechnicien,SOCIETE LES GRANDS MOULINS DU PHARE,Brazzaville,Agriculture & Industrie Agroalimentaire,CDI,,,,Responsable Zootechnicien Secteur : Agriculture & Industrie Agroalimentaire.
JOB250002800,DIRECTEUR COMMERCIAL & MARKETING,SOCIETE LES GRANDS MOULINS DU PHARE,Pointe-Noire,"Commerce, Vente, Marketing & Distribution",CDD,,,vente,"DIRECTEUR COMMERCIAL & MARKETING  Secteur : Commerce, Vente, Marketing & Distribution."
JOB250002833,Responsable Zootechnicien,SOCIETE LES GRANDS MOULINS DU PHARE,Brazzaville,Agriculture & Industrie Agroalimentaire,CDI,,,,Responsable Zootechnicien Secteur : Agriculture & Industrie Agroalimentaire.
JOB250000965,Technicienspécialiséen électromécanique,Société Maintenance Industrielle et du Bâtiment (SMIB),Brazzaville,"Énergie, Environnement & Eau",CDI,,,électromécanique,"Technicienspécialiséen électromécanique Secteur : Énergie, Environnement & Eau."
JOB250000966,Comptable Senior,Société Maintenance Industrielle et du Bâtiment (SMIB),Brazzaville,"Finance, Banque, Assurance, Comptabilité & Fiscalité",CDD,,,comptabilité; fiscalité,"Comptable Senior  Secteur : Finance, Banque, Assurance, Comptabilité & Fiscalité."
JOB250000967,Frigoriste,Société Maintenance Industrielle et du Bâtiment (SMIB),Brazzaville,"Industrie, Production & Maintenance",CDD,,,,"Frigoriste  Secteur : Industrie, Production & Maintenance."
JOB250002501,Préparateur de cuisine,SOCIETE MARIZA,Brazzaville,Hôtellerie - Restauration,CDD,,,cuisine,Préparateur de cuisine Secteur : Hôtellerie - Restauration.
JOB250002502,COMMIS DE CUISINE,SOCIETE MARIZA,Brazzaville,Hôtellerie - Restauration,CDD,,,cuisine,COMMIS DE CUISINE  Secteur : Hôtellerie - Restauration.
JOB250002503,Cuisinier,SOCIETE MARIZA,Brazzaville,Hôtellerie - Restauration,CDD,,,,Cuisinier  Secteur : Hôtellerie - Restauration.
JOB250002504,CHEF CUISINIER,SOCIETE MARIZA,Brazzaville,Hôtellerie - Restauration,CDD,,,,CHEF CUISINIER Secteur : Hôtellerie - Restauration.
JOB250002505,Barman,SOCIETE MARIZA,Brazzaville,Hôtellerie - Restauration,CDD,,,,Barman Secteur : Hôtellerie - Restauration.
JOB250002585,Caissier,SOCIETE MARIZA,Brazzaville,"Commerce, Vente, Marketing & Distribution",CDD,,,vente,"Caissier Secteur : Commerce, Vente, Marketing & Distribution."
JOB250002587,SERVEUR,SOCIETE MARIZA,Brazzaville,Hôtellerie - Restauration,CDD,,,,SERVEUR  Secteur : Hôtellerie - Restauration.
JOB250002589,Assistant Manager,SOCIETE MARIZA,Brazzaville,"Conseil, Stratégie & Gestion des Ressources Humaines",CDD,,,gestion des ressources humaines,"Assistant Manager Secteur : Conseil, Stratégie & Gestion des Ressources Humaines."
JOB250002590,Livreur,SOCIETE MARIZA,Brazzaville,"Transport, Logistique & Supply Chain",CDD,,,supply chain,"Livreur  Secteur : Transport, Logistique & Supply Chain."
JOB250002597,PLONGEUR,SOCIETE MARIZA,Brazzaville,Hôtellerie - Restauration,CDD,,,,PLONGEUR Secteur : Hôtellerie - Restauration.
JOB250001792,RESPONSABLE MARKETING,SOCIETE REGAL,Pointe-Noire,"Commerce, Vente, Marketing & Distribution",CDD,,,vente,"RESPONSABLE MARKETING Secteur : Commerce, Vente, Marketing & Distribution."
JOB250001793,Responsable Logistique,SOCIETE REGAL,Pointe-Noire,"Commerce, Vente, Marketing & Distribution",CDI,,,vente,"Responsable Logistique Secteur : Commerce, Vente, Marketing & Distribution."
JOB250001794,Chef d'Agence,SOCIETE REGAL,Pointe-Noire,"Commerce, Vente, Marketing & Distribution",CDI,,,vente,"Chef d'Agence  Secteur : Commerce, Vente, Marketing & Distribution."
JOB250001795,AUDITEUR INTERNE,SOCIETE REGAL,Pointe-Noire,"Commerce, Vente, Marketing & Distribution",CDI,,,vente,"AUDITEUR INTERNE  Secteur : Commerce, Vente, Marketing & Distribution."
JOB250001796,AUDITEUR FINANCIER,SOCIETE REGAL,Pointe-Noire,"Commerce, Vente, Marketing & Distribution",CDI,,,vente,"AUDITEUR FINANCIER Secteur : Commerce, Vente, Marketing & Distribution."
NONREF000099,Comptable,SOCIETE SINO CONGOLAISE,Pointe-Noire,"Pétrole, Gaz & Hydrocarbures",CDD,,,,"Comptable Secteur : Pétrole, Gaz & Hydrocarbures."
JOB250000822,Assistant Ressources Humaines,SOCIETE SINO CONGOLAISE D'INVESTISSEMENT,Pointe-Noire,"Pétrole, Gaz & Hydrocarbures",CDD,,,,"Assistant Ressources Humaines Secteur : Pétrole, Gaz & Hydrocarbures."
JOB250001572,Agent commercial,SOCIETE SINO CONGOLAISE D'INVESTISSEMENT,Pointe-Noire,"Pétrole, Gaz & Hydrocarbures",CDD,,,,"Agent commercial Secteur : Pétrole, Gaz & Hydrocarbures."
NONREF000069,Chauffeur PL Mécaniciens,SOCOSI,Pointe-Noire,Autres,CDD,,,,Chauffeur PL Mécaniciens Secteur : Autres.
JOB250000847,CAUFFEURS POIDS LOURDS,SOCOTRANS,Pointe-Noire,"Transport, Logistique & Supply Chain",CDD,,,supply chain,"CAUFFEURS POIDS LOURDS Secteur : Transport, Logistique & Supply Chain."
JOB250000848,MECANICIEN,SOCOTRANS,Pointe-Noire,"Transport, Logistique & Supply Chain",CDD,,,supply chain,"MECANICIEN Secteur : Transport, Logistique & Supply Chain."
JOB250000849,SOUDEUR,SOCOTRANS,Pointe-Noire,"Transport, Logistique & Supply Chain",CDD,,,supply chain,"SOUDEUR Secteur : Transport, Logistique & Supply Chain."
JOB250000850,TOLIER,SOCOTRANS,Pointe-Noire,"Transport, Logistique & Supply Chain",CDD,,,supply chain,"TOLIER Secteur : Transport, Logistique & Supply Chain."
JOB250000851,POINTEUR,SOCOTRANS,Pointe-Noire,"Transport, Logistique & Supply Chain",CDD,,,supply chain,"POINTEUR Secteur : Transport, Logistique & Supply Chain."
JOB250000852,INGENIEUR MECANIQUE,SOCOTRANS,Pointe-Noire,"Transport, Logistique & Supply Chain",CDD,,,supply chain,"INGENIEUR MECANIQUE Secteur : Transport, Logistique & Supply Chain."
JOB250000853,INGENIEUR TRAVAUX,SOCOTRANS,Pointe-Noire,"Transport, Logistique & Supply Chain",CDD,,,supply chain,"INGENIEUR TRAVAUX Secteur : Transport, Logistique & Supply Chain."
JOB250000867,Chef Mécanicien,SOCOTRANS,Pointe-Noire,"Transport, Logistique & Supply Chain",CDD,,,supply chain,"Chef Mécanicien Secteur : Transport, Logistique & Supply Chain."
JOB250000885,POINTEUR,SOCOTRANS,Pointe-Noire,"Transport, Logistique & Supply Chain",CDD,,,supply chain,"POINTEUR Secteur : Transport, Logistique & Supply Chain."
JOB250000886,ARRIMEUR EN CALE,SOCOTRANS,Pointe-Noire,"Transport, Logistique & Supply Chain",CDD,,,supply chain,"ARRIMEUR EN CALE Secteur : Transport, Logistique & Supply Chain."
JOB250000889,Agent Bureau d'Embauche,SOCOTRANS,Pointe-Noire,"Conseil, Stratégie & Gestion des Ressources Humaines",CDD,,,gestion des ressources humaines,"Agent Bureau d'Embauche  Secteur : Conseil, Stratégie & Gestion des Ressources Humaines."
NONREF000002,Agent adm en charge des diverses,SOCOTRANS,Pointe-Noire,"Commerce, Vente, Marketing & Distribution",CDD,,,vente,"Agent adm en charge des diverses Secteur : Commerce, Vente, Marketing & Distribution."
NONREF000011,Agent entretien et nettoyage,SOCOTRANS,Pointe-Noire,"Commerce, Vente, Marketing & Distribution",CDD,,,vente,"Agent entretien et nettoyage Secteur : Commerce, Vente, Marketing & Distribution."
NONREF000074,Chauffeurs poids lourd,SOCOTRANS,Pointe-Noire,"Commerce, Vente, Marketing & Distribution",CDD,,,vente,"Chauffeurs poids lourd Secteur : Commerce, Vente, Marketing & Distribution."
NONREF000075,Chauffeurs poids lourd,SOCOTRANS,Pointe-Noire,"Commerce, Vente, Marketing & Distribution",CDD,,,vente,"Chauffeurs poids lourd Secteur : Commerce, Vente, Marketing & Distribution."
NONREF000127,Electriciens,SOCOTRANS,Pointe-Noire,"Commerce, Vente, Marketing & Distribution",CDD,,,vente,"Electriciens Secteur : Commerce, Vente, Marketing & Distribution."
NONREF000128,Electriciens,SOCOTRANS,Pointe-Noire,"Commerce, Vente, Marketing & Distribution",CDD,,,vente,"Electriciens Secteur : Commerce, Vente, Marketing & Distribution."
NONREF000167,Magasinier,SOCOTRANS,Pointe-Noire,"Commerce, Vente, Marketing & Distribution",CDD,,,vente,"Magasinier Secteur : Commerce, Vente, Marketing & Distribution."
NONREF000176,Mécaniciens,SOCOTRANS,Pointe-Noire,"Commerce, Vente, Marketing & Distribution",CDD,,,vente,"Mécaniciens Secteur : Commerce, Vente, Marketing & Distribution."
NONREF000177,Mécaniciens,SOCOTRANS,Pointe-Noire,"Commerce, Vente, Marketing & Distribution",CDD,,,vente,"Mécaniciens Secteur : Commerce, Vente, Marketing & Distribution."
NONREF000200,Réparateur de pneus,SOCOTRANS,Pointe-Noire,"Commerce, Vente, Marketing & Distribution",CDD,,,vente,"Réparateur de pneus Secteur : Commerce, Vente, Marketing & Distribution."
NONREF000201,Réparateur de pneus,SOCOTRANS,Pointe-Noire,"Commerce, Vente, Marketing & Distribution",CDD,,,vente,"Réparateur de pneus Secteur : Commerce, Vente, Marketing & Distribution."
NONREF000234,Soudeurs,SOCOTRANS,Pointe-Noire,"Commerce, Vente, Marketing & Distribution",CDD,,,vente,"Soudeurs Secteur : Commerce, Vente, Marketing & Distribution."
NONREF000235,Soudeurs,SOCOTRANS,Pointe-Noire,"Commerce, Vente, Marketing & Distribution",CDD,,,vente,"Soudeurs Secteur : Commerce, Vente, Marketing & Distribution."
NONREF000248,Tolier,SOCOTRANS,Pointe-Noire,"Commerce, Vente, Marketing & Distribution",CDD,,,vente,"Tolier Secteur : Commerce, Vente, Marketing & Distribution."
JOB250000960,CHEF DE SERVICE MANUTENTION,SOCOTRANS,Pointe-Noire,"Transport, Logistique & Supply Chain",CDD,,,supply chain,"CHEF DE SERVICE MANUTENTION Secteur : Transport, Logistique & Supply Chain."
JOB250000970,INGENIEUR GENIE CIVIL,SOCOTRANS,Pointe-Noire,"Transport, Logistique & Supply Chain",CDD,,,génie civil; supply chain,"INGENIEUR GENIE CIVIL Secteur : Transport, Logistique & Supply Chain."
JOB250000971,INGENIEUR TOPOGRAPHE,SOCOTRANS,Pointe-Noire,"Bâtiment, Travaux Publics & Aménagement du Territoire",CDD,,,,"INGENIEUR TOPOGRAPHE Secteur : Bâtiment, Travaux Publics & Aménagement du Territoire."
JOB250000972,CONDUCTEURS DES TRAVAUX,SOCOTRANS,Pointe-Noire,"Bâtiment, Travaux Publics & Aménagement du Territoire",CDD,,,,"CONDUCTEURS DES TRAVAUX Secteur : Bâtiment, Travaux Publics & Aménagement du Territoire."
JOB250001183,Chauffeur,SOCOTRANS,Pointe-Noire,"Transport, Logistique & Supply Chain",CDD,,,supply chain,"Chauffeur  Secteur : Transport, Logistique & Supply Chain."
JOB250001420,Chef de ServiceManutention,SOCOTRANS,Pointe-Noire,"Transport, Logistique & Supply Chain",CDD,,,supply chain,"Chef de ServiceManutention Secteur : Transport, Logistique & Supply Chain."
JOB250001422,Chauffeur,SOCOTRANS,Pointe-Noire,"Transport, Logistique & Supply Chain",CDD,,,supply chain,"Chauffeur  Secteur : Transport, Logistique & Supply Chain."
JOB250001423,POINTEUR,SOCOTRANS,Pointe-Noire,"Transport, Logistique & Supply Chain",CDD,,,supply chain,"POINTEUR Secteur : Transport, Logistique & Supply Chain."
JOB250001425,Réparateur de Pneus,SOCOTRANS,Pointe-Noire,"Transport, Logistique & Supply Chain",CDD,,,supply chain,"Réparateur de Pneus Secteur : Transport, Logistique & Supply Chain."
JOB250001426,MAGASINIER,SOCOTRANS,Pointe-Noire,"Transport, Logistique & Supply Chain",CDD,,,supply chain,"MAGASINIER  Secteur : Transport, Logistique & Supply Chain."
JOB250001427,TREUILLISTES,SOCOTRANS,Pointe-Noire,"Transport, Logistique & Supply Chain",CDD,,,supply chain,"TREUILLISTES Secteur : Transport, Logistique & Supply Chain."
JOB250001667,"Commis Confection Manifestes, Mouvement des Navires",SOCOTRANS,Pointe-Noire,"Transport, Logistique & Supply Chain",CDD,,,supply chain,"Commis Confection Manifestes, Mouvement des Navires Secteur : Transport, Logistique & Supply Chain."
JOB250001668,Chauffeur Poids Lourds,SOCOTRANS,Pointe-Noire,"Transport, Logistique & Supply Chain",CDD,,,supply chain,"Chauffeur Poids Lourds Secteur : Transport, Logistique & Supply Chain."
JOB250001669,MECANICIEN,SOCOTRANS,Pointe-Noire,"Transport, Logistique & Supply Chain",CDD,,,supply chain,"MECANICIEN Secteur : Transport, Logistique & Supply Chain."
JOB250001670,Electricien,SOCOTRANS,Pointe-Noire,"Énergie, Environnement & Eau",CDD,,,,"Electricien Secteur : Énergie, Environnement & Eau."
JOB250001671,Soudeur,SOCOTRANS,Pointe-Noire,"Industrie, Production & Maintenance",CDD,,,,"Soudeur Secteur : Industrie, Production & Maintenance."
JOB250001672,TOLIER,SOCOTRANS,Pointe-Noire,"Transport, Logistique & Supply Chain",CDD,,,supply chain,"TOLIER Secteur : Transport, Logistique & Supply Chain."
JOB250001673,POINTEUR,SOCOTRANS,Pointe-Noire,"Transport, Logistique & Supply Chain",CDD,,,supply chain,"POINTEUR Secteur : Transport, Logistique & Supply Chain."
JOB250001674,réparateur de pneus,SOCOTRANS,Pointe-Noire,"Transport, Logistique & Supply Chain",CDD,,,supply chain,"réparateur de pneus Secteur : Transport, Logistique & Supply Chain."
JOB250001675,MAGASINIER,SOCOTRANS,Pointe-Noire,"Transport, Logistique & Supply Chain",CDD,,,supply chain,"MAGASINIER  Secteur : Transport, Logistique & Supply Chain."
JOB250001676,TREUILLISTES,SOCOTRANS,Pointe-Noire,"Transport, Logistique & Supply Chain",CDD,,,supply chain,"TREUILLISTES Secteur : Transport, Logistique & Supply Chain."
JOB250001915,Chef du Service Immobilier,SOCOTRANS,Pointe-Noire,Immobilier,CDD,,,,Chef du Service Immobilier Secteur : Immobilier.
JOB250001986,Chauffeur Poids Lourds,SOCOTRANS,Pointe-Noire,"Transport, Logistique & Supply Chain",CDD,,,supply chain,"Chauffeur Poids Lourds Secteur : Transport, Logistique & Supply Chain."
JOB250001987,MECANICIEN,SOCOTRANS,Pointe-Noire,"Industrie, Production & Maintenance",CDD,,,,"MECANICIEN Secteur : Industrie, Production & Maintenance."
JOB250001988,MECANICIEN,SOCOTRANS,Pointe-Noire,"Transport, Logistique & Supply Chain",CDD,,,supply chain,"MECANICIEN Secteur : Transport, Logistique & Supply Chain."
JOB250001990,Electricien,SOCOTRANS,Pointe-Noire,"Transport, Logistique & Supply Chain",CDD,,,supply chain,"Electricien Secteur : Transport, Logistique & Supply Chain."
JOB250001991,Soudeur,SOCOTRANS,Pointe-Noire,"Industrie, Production & Maintenance",CDD,,,,"Soudeur Secteur : Industrie, Production & Maintenance."
JOB250002001,Soudeur,SOCOTRANS,Pointe-Noire,"Transport, Logistique & Supply Chain",CDD,,,supply chain,"Soudeur Secteur : Transport, Logistique & Supply Chain."
JOB250002003,POINTEUR,SOCOTRANS,Pointe-Noire,"Transport, Logistique & Supply Chain",CDD,,,supply chain,"POINTEUR Secteur : Transport, Logistique & Supply Chain."
JOB250002004,réparateur de pneus,SOCOTRANS,Pointe-Noire,"Transport, Logistique & Supply Chain",CDD,,,supply chain,"réparateur de pneus Secteur : Transport, Logistique & Supply Chain."
JOB250002008,MAGASINIER,SOCOTRANS,Pointe-Noire,"Transport, Logistique & Supply Chain",CDD,,,supply chain,"MAGASINIER  Secteur : Transport, Logistique & Supply Chain."
JOB250002157,Ingénieur Travaux,SOCOTRANS,Pointe-Noire,"Transport, Logistique & Supply Chain",CDD,,,supply chain,"Ingénieur Travaux Secteur : Transport, Logistique & Supply Chain."
JOB250002158,IngénieurMécanique,SOCOTRANS,Pointe-Noire,"Transport, Logistique & Supply Chain",CDD,,,supply chain,"IngénieurMécanique Secteur : Transport, Logistique & Supply Chain."
JOB250002159,Chef Mécanicien,SOCOTRANS,Pointe-Noire,"Transport, Logistique & Supply Chain",CDD,,,supply chain,"Chef Mécanicien Secteur : Transport, Logistique & Supply Chain."
JOB250002161,Chef du Service Manutention,SOCOTRANS,Pointe-Noire,"Transport, Logistique & Supply Chain",CDD,,,supply chain,"Chef du Service Manutention Secteur : Transport, Logistique & Supply Chain."
JOB250002231,Chauffeur Poids Lourds,SOCOTRANS,Pointe-Noire,"Transport, Logistique & Supply Chain",CDD,,,supply chain,"Chauffeur Poids Lourds Secteur : Transport, Logistique & Supply Chain."
JOB250002233,MECANICIEN,SOCOTRANS,Pointe-Noire,"Industrie, Production & Maintenance",CDD,,,,"MECANICIEN Secteur : Industrie, Production & Maintenance."
JOB250002235,Electricien,SOCOTRANS,Pointe-Noire,"Énergie, Environnement & Eau",CDD,,,,"Electricien Secteur : Énergie, Environnement & Eau."
JOB250002236,Electricien,SOCOTRANS,Pointe-Noire,"Énergie, Environnement & Eau",CDD,,,,"Electricien Secteur : Énergie, Environnement & Eau."
JOB250002238,POINTEUR,SOCOTRANS,Pointe-Noire,"Bâtiment, Travaux Publics & Aménagement du Territoire",CDD,,,,"POINTEUR Secteur : Bâtiment, Travaux Publics & Aménagement du Territoire."
JOB250002239,MAGASINIER,SOCOTRANS,Pointe-Noire,"Commerce, Vente, Marketing & Distribution",CDD,,,vente,"MAGASINIER  Secteur : Commerce, Vente, Marketing & Distribution."
JOB250002241,TOLIER,SOCOTRANS,Pointe-Noire,"Transport, Logistique & Supply Chain",CDD,,,supply chain,"TOLIER Secteur : Transport, Logistique & Supply Chain."
JOB250001927,Responsable Marketing et Communication,SOFATT INDUSTRIE S.A,Brazzaville,"Communication, Médias & Événementiel",CDD,,,,"Responsable Marketing et Communication Secteur : Communication, Médias & Événementiel."
JOB250001928,Agent de Production,SOFATT INDUSTRIE S.A,Brazzaville,Agriculture & Industrie Agroalimentaire,CDD,,,,Agent de Production Secteur : Agriculture & Industrie Agroalimentaire.
JOB250000846,COMPTABLE,SOGENA CONGO,Pointe-Noire,"Transport, Logistique & Supply Chain",CDD,,,supply chain,"COMPTABLE  Secteur : Transport, Logistique & Supply Chain."
JOB250000904,AGENT DE TRANSIT,SOGENA CONGO,Pointe-Noire,"Transport, Logistique & Supply Chain",CDD,,,supply chain; transit,"AGENT DE TRANSIT Secteur : Transport, Logistique & Supply Chain."
JOB250001649,AGENT DE FACTURATION ET DE SAISIE,SOGENA CONGO,Pointe-Noire,"Transport, Logistique & Supply Chain",CDD,,,supply chain,"AGENT DE FACTURATION ET DE SAISIE Secteur : Transport, Logistique & Supply Chain."
JOB250000862,COMMERCIAL,SOMEDIA,Pointe-Noire,"Communication, Médias & Événementiel",CDD,,,,"COMMERCIAL  Secteur : Communication, Médias & Événementiel."
NONREF000089,Commercial,SOMEDIA,Pointe-Noire,"Conseil, Stratégie & Gestion des Ressources Humaines",CDD,,,gestion des ressources humaines,"Commercial Secteur : Conseil, Stratégie & Gestion des Ressources Humaines."
JOB250001628,COMMERCIAL,SOMEDIA,Pointe-Noire,"Commerce, Vente, Marketing & Distribution",CDD,,,vente,"COMMERCIAL  Secteur : Commerce, Vente, Marketing & Distribution."
JOB250002762,Community Manager,SOMEDIA,Pointe-Noire,"Communication, Médias & Événementiel",CDD,,,,"Community Manager Secteur : Communication, Médias & Événementiel."
NONREF000071,Chauffeurs citerne,SOTRA,Pointe-Noire,"Transport, Logistique & Supply Chain",CDD,,,supply chain,"Chauffeurs citerne Secteur : Transport, Logistique & Supply Chain."
JOB250000888,AGENT HSE,SOTRA,Pointe-Noire,"Assurance Qualité, Contrôle, Testing (QHSE)",CDD,,,hse; qhse,"AGENT HSE Secteur : Assurance Qualité, Contrôle, Testing (QHSE)."
JOB250000953,Chauffeur,SOTRA,Pointe-Noire,"Transport, Logistique & Supply Chain",CDD,,,supply chain,"Chauffeur  Secteur : Transport, Logistique & Supply Chain."
JOB250001429,Chauffeur,SOTRA,Pointe-Noire,"Transport, Logistique & Supply Chain",CDD,,,supply chain,"Chauffeur  Secteur : Transport, Logistique & Supply Chain."
JOB250002488,Chauffeur Citerne,SOTRA,Pointe-Noire,"Transport, Logistique & Supply Chain",CDD,,,supply chain,"Chauffeur Citerne Secteur : Transport, Logistique & Supply Chain."
JOB250002314,Chauffeur Grutier,SOUTH - OFFSHORE,Pointe-Noire,"Transport, Logistique & Supply Chain",CDD,,,supply chain,"Chauffeur Grutier Secteur : Transport, Logistique & Supply Chain."
JOB250002737,GESTIONNAIRE IMMOBILIER,ST BUSINESS,Pointe-Noire,Immobilier,CDD,,,,GESTIONNAIRE IMMOBILIER Secteur : Immobilier.
NONREF000116,Directeur Adm Fet RH,STE SINO-CGLAISE D'IN,Pointe-Noire,"Conseil, Stratégie & Gestion des Ressources Humaines",CDD,,,gestion des ressources humaines,"Directeur Adm Fet RH Secteur : Conseil, Stratégie & Gestion des Ressources Humaines."
NONREF000117,Directeur commercial et log,STE SINO-CGLAISE D'IN,Pointe-Noire,"Pétrole, Gaz & Hydrocarbures",CDD,,,,"Directeur commercial et log Secteur : Pétrole, Gaz & Hydrocarbures."
NONREF000124,Directeur technique,STE SINO-CGLAISE D'IN,Pointe-Noire,"Pétrole, Gaz & Hydrocarbures",CDD,,,,"Directeur technique Secteur : Pétrole, Gaz & Hydrocarbures."
NONREF000092,Commercial terrain,STEAM-ECO CLEANING,Pointe-Noire,Nettoyage & Blanchisserie,CDD,,,,Commercial terrain Secteur : Nettoyage & Blanchisserie.
NONREF000140,Gestionnairede stock,STEAM-ECO CLEANING,Pointe-Noire,Nettoyage & Blanchisserie,CDD,,,,Gestionnairede stock Secteur : Nettoyage & Blanchisserie.
JOB250002101,Superviseur Commercial Grands Comptes( bureau direct & bancassurance),SUNU ASSURANCES IARD CONGO,Pointe-Noire,"Finance, Banque, Assurance, Comptabilité & Fiscalité",CDD,,,comptabilité; fiscalité,"Superviseur Commercial Grands Comptes( bureau direct & bancassurance)  Secteur : Finance, Banque, Assurance, Comptabilité & Fiscalité."
JOB250002490,Responsable Expérience Client,SUNU ASSURANCES IARD CONGO,Pointe-Noire,"Finance, Banque, Assurance, Comptabilité & Fiscalité",CDD,,,comptabilité; fiscalité,"Responsable Expérience Client Secteur : Finance, Banque, Assurance, Comptabilité & Fiscalité."
JOB250002491,Responsable Communication et Relations,SUNU ASSURANCES IARD CONGO,Pointe-Noire,"Finance, Banque, Assurance, Comptabilité & Fiscalité",CDD,,,comptabilité; fiscalité,"Responsable Communication et Relations Secteur : Finance, Banque, Assurance, Comptabilité & Fiscalité."
JOB250001837,RESPONSABLE MARKETING,SUPER SONIC,Pointe-Noire,"Commerce, Vente, Marketing & Distribution",CDI,,,vente,"RESPONSABLE MARKETING Secteur : Commerce, Vente, Marketing & Distribution."
JOB250001839,Chef d'Agence,SUPER SONIC,Pointe-Noire,"Commerce, Vente, Marketing & Distribution",CDI,,,vente,"Chef d'Agence  Secteur : Commerce, Vente, Marketing & Distribution."
JOB250001841,Responsable Logistique,SUPER SONIC,Pointe-Noire,"Transport, Logistique & Supply Chain",CDI,,,supply chain,"Responsable Logistique Secteur : Transport, Logistique & Supply Chain."
JOB250001304,Responsable QHSE,SUTTER ET PEARCE- LAWAYS,Pointe-Noire,"Assurance Qualité, Contrôle, Testing (QHSE)",CDD,,,qhse,"Responsable QHSE Secteur : Assurance Qualité, Contrôle, Testing (QHSE)."
JOB250001332,CHEF TRANSIT,SUTTER ET PEARCE- LAWAYS,Pointe-Noire,"Transport, Logistique & Supply Chain",CDD,,,supply chain; transit,"CHEF TRANSIT Secteur : Transport, Logistique & Supply Chain."
NONREF000041,Assistante juridique junior,SUTTER& PEARCE-LAWAYS,Pointe-Noire,"Conseil, Stratégie & Gestion des Ressources Humaines",CDD,,,gestion des ressources humaines,"Assistante juridique junior Secteur : Conseil, Stratégie & Gestion des Ressources Humaines."
NONREF000049,Assistante RH junior,SUTTER& PEARCE-LAWAYS,Pointe-Noire,"Conseil, Stratégie & Gestion des Ressources Humaines",CDI,,,gestion des ressources humaines,"Assistante RH junior Secteur : Conseil, Stratégie & Gestion des Ressources Humaines."
STG250002311,Stagiaire Commercial,SYNERGIES BUSINESS CONGO,Divenie,"Commerce, Vente, Marketing & Distribution",Stage professionnel,,,vente,"Stagiaire Commercial Secteur : Commerce, Vente, Marketing & Distribution."
NONREF000243,Technicien IT,SYSCREEN,Pointe-Noire,"Informatique, Data, Télécommunications & Digital",CDD,,,,"Technicien IT Secteur : Informatique, Data, Télécommunications & Digital."
NONREF000082,Chef de projet,SYSGREEN,Pointe-Noire,"Conseil, Stratégie & Gestion des Ressources Humaines",CDD,,,gestion des ressources humaines,"Chef de projet Secteur : Conseil, Stratégie & Gestion des Ressources Humaines."
JOB250002319,Technicien SupportIT,SYSGREEN,Pointe-Noire,"Informatique, Data, Télécommunications & Digital",CDD,,,,"Technicien SupportIT Secteur : Informatique, Data, Télécommunications & Digital."
JOB250002434,Conducteur en Ligne,TANK SERVICES,Pointe-Noire,"Énergie, Environnement & Eau",CDD,,,,"Conducteur en Ligne Secteur : Énergie, Environnement & Eau."
NONREF000404,Chef de Projet Bâtiment TCE,Tauly conseils,Pointe-Noire,"Bâtiment, Travaux Publics & Aménagement du Territoire",CDD,,,,"Chef de Projet Bâtiment TCE Secteur : Bâtiment, Travaux Publics & Aménagement du Territoire."
NONREF000405,"Ingénieur MEP (Mechanical, Electrical, and Plumbing)",Tauly conseils,Pointe-Noire,"Bâtiment, Travaux Publics & Aménagement du Territoire",CDD,,,,"Ingénieur MEP (Mechanical, Electrical, and Plumbing) Secteur : Bâtiment, Travaux Publics & Aménagement du Territoire."
NONREF000040,Assistante en RH,TELEMA GROUP,Pointe-Noire,"Conseil, Stratégie & Gestion des Ressources Humaines",CDD,,,gestion des ressources humaines,"Assistante en RH Secteur : Conseil, Stratégie & Gestion des Ressources Humaines."
NONREF000063,Chauffeur,TELEMA GROUP,Pointe-Noire,ONG & Social,CDD,,,,Chauffeur Secteur : ONG & Social.
NONREF000097,Comptable,TELEMA GROUP,Pointe-Noire,ONG & Social,CDD,,,,Comptable Secteur : ONG & Social.
JOB250001726,TUYAUTEURS,TELEMA -GROUP,Pointe-Noire,"Industrie, Production & Maintenance",CDD,,,,"TUYAUTEURS Secteur : Industrie, Production & Maintenance."
JOB250001727,Soudeurs Argonistes,TELEMA -GROUP,Pointe-Noire,"Industrie, Production & Maintenance",CDD,,,,"Soudeurs Argonistes Secteur : Industrie, Production & Maintenance."
JOB250001728,CHAUDRONNIERS,TELEMA -GROUP,Pointe-Noire,"Industrie, Production & Maintenance",CDD,,,,"CHAUDRONNIERS Secteur : Industrie, Production & Maintenance."
JOB250001731,Peintre,TELEMA -GROUP,Pointe-Noire,"Industrie, Production & Maintenance",CDD,,,,"Peintre  Secteur : Industrie, Production & Maintenance."
JOB250001734,Technicien HSE,TELEMA -GROUP,Pointe-Noire,"Assurance Qualité, Contrôle, Testing (QHSE)",CDD,,,hse; qhse,"Technicien HSE Secteur : Assurance Qualité, Contrôle, Testing (QHSE)."
JOB250001738,SUPERVISEUR HSE,TELEMA -GROUP,Pointe-Noire,"Assurance Qualité, Contrôle, Testing (QHSE)",CDD,,,hse; qhse,"SUPERVISEUR HSE  Secteur : Assurance Qualité, Contrôle, Testing (QHSE)."
JOB250001740,MECANICIEN,TELEMA -GROUP,Pointe-Noire,"Industrie, Production & Maintenance",CDD,,,,"MECANICIEN Secteur : Industrie, Production & Maintenance."
JOB250001741,Superviseur Mécanicien,TELEMA -GROUP,Pointe-Noire,"Industrie, Production & Maintenance",CDD,,,,"Superviseur Mécanicien Secteur : Industrie, Production & Maintenance."
JOB250001747,Manœuvre,TELEMA -GROUP,Pointe-Noire,"Industrie, Production & Maintenance",CDD,,,,"Manœuvre Secteur : Industrie, Production & Maintenance."
JOB250001749,Qualiticiens Certifiés,TELEMA -GROUP,Pointe-Noire,"Industrie, Production & Maintenance",CDD,,,,"Qualiticiens Certifiés Secteur : Industrie, Production & Maintenance."
JOB250001750,Interprètes Anglais-Français-Chinois,TELEMA -GROUP,Pointe-Noire,"Industrie, Production & Maintenance",CDD,,,,"Interprètes Anglais-Français-Chinois Secteur : Industrie, Production & Maintenance."
JOB250001352,Directeur Gestion durable,THANRY CONGO,Lkouala,"Conseil, Stratégie & Gestion des Ressources Humaines",CDI,,,gestion des ressources humaines,"Directeur Gestion durable Secteur : Conseil, Stratégie & Gestion des Ressources Humaines."
STG250001418,Stage assistant aménagement et certification,THANRY CONGO,Ouesso,Exploitation Forestière & Bois,Stage professionnel,,,,Stage assistant aménagement et certification Secteur : Exploitation Forestière & Bois.
STG250000939,Stage assistant administratif,THANRY CONGO,Ouesso,"Conseil, Stratégie & Gestion des Ressources Humaines",Stage professionnel,,,gestion des ressources humaines,"Stage assistant administratif Secteur : Conseil, Stratégie & Gestion des Ressources Humaines."
STG250000920,Stage Assistant Cartographe,THANRY CONGO,Ouesso,Exploitation Forestière & Bois,Stage professionnel,,,,Stage Assistant Cartographe Secteur : Exploitation Forestière & Bois.
JOB250001882,Chauffeur grumier,THANRY CONGO,Lkouala,Exploitation Forestière & Bois,CDD,,,,Chauffeur grumier Secteur : Exploitation Forestière & Bois.
JOB250001950,Responsable Bureau,THANRY CONGO,Brazzaville,"Conseil, Stratégie & Gestion des Ressources Humaines",CDI,,,gestion des ressources humaines,"Responsable Bureau Secteur : Conseil, Stratégie & Gestion des Ressources Humaines."
JOB250002066,Infirmier diplômé d'état,THANRY CONGO,Lkouala,"Santé, Pharmacie & Recherche Scientifique",CDI,,,pharmacie,"Infirmier diplômé d'état Secteur : Santé, Pharmacie & Recherche Scientifique."
JOB250002075,Vendeur en pharmacie,THANRY CONGO,Lkouala,"Santé, Pharmacie & Recherche Scientifique",CDI,,,pharmacie,"Vendeur en pharmacie Secteur : Santé, Pharmacie & Recherche Scientifique."
JOB250002076,Sage-Femme,THANRY CONGO,Lkouala,"Santé, Pharmacie & Recherche Scientifique",CDI,,,pharmacie; sage-femme,"Sage-Femme Secteur : Santé, Pharmacie & Recherche Scientifique."
JOB250002224,Responsable social externe,THANRY CONGO,Ouesso,Exploitation Forestière & Bois,CDI,,,,Responsable social externe Secteur : Exploitation Forestière & Bois.
JOB250002621,Contrôleur activités illégales,THANRY CONGO,Ouesso,Exploitation Forestière & Bois,CDD,,,,Contrôleur activités illégales Secteur : Exploitation Forestière & Bois.
JOB250002622,Chef d'équipe activités illégales,THANRY CONGO,Ouesso,Exploitation Forestière & Bois,CDD,,,,Chef d'équipe activités illégales Secteur : Exploitation Forestière & Bois.
JOB250002623,Responsable HSE,THANRY CONGO,Ouesso,"Assurance Qualité, Contrôle, Testing (QHSE)",CDI,,,hse; qhse,"Responsable HSE Secteur : Assurance Qualité, Contrôle, Testing (QHSE)."
JOB250002624,Responsable HSE,THANRY CONGO,Ouesso,"Assurance Qualité, Contrôle, Testing (QHSE)",CDI,,,hse; qhse,"Responsable HSE Secteur : Assurance Qualité, Contrôle, Testing (QHSE)."
JOB250002692,Adjoint du chef du personnel,THANRY CONGO,Ouesso,"Conseil, Stratégie & Gestion des Ressources Humaines",CDI,,,gestion des ressources humaines,"Adjoint du chef du personnel Secteur : Conseil, Stratégie & Gestion des Ressources Humaines."
JOB250002700,Assistant social externe,THANRY CONGO,Ouesso,Exploitation Forestière & Bois,CDI,,,,Assistant social externe Secteur : Exploitation Forestière & Bois.
JOB250002818,Responsable cuisine,THANRY CONGO,Ouesso,"Communication, Médias & Événementiel",CDI,,,cuisine,"Responsable cuisine Secteur : Communication, Médias & Événementiel."
JOB250002819,Scieur de tête,THANRY CONGO,Ouesso,Exploitation Forestière & Bois,CDI,,,,Scieur de tête Secteur : Exploitation Forestière & Bois.
JOB250002820,Responsable Garage,THANRY CONGO,Ouesso,Exploitation Forestière & Bois,CDI,,,,Responsable Garage Secteur : Exploitation Forestière & Bois.
JOB250002542,Directeur de Projet,TLC CONGO,Pointe-Noire,Gestion Administrative,CDI,,,gestion administrative,Directeur de Projet Secteur : Gestion Administrative.
JOB250000879,GESTIONNAIRE DE PARC AUTO,TOP CHINE,Pointe-Noire,"Commerce, Vente, Marketing & Distribution",CDD,,,vente,"GESTIONNAIRE DE PARC AUTO Secteur : Commerce, Vente, Marketing & Distribution."
NONREF000087,Commercial,TOP CHINE,Pointe-Noire,"Commerce, Vente, Marketing & Distribution",CDD,,,vente,"Commercial Secteur : Commerce, Vente, Marketing & Distribution."
JOB250001536,AIDE MECANICIEN,TOP CHINE,Pointe-Noire,"Commerce, Vente, Marketing & Distribution",CDD,,,vente,"AIDE MECANICIEN Secteur : Commerce, Vente, Marketing & Distribution."
JOB250002290,Chauffeur Poids Léger,TOP CHINE,Pointe-Noire,"Transport, Logistique & Supply Chain",CDD,,,supply chain,"Chauffeur Poids Léger Secteur : Transport, Logistique & Supply Chain."
JOB250002356,Assistant de Direction,TOTAL ENERGIES MARKETING CONGO SA,Brazzaville,"Pétrole, Gaz & Hydrocarbures",CDD,,,,"Assistant de Direction Secteur : Pétrole, Gaz & Hydrocarbures."
JOB250002357,COMPTABLE,TOTAL ENERGIES MARKETING CONGO SA,Brazzaville,"Pétrole, Gaz & Hydrocarbures",CDD,,,,"COMPTABLE  Secteur : Pétrole, Gaz & Hydrocarbures."
JOB250000901,Chef de Secteur Young Graduate,TotalEnergies EP Congo,Brazzaville,"Commerce, Vente, Marketing & Distribution",CDD,,,vente,"Chef de Secteur Young Graduate  Secteur : Commerce, Vente, Marketing & Distribution."
JOB250000902,CHEF DE SECTEUR,TotalEnergies EP Congo,Brazzaville,"Commerce, Vente, Marketing & Distribution",CDD,,,vente,"CHEF DE SECTEUR  Secteur : Commerce, Vente, Marketing & Distribution."
JOB250001434,DirecteurAdministratif et Financier,TRACTAFRIC EQUIPEMENT CONGO,Pointe-Noire,"Commerce, Vente, Marketing & Distribution",CDI,,,vente,"DirecteurAdministratif et Financier Secteur : Commerce, Vente, Marketing & Distribution."
JOB250001435,SUPERVISEURTRANSIT,TRACTAFRIC EQUIPEMENT CONGO,Pointe-Noire,"Transport, Logistique & Supply Chain",CDD,,,supply chain,"SUPERVISEURTRANSIT Secteur : Transport, Logistique & Supply Chain."
JOB250001694,AGENT DE TRANSIT,TRACTAFRIC EQUIPEMENT CONGO,Pointe-Noire,"Commerce, Vente, Marketing & Distribution",CDI,,,transit; vente,"AGENT DE TRANSIT Secteur : Commerce, Vente, Marketing & Distribution."
JOB250001696,ASSISTANT TECHNIQUE,TRACTAFRIC EQUIPEMENT CONGO,Pointe-Noire,"Commerce, Vente, Marketing & Distribution",CDI,,,vente,"ASSISTANT TECHNIQUE Secteur : Commerce, Vente, Marketing & Distribution."
JOB250001697,TECHNICO- COMMERCIAL( PSSR JUNIOR),TRACTAFRIC EQUIPEMENT CONGO,Pointe-Noire,"Commerce, Vente, Marketing & Distribution",CDI,,,vente,"TECHNICO- COMMERCIAL( PSSR JUNIOR) Secteur : Commerce, Vente, Marketing & Distribution."
JOB250001698,"AGENT QHSE ( Qualité, Hygiène, Sécurité,Environnement)",TRACTAFRIC EQUIPEMENT CONGO,Pointe-Noire,"Assurance Qualité, Contrôle, Testing (QHSE)",CDI,,,qhse,"AGENT QHSE ( Qualité, Hygiène, Sécurité,Environnement) Secteur : Assurance Qualité, Contrôle, Testing (QHSE)."
JOB250002350,Technicien Junior(Technicien planneur),TRACTAFRIC EQUIPEMENT CONGO,Pointe-Noire,"Commerce, Vente, Marketing & Distribution",CDD,,,vente,"Technicien Junior(Technicien planneur) Secteur : Commerce, Vente, Marketing & Distribution."
JOB250001865,SAISISSANTE EN TRANSIT,TRANSPORT ET LOCATION (TRANSLO),Pointe-Noire,"Transport, Logistique & Supply Chain",CDD,,,supply chain; transit,"SAISISSANTE EN TRANSIT Secteur : Transport, Logistique & Supply Chain."
JOB250002827,COMPTABLE,TRANSPORT ET LOCATION (TRANSLO),Pointe-Noire,"Finance, Banque, Assurance, Comptabilité & Fiscalité",CDD,,,comptabilité; fiscalité,"COMPTABLE  Secteur : Finance, Banque, Assurance, Comptabilité & Fiscalité."
JOB250000868,Chauffeur Poids Lourds,TRANSPORT PETROLIER AFRICAN TPA,Pointe-Noire,"Transport, Logistique & Supply Chain",CDD,,,supply chain,"Chauffeur Poids Lourds Secteur : Transport, Logistique & Supply Chain."
JOB250002072,Chef de Service Juridique,TRIDENT ENERGY CONGO SAU,Pointe-Noire,Droit et Justice,CDI,,,,Chef de Service Juridique Secteur : Droit et Justice.
JOB250002019,Interprète Chinois,TRIDENT OGX SAU,Pointe-Noire,"Pétrole, Gaz & Hydrocarbures",CDD,,,,"Interprète Chinois  Secteur : Pétrole, Gaz & Hydrocarbures."
JOB250000905,SECRETAIRE DE DIRECTION,TRIMEX CONGO,Pointe-Noire,"Transport, Logistique & Supply Chain",CDD,,,supply chain,"SECRETAIRE DE DIRECTION  Secteur : Transport, Logistique & Supply Chain."
JOB250001502,GERANT,TRIOS SARL,Brazzaville,"Santé, Pharmacie & Recherche Scientifique",CDI,,,pharmacie,"GERANT Secteur : Santé, Pharmacie & Recherche Scientifique."
JOB250001503,Caissier secondaire,TRIOS SARL,Brazzaville,"Commerce, Vente, Marketing & Distribution",CDI,,,vente,"Caissier secondaire Secteur : Commerce, Vente, Marketing & Distribution."
JOB250001505,Technicien Qualifié de Laboratoire,TRIOS SARL,Brazzaville,"Santé, Pharmacie & Recherche Scientifique",CDI,,,pharmacie,"Technicien Qualifié de Laboratoire Secteur : Santé, Pharmacie & Recherche Scientifique."
JOB250001506,Technicien Qualifié de Laboratoire,TRIOS SARL,Brazzaville,"Santé, Pharmacie & Recherche Scientifique",CDI,,,pharmacie,"Technicien Qualifié de Laboratoire Secteur : Santé, Pharmacie & Recherche Scientifique."
JOB250001507,Caissier secondaire,TRIOS SARL,Brazzaville,"Santé, Pharmacie & Recherche Scientifique",CDI,,,pharmacie,"Caissier secondaire Secteur : Santé, Pharmacie & Recherche Scientifique."
JOB250001508,Technicien Auxiliaire de Laboratoire,TRIOS SARL,Brazzaville,"Santé, Pharmacie & Recherche Scientifique",CDI,,,pharmacie,"Technicien Auxiliaire de Laboratoire Secteur : Santé, Pharmacie & Recherche Scientifique."
JOB250001509,Assistant de Direction,TRIOS SARL,Brazzaville,"Santé, Pharmacie & Recherche Scientifique",CDI,,,pharmacie,"Assistant de Direction Secteur : Santé, Pharmacie & Recherche Scientifique."
JOB250002551,Ménagère,TTC ENGINEERING CONSULTANT SERVICES,Pointe-Noire,Nettoyage & Blanchisserie,CDD,,,,Ménagère Secteur : Nettoyage & Blanchisserie.
JOB250002552,RESPONSABLE FINANCIER,TTC ENGINEERING CONSULTANT SERVICES,Pointe-Noire,"Finance, Banque, Assurance, Comptabilité & Fiscalité",CDD,,,comptabilité; fiscalité,"RESPONSABLE FINANCIER Secteur : Finance, Banque, Assurance, Comptabilité & Fiscalité."
JOB250001547,CHARGE DE LA COMPENSATION INTERBANCAIRE,UBA CONGO,Brazzaville,"Finance, Banque, Assurance, Comptabilité & Fiscalité",CDD,,,comptabilité; fiscalité,"CHARGE DE LA COMPENSATION INTERBANCAIRE  Secteur : Finance, Banque, Assurance, Comptabilité & Fiscalité."
JOB250001548,CHARGE DES RISQUES OPERATIONNELS,UBA CONGO,Brazzaville,"Finance, Banque, Assurance, Comptabilité & Fiscalité",CDD,,,comptabilité; fiscalité,"CHARGE DES RISQUES OPERATIONNELS Secteur : Finance, Banque, Assurance, Comptabilité & Fiscalité."
JOB250001562,RESPONSABLE SECURITE PHYSIQUE,UBA CONGO,Brazzaville,"Finance, Banque, Assurance, Comptabilité & Fiscalité",CDD,,,comptabilité; fiscalité,"RESPONSABLE SECURITE PHYSIQUE  Secteur : Finance, Banque, Assurance, Comptabilité & Fiscalité."
JOB250001929,contrôleur interne,UBA CONGO,Brazzaville,"Finance, Banque, Assurance, Comptabilité & Fiscalité",CDD,,,comptabilité; fiscalité,"contrôleur interne Secteur : Finance, Banque, Assurance, Comptabilité & Fiscalité."
JOB250001938,GESTIONNAIRE DE COMPTES GRANDES ENTREPRISES,UBA CONGO,Brazzaville,"Finance, Banque, Assurance, Comptabilité & Fiscalité",CDD,,,comptabilité; fiscalité,"GESTIONNAIRE DE COMPTES GRANDES ENTREPRISES Secteur : Finance, Banque, Assurance, Comptabilité & Fiscalité."
JOB250001941,ANALYSTE CREDIT SENIOR,UBA CONGO,Brazzaville,"Finance, Banque, Assurance, Comptabilité & Fiscalité",CDD,,,comptabilité; fiscalité,"ANALYSTE CREDIT SENIOR  Secteur : Finance, Banque, Assurance, Comptabilité & Fiscalité."
JOB250002331,CHARGE DES OPERATIONS INTERNATIONALES,UBA CONGO,Brazzaville,"Finance, Banque, Assurance, Comptabilité & Fiscalité",CDD,,,comptabilité; fiscalité,"CHARGE DES OPERATIONS INTERNATIONALES Secteur : Finance, Banque, Assurance, Comptabilité & Fiscalité."
JOB250002335,ASSISTANT CHARG DU REPORTING REGLEMENTAIRE,UBA CONGO,Brazzaville,"Finance, Banque, Assurance, Comptabilité & Fiscalité",CDD,,,comptabilité; fiscalité,"ASSISTANT CHARG DU REPORTING REGLEMENTAIRE Secteur : Finance, Banque, Assurance, Comptabilité & Fiscalité."
JOB250002336,CHARGE DE LA TRESORERIE,UBA CONGO,Brazzaville,"Finance, Banque, Assurance, Comptabilité & Fiscalité",CDI,,,comptabilité; fiscalité,"CHARGE DE LA TRESORERIE Secteur : Finance, Banque, Assurance, Comptabilité & Fiscalité."
JOB250002339,CHARGE DE LA GESTION DU BILAN,UBA CONGO,Brazzaville,"Finance, Banque, Assurance, Comptabilité & Fiscalité",CDI,,,comptabilité; fiscalité,"CHARGE DE LA GESTION DU BILAN Secteur : Finance, Banque, Assurance, Comptabilité & Fiscalité."
JOB250002340,CHARGE DE LA GESTION DU BILAN,UBA CONGO,Brazzaville,"Finance, Banque, Assurance, Comptabilité & Fiscalité",CDI,,,comptabilité; fiscalité,"CHARGE DE LA GESTION DU BILAN Secteur : Finance, Banque, Assurance, Comptabilité & Fiscalité."
JOB250002341,CHARGE DE LA GESTION DU BILAN,UBA CONGO,Brazzaville,"Finance, Banque, Assurance, Comptabilité & Fiscalité",CDI,,,comptabilité; fiscalité,"CHARGE DE LA GESTION DU BILAN Secteur : Finance, Banque, Assurance, Comptabilité & Fiscalité."
JOB250002342,CHARGE DE LA GESTION DU BILAN,UBA CONGO,Brazzaville,"Finance, Banque, Assurance, Comptabilité & Fiscalité",CDI,,,comptabilité; fiscalité,"CHARGE DE LA GESTION DU BILAN Secteur : Finance, Banque, Assurance, Comptabilité & Fiscalité."
JOB250001193,preparateur des travaux pratiques de physique,UCAC-ICAM,Pointe-Noire,"Éducation, Formation & Enseignement",CDD,,,enseignement,"preparateur des travaux pratiques de physique Secteur : Éducation, Formation & Enseignement."
JOB250002253,Directeur des Opérations,ULSAN MINIG CONGO,Pointe-Noire,"Industrie, Production & Maintenance",CDI,,,,"Directeur des Opérations Secteur : Industrie, Production & Maintenance."
JOB250002254,Directeur de Projet,ULSAN MINIG CONGO,Pointe-Noire,"Conseil, Stratégie & Gestion des Ressources Humaines",CDI,,,gestion des ressources humaines,"Directeur de Projet Secteur : Conseil, Stratégie & Gestion des Ressources Humaines."
JOB250002255,DirecteurPays,ULSAN MINIG CONGO,Pointe-Noire,"Industrie, Production & Maintenance",CDI,,,,"DirecteurPays Secteur : Industrie, Production & Maintenance."
JOB250002261,INTERPRETE,ULSAN MINIG CONGO,Pointe-Noire,"Industrie, Production & Maintenance",CDI,,,,"INTERPRETE Secteur : Industrie, Production & Maintenance."
JOB250002265,Directeur Administratif et Financier,ULSAN MINIG CONGO,Pointe-Noire,"Industrie, Production & Maintenance",CDI,,,,"Directeur Administratif et Financier Secteur : Industrie, Production & Maintenance."
JOB250002190,COMMERCIAL,UNI SAVON INDUSTRIES,Pointe-Noire,"Commerce, Vente, Marketing & Distribution",CDD,,,vente,"COMMERCIAL  Secteur : Commerce, Vente, Marketing & Distribution."
JOB250002544,Techniciens de Surface,UNI SAVON INDUSTRIES,Pointe-Noire,Nettoyage & Blanchisserie,CDD,,,,Techniciens de Surface Secteur : Nettoyage & Blanchisserie.
JOB250000820,Assistant de Direction,UNICONGO,Brazzaville,"Conseil, Stratégie & Gestion des Ressources Humaines",CDI,,,gestion des ressources humaines,"Assistant de Direction Secteur : Conseil, Stratégie & Gestion des Ressources Humaines."
NONREF000073,Chauffeurs poids lègers,UNISAVON,Pointe-Noire,"Commerce, Vente, Marketing & Distribution",CDD,,,vente,"Chauffeurs poids lègers Secteur : Commerce, Vente, Marketing & Distribution."
NONREF000170,Manoeuvres,UNISAVON,Pointe-Noire,"Commerce, Vente, Marketing & Distribution",CDD,,,vente,"Manoeuvres Secteur : Commerce, Vente, Marketing & Distribution."
JOB250002064,Agent commercial,UNIVERS OPTIQUE CONGO,Brazzaville,"Santé, Pharmacie & Recherche Scientifique",CDD,,,pharmacie,"Agent commercial Secteur : Santé, Pharmacie & Recherche Scientifique."
NONREF000173,Mécanicien,UNO MOTORS,Pointe-Noire,"Commerce, Vente, Marketing & Distribution",CDD,,,vente,"Mécanicien Secteur : Commerce, Vente, Marketing & Distribution."
JOB250000944,chauffeur véhicule léger,UNO MOTORS,Pointe-Noire,"Commerce, Vente, Marketing & Distribution",CDD,,,vente,"chauffeur véhicule léger Secteur : Commerce, Vente, Marketing & Distribution."
JOB250001493,RESPONSABLEMAINTENANCE,UNO MOTORS,Pointe-Noire,"Commerce, Vente, Marketing & Distribution",CDD,,,vente,"RESPONSABLEMAINTENANCE Secteur : Commerce, Vente, Marketing & Distribution."
JOB250001528,CHAUFFEUR VEHICULE LEGER,UNO MOTORS,Pointe-Noire,"Commerce, Vente, Marketing & Distribution",CDD,,,vente,"CHAUFFEUR VEHICULE LEGER Secteur : Commerce, Vente, Marketing & Distribution."
JOB250001812,MECANICIEN,UNO MOTORS,Pointe-Noire,"Commerce, Vente, Marketing & Distribution",CDD,,,vente,"MECANICIEN Secteur : Commerce, Vente, Marketing & Distribution."
JOB250002023,MECANICIEN,UNO MOTORS,Pointe-Noire,"Commerce, Vente, Marketing & Distribution",CDD,,,vente,"MECANICIEN Secteur : Commerce, Vente, Marketing & Distribution."
JOB250002184,Electricien,UNO MOTORS,Pointe-Noire,"Énergie, Environnement & Eau",CDD,,,,"Electricien Secteur : Énergie, Environnement & Eau."
JOB250002543,Manœuvre,UNO MOTORS,Pointe-Noire,Divers,CDD,,,,Manœuvre Secteur : Divers .
JOB250002636,MECANICIEN,UNO MOTORS,Pointe-Noire,"Industrie, Production & Maintenance",CDD,,,,"MECANICIEN Secteur : Industrie, Production & Maintenance."
JOB250001015,Ingénieur en Services Techniques sur le Terrain (Technical Field Services Engineer),VERSALIS CONGO SARLU,Pointe-Noire,"Pétrole, Gaz & Hydrocarbures",CDD,,,,"Ingénieur en Services Techniques sur le Terrain (Technical Field Services Engineer) Secteur : Pétrole, Gaz & Hydrocarbures."
JOB250001017,Technical Field Services Engineer,VERSALIS CONGO SARLU,Pointe-Noire,"Commerce, Vente, Marketing & Distribution",CDD,,,vente,"Technical Field Services Engineer Secteur : Commerce, Vente, Marketing & Distribution."
JOB250000844,SERVEUR,VILLA MADIBA,Pointe-Noire,Hôtellerie - Restauration,CDD,,,,SERVEUR  Secteur : Hôtellerie - Restauration.
NONREF000132,Femme de chambre,VILLA MADIBA,Pointe-Noire,"Tourisme, Loisirs & Voyages",CDD,,,,"Femme de chambre Secteur : Tourisme, Loisirs & Voyages."
JOB250000961,FEMME DE CHAMBRE,VILLA MADIBA,Pointe-Noire,Hôtellerie - Restauration,CDD,,,,FEMME DE CHAMBRE Secteur : Hôtellerie - Restauration.
JOB250000962,Chef de rang,VILLA MADIBA,Pointe-Noire,Hôtellerie - Restauration,CDD,,,,Chef de rang Secteur : Hôtellerie - Restauration.
JOB250001630,Gouvernant Général,VILLA MADIBA,Pointe-Noire,Hôtellerie - Restauration,CDD,,,,Gouvernant Général Secteur : Hôtellerie - Restauration.
JOB250001666,Réceptionniste,VILLA MADIBA,Pointe-Noire,Hôtellerie - Restauration,CDD,,,,Réceptionniste  Secteur : Hôtellerie - Restauration.
JOB250001914,Gouvernant Général,VILLA MADIBA,Pointe-Noire,Hôtellerie - Restauration,CDD,,,,Gouvernant Général Secteur : Hôtellerie - Restauration.
JOB250002242,Chef de Rang,VILLA MADIBA,Pointe-Noire,Hôtellerie - Restauration,CDD,,,,Chef de Rang Secteur : Hôtellerie - Restauration.
JOB250002523,COMMIS PATISSIER,VILLA MADIBA,Pointe-Noire,Hôtellerie - Restauration,CDD,,,,COMMIS PATISSIER Secteur : Hôtellerie - Restauration.
JOB250002524,Gouvernant Général,VILLA MADIBA,Pointe-Noire,Hôtellerie - Restauration,CDD,,,,Gouvernant Général Secteur : Hôtellerie - Restauration.
JOB250002556,Cuisinier,VITAL PALACE,Brazzaville,Hôtellerie - Restauration,CDD,,,,Cuisinier  Secteur : Hôtellerie - Restauration.
JOB250002558,Réceptionniste,VITAL PALACE,Brazzaville,Hôtellerie - Restauration,CDD,,,,Réceptionniste  Secteur : Hôtellerie - Restauration.
JOB250002560,BUANDIER,VITAL PALACE,Brazzaville,Hôtellerie - Restauration,CDD,,,,BUANDIER  Secteur : Hôtellerie - Restauration.
JOB250002763,AssistantAdministratif et RH,WAMY EXPRESS,Pointe-Noire,"Conseil, Stratégie & Gestion des Ressources Humaines",CDI,,,gestion des ressources humaines,"AssistantAdministratif et RH Secteur : Conseil, Stratégie & Gestion des Ressources Humaines."
JOB250002764,Chargé Clientèle,WAMY EXPRESS,Pointe-Noire,"Commerce, Vente, Marketing & Distribution",CDI,,,vente,"Chargé Clientèle Secteur : Commerce, Vente, Marketing & Distribution."
JOB250002765,Assistant Logistique,WAMY EXPRESS,Pointe-Noire,"Transport, Logistique & Supply Chain",CDI,,,supply chain,"Assistant Logistique Secteur : Transport, Logistique & Supply Chain."
JOB250002766,Responsable Marketing et Commercial,WAMY EXPRESS,Pointe-Noire,"Commerce, Vente, Marketing & Distribution",CDI,,,vente,"Responsable Marketing et Commercial Secteur : Commerce, Vente, Marketing & Distribution."
JOB250002767,CAISSIER,WAMY EXPRESS,Pointe-Noire,"Finance, Banque, Assurance, Comptabilité & Fiscalité",CDD,,,comptabilité; fiscalité,"CAISSIER Secteur : Finance, Banque, Assurance, Comptabilité & Fiscalité."
JOB250001806,CHEF D'ATELIER,WENGE CRP BOIS,Brazzaville,Exploitation Forestière & Bois,CDD,,,,CHEF D'ATELIER Secteur : Exploitation Forestière & Bois.
JOB250001807,MACHINISTE,WENGE CRP BOIS,Brazzaville,Exploitation Forestière & Bois,CDD,,,,MACHINISTE Secteur : Exploitation Forestière & Bois.
JOB250001808,VIGILES,WENGE CRP BOIS,Brazzaville,Exploitation Forestière & Bois,CDD,,,,VIGILES Secteur : Exploitation Forestière & Bois.
JOB250000978,ASSISTANT ADMINISTRATIF,WEY YE SERVICES &TRAVAUX PETROLIERS,Pointe-Noire,"Conseil, Stratégie & Gestion des Ressources Humaines",CDI,,,gestion des ressources humaines,"ASSISTANT ADMINISTRATIF Secteur : Conseil, Stratégie & Gestion des Ressources Humaines."
NONREF000058,Chargé de clientèle,WILLIS TOWERS W CGO,Pointe-Noire,"Finance, Banque, Assurance, Comptabilité & Fiscalité",CDD,,,comptabilité; fiscalité,"Chargé de clientèle Secteur : Finance, Banque, Assurance, Comptabilité & Fiscalité."
JOB250001932,Comptable Trésorerie,WILLIS TOWERS WATSON CONGO,Pointe-Noire,"Finance, Banque, Assurance, Comptabilité & Fiscalité",CDD,,,comptabilité; fiscalité,"Comptable Trésorerie Secteur : Finance, Banque, Assurance, Comptabilité & Fiscalité."
JOB250001575,Agent commercial,WING WAH E&P SAU,Pointe-Noire,"Pétrole, Gaz & Hydrocarbures",CDD,,,,"Agent commercial Secteur : Pétrole, Gaz & Hydrocarbures."
JOB250002248,Secrétaires Administratifs,WING WAH E&P SAU,Pointe-Noire,"Conseil, Stratégie & Gestion des Ressources Humaines",CDD,,,gestion des ressources humaines,"Secrétaires Administratifs Secteur : Conseil, Stratégie & Gestion des Ressources Humaines."
JOB250002666,Technicien Support IT & Réseau,WING WAH E&P SAU,Pointe-Noire,"Pétrole, Gaz & Hydrocarbures",CDD,,,,"Technicien Support IT & Réseau Secteur : Pétrole, Gaz & Hydrocarbures."
JOB250002797,Chargé de Soutien Opérationnel et de Coordination,WING WAH E&P SAU,Pointe-Noire,"Pétrole, Gaz & Hydrocarbures",CDD,,,,"Chargé de Soutien Opérationnel et de Coordination Secteur : Pétrole, Gaz & Hydrocarbures."
NONREF000047,Assistante RH,WING WAH EXPL P P,Pointe-Noire,"Conseil, Stratégie & Gestion des Ressources Humaines",CDD,,,gestion des ressources humaines,"Assistante RH Secteur : Conseil, Stratégie & Gestion des Ressources Humaines."
NONREF000245,Technicienne QHSE,WING WAH EXPL P P,Pointe-Noire,"Assurance Qualité, Contrôle, Testing (QHSE)",CDD,,,qhse,"Technicienne QHSE Secteur : Assurance Qualité, Contrôle, Testing (QHSE)."
JOB250001227,"Responsable des Ressources Humaines (RH), Affaires Générales (Admine),Responsable de la Coordination des Projets",WISON NEW ENERGIES CONGO,Gamboma,"Conseil, Stratégie & Gestion des Ressources Humaines",CDD,,,gestion des ressources humaines,"Responsable des Ressources Humaines (RH), Affaires Générales (Admine),Responsable de la Coordination des Projets Secteur : Conseil, Stratégie & Gestion des Ressources Humaines."
JOB250001324,Coordinateur PTW HSE CSU (CSU HSE PTW Coordinator),WISON NEW ENERGIES CONGO,Pointe-Noire,"Assurance Qualité, Contrôle, Testing (QHSE)",CDD,,,hse; qhse,"Coordinateur PTW HSE CSU (CSU HSE PTW Coordinator)  Secteur : Assurance Qualité, Contrôle, Testing (QHSE)."
JOB250001325,Superintendant HSE CSU (CSU HSE Superintendent),WISON NEW ENERGIES CONGO,Pointe-Noire,"Assurance Qualité, Contrôle, Testing (QHSE)",CDD,,,hse; qhse,"Superintendant HSE CSU (CSU HSE Superintendent) Secteur : Assurance Qualité, Contrôle, Testing (QHSE)."
JOB250001338,Superviseur HSE CSU,WISON NEW ENERGIES CONGO,Pointe-Noire,"Assurance Qualité, Contrôle, Testing (QHSE)",CDD,,,hse; qhse,"Superviseur HSE CSU  Secteur : Assurance Qualité, Contrôle, Testing (QHSE)."
JOB250001339,Superviseur Logistique,WISON NEW ENERGIES CONGO,Pointe-Noire,"Transport, Logistique & Supply Chain",CDD,,,supply chain,"Superviseur Logistique Secteur : Transport, Logistique & Supply Chain."
JOB250001340,MAGASINIER,WISON NEW ENERGIES CONGO,Pointe-Noire,"Transport, Logistique & Supply Chain",CDD,,,supply chain,"MAGASINIER  Secteur : Transport, Logistique & Supply Chain."
JOB250001341,Superviseur d’Entrepôt,WISON NEW ENERGIES CONGO,Pointe-Noire,"Transport, Logistique & Supply Chain",CDD,,,supply chain,"Superviseur d’Entrepôt Secteur : Transport, Logistique & Supply Chain."
JOB250001342,Responsable Contrôle de Projet (Project Control Manager),WISON NEW ENERGIES CONGO,Pointe-Noire,"Pétrole, Gaz & Hydrocarbures",CDD,,,,"Responsable Contrôle de Projet (Project Control Manager) Secteur : Pétrole, Gaz & Hydrocarbures."
JOB250001343,Directeur de Projet,WISON NEW ENERGIES CONGO,Pointe-Noire,"Conseil, Stratégie & Gestion des Ressources Humaines",CDD,,,gestion des ressources humaines,"Directeur de Projet Secteur : Conseil, Stratégie & Gestion des Ressources Humaines."
JOB250001344,CHEF DE PROJET,WISON NEW ENERGIES CONGO,Pointe-Noire,"Conseil, Stratégie & Gestion des Ressources Humaines",CDD,,,gestion des ressources humaines,"CHEF DE PROJET  Secteur : Conseil, Stratégie & Gestion des Ressources Humaines."
JOB250001345,Superviseur Qualité Électrique et Instrumentation (E&I) (E&I Quality Supervisor),WISON NEW ENERGIES CONGO,Pointe-Noire,"Pétrole, Gaz & Hydrocarbures",CDD,,,instrumentation,"Superviseur Qualité Électrique et Instrumentation (E&I) (E&I Quality Supervisor) Secteur : Pétrole, Gaz & Hydrocarbures."
JOB250001346,Superviseur Qualité Équipements (Equipment Quality Supervisor),WISON NEW ENERGIES CONGO,Pointe-Noire,"Pétrole, Gaz & Hydrocarbures",CDD,,,,"Superviseur Qualité Équipements (Equipment Quality Supervisor) Secteur : Pétrole, Gaz & Hydrocarbures."
JOB250001347,Superviseur Qualité Tuyauterie (Piping Quality Supervisor),WISON NEW ENERGIES CONGO,Pointe-Noire,"Pétrole, Gaz & Hydrocarbures",CDD,,,tuyauterie,"Superviseur Qualité Tuyauterie (Piping Quality Supervisor) Secteur : Pétrole, Gaz & Hydrocarbures."
JOB250001348,Responsable Qualité Projet,WISON NEW ENERGIES CONGO,Pointe-Noire,"Énergie, Environnement & Eau",CDD,,,,"Responsable Qualité Projet  Secteur : Énergie, Environnement & Eau."
JOB250001349,Responsable Qualité Projet,WISON NEW ENERGIES CONGO,Pointe-Noire,"Pétrole, Gaz & Hydrocarbures",CDD,,,,"Responsable Qualité Projet  Secteur : Pétrole, Gaz & Hydrocarbures."
JOB250001350,Contrôleur de Documents Qualité (Quality Document Controller),WISON NEW ENERGIES CONGO,Pointe-Noire,"Pétrole, Gaz & Hydrocarbures",CDD,,,,"Contrôleur de Documents Qualité (Quality Document Controller)  Secteur : Pétrole, Gaz & Hydrocarbures."
JOB250001351,Superviseur Automation,WISON NEW ENERGIES CONGO,Pointe-Noire,"Pétrole, Gaz & Hydrocarbures",CDD,,,,"Superviseur Automation Secteur : Pétrole, Gaz & Hydrocarbures."
JOB250001353,Technicien en Automation (Automation Technician),WISON NEW ENERGIES CONGO,Pointe-Noire,"Pétrole, Gaz & Hydrocarbures",CDD,,,,"Technicien en Automation (Automation Technician) Secteur : Pétrole, Gaz & Hydrocarbures."
JOB250001354,Officier de Ballast cargo (Cargo Ballast Officer),WISON NEW ENERGIES CONGO,Pointe-Noire,"Pétrole, Gaz & Hydrocarbures",CDD,,,,"Officier de Ballast cargo (Cargo Ballast Officer) Secteur : Pétrole, Gaz & Hydrocarbures."
JOB250001355,Opérateur de Pont Ballast Cargo (Cargo Ballast Deck Operator),WISON NEW ENERGIES CONGO,Pointe-Noire,"Pétrole, Gaz & Hydrocarbures",CDD,,,,"Opérateur de Pont Ballast Cargo (Cargo Ballast Deck Operator) Secteur : Pétrole, Gaz & Hydrocarbures."
JOB250001356,Opérateur de la salle de contrôle (CCR) (CCR Operator),WISON NEW ENERGIES CONGO,Pointe-Noire,"Pétrole, Gaz & Hydrocarbures",CDD,,,,"Opérateur de la salle de contrôle (CCR) (CCR Operator) Secteur : Pétrole, Gaz & Hydrocarbures."
JOB250001357,Responsable de la surveillance basée sur l’état (Condition Base Monitoring Lead (CBM）,WISON NEW ENERGIES CONGO,Pointe-Noire,"Pétrole, Gaz & Hydrocarbures",CDD,,,,"Responsable de la surveillance basée sur l’état (Condition Base Monitoring Lead (CBM） Secteur : Pétrole, Gaz & Hydrocarbures."
JOB250001358,Superviseur de la salle de contrôle (KP),WISON NEW ENERGIES CONGO,Pointe-Noire,"Pétrole, Gaz & Hydrocarbures",CDD,,,,"Superviseur de la salle de contrôle (KP)  Secteur : Pétrole, Gaz & Hydrocarbures."
JOB250001359,Opérateur de Grue,WISON NEW ENERGIES CONGO,Pointe-Noire,"Pétrole, Gaz & Hydrocarbures",CDD,,,,"Opérateur de Grue Secteur : Pétrole, Gaz & Hydrocarbures."
JOB250001360,Chef de Pont,WISON NEW ENERGIES CONGO,Pointe-Noire,"Pétrole, Gaz & Hydrocarbures",CDD,,,,"Chef de Pont Secteur : Pétrole, Gaz & Hydrocarbures."
JOB250001361,"Chef de pont, chef de l’équipe de gréeurs",WISON NEW ENERGIES CONGO,Pointe-Noire,"Pétrole, Gaz & Hydrocarbures",CDD,,,,"Chef de pont, chef de l’équipe de gréeurs Secteur : Pétrole, Gaz & Hydrocarbures."
JOB250001362,Opérateur sur site,WISON NEW ENERGIES CONGO,Pointe-Noire,"Pétrole, Gaz & Hydrocarbures",CDD,,,,"Opérateur sur site  Secteur : Pétrole, Gaz & Hydrocarbures."
JOB250001363,Electricien,WISON NEW ENERGIES CONGO,Pointe-Noire,"Pétrole, Gaz & Hydrocarbures",CDD,,,,"Electricien Secteur : Pétrole, Gaz & Hydrocarbures."
JOB250001364,Superviseur Électrique,WISON NEW ENERGIES CONGO,Pointe-Noire,"Pétrole, Gaz & Hydrocarbures",CDD,,,,"Superviseur Électrique  Secteur : Pétrole, Gaz & Hydrocarbures."
JOB250001365,Chef Électrique(Responsable Électrique),WISON NEW ENERGIES CONGO,Pointe-Noire,"Pétrole, Gaz & Hydrocarbures",CDD,,,,"Chef Électrique(Responsable Électrique)  Secteur : Pétrole, Gaz & Hydrocarbures."
JOB250001366,Technicien de laboratoire,WISON NEW ENERGIES CONGO,Pointe-Noire,"Pétrole, Gaz & Hydrocarbures",CDD,,,,"Technicien de laboratoire  Secteur : Pétrole, Gaz & Hydrocarbures."
JOB250001367,Superviseur de laboratoire,WISON NEW ENERGIES CONGO,Pointe-Noire,"Pétrole, Gaz & Hydrocarbures",CDD,,,,"Superviseur de laboratoire Secteur : Pétrole, Gaz & Hydrocarbures."
JOB250001370,Chimiste de laboratoire,WISON NEW ENERGIES CONGO,Pointe-Noire,"Pétrole, Gaz & Hydrocarbures",CDD,,,,"Chimiste de laboratoire  Secteur : Pétrole, Gaz & Hydrocarbures."
JOB250001371,Technicien Instrumentation,WISON NEW ENERGIES CONGO,Pointe-Noire,"Pétrole, Gaz & Hydrocarbures",CDD,,,instrumentation,"Technicien Instrumentation Secteur : Pétrole, Gaz & Hydrocarbures."
JOB250001372,Superviseur Instrumentation,WISON NEW ENERGIES CONGO,Pointe-Noire,"Pétrole, Gaz & Hydrocarbures",CDD,,,instrumentation,"Superviseur Instrumentation  Secteur : Pétrole, Gaz & Hydrocarbures."
JOB250001373,Chef Instrumentation,WISON NEW ENERGIES CONGO,Pointe-Noire,"Pétrole, Gaz & Hydrocarbures",CDD,,,instrumentation,"Chef Instrumentation Secteur : Pétrole, Gaz & Hydrocarbures."
JOB250001377,Superviseur Inspection,WISON NEW ENERGIES CONGO,Pointe-Noire,"Pétrole, Gaz & Hydrocarbures",CDD,,,,"Superviseur Inspection Secteur : Pétrole, Gaz & Hydrocarbures."
JOB250001378,Monteur & Soudeur,WISON NEW ENERGIES CONGO,Pointe-Noire,"Pétrole, Gaz & Hydrocarbures",CDD,,,,"Monteur & Soudeur Secteur : Pétrole, Gaz & Hydrocarbures."
JOB250001382,Responsable Matériaux,WISON NEW ENERGIES CONGO,Pointe-Noire,"Pétrole, Gaz & Hydrocarbures",CDD,,,,"Responsable Matériaux Secteur : Pétrole, Gaz & Hydrocarbures."
JOB250001383,Superviseur Matériel,WISON NEW ENERGIES CONGO,Pointe-Noire,"Pétrole, Gaz & Hydrocarbures",CDD,,,,"Superviseur Matériel Secteur : Pétrole, Gaz & Hydrocarbures."
JOB250001384,Superviseur Maritime Logistique (SSO),WISON NEW ENERGIES CONGO,Pointe-Noire,"Pétrole, Gaz & Hydrocarbures",CDD,,,,"Superviseur Maritime Logistique (SSO) Secteur : Pétrole, Gaz & Hydrocarbures."
JOB250001385,Superintendant Maintenance,WISON NEW ENERGIES CONGO,Pointe-Noire,"Pétrole, Gaz & Hydrocarbures",CDD,,,,"Superintendant Maintenance Secteur : Pétrole, Gaz & Hydrocarbures."
JOB250001386,Planificateur de Maintenance,WISON NEW ENERGIES CONGO,Pointe-Noire,"Pétrole, Gaz & Hydrocarbures",CDD,,,,"Planificateur de Maintenance Secteur : Pétrole, Gaz & Hydrocarbures."
JOB250001387,Responsable du Lot de Maintenance,WISON NEW ENERGIES CONGO,Pointe-Noire,"Pétrole, Gaz & Hydrocarbures",CDD,,,,"Responsable du Lot de Maintenance Secteur : Pétrole, Gaz & Hydrocarbures."
JOB250001388,Coordinateur Maintenance,WISON NEW ENERGIES CONGO,Pointe-Noire,"Pétrole, Gaz & Hydrocarbures",CDD,,,,"Coordinateur Maintenance Secteur : Pétrole, Gaz & Hydrocarbures."
JOB250001389,Capitaine de chargement,WISON NEW ENERGIES CONGO,Pointe-Noire,"Pétrole, Gaz & Hydrocarbures",CDD,,,,"Capitaine de chargement Secteur : Pétrole, Gaz & Hydrocarbures."
JOB250001390,Superviseur Rotationnel,WISON NEW ENERGIES CONGO,Pointe-Noire,"Pétrole, Gaz & Hydrocarbures",CDD,,,,"Superviseur Rotationnel  Secteur : Pétrole, Gaz & Hydrocarbures."
JOB250001391,Superintendant de Production,WISON NEW ENERGIES CONGO,Pointe-Noire,"Énergie, Environnement & Eau",CDD,,,,"Superintendant de Production  Secteur : Énergie, Environnement & Eau."
JOB250001392,Rotationnel,WISON NEW ENERGIES CONGO,Pointe-Noire,"Pétrole, Gaz & Hydrocarbures",CDD,,,,"Rotationnel Secteur : Pétrole, Gaz & Hydrocarbures."
JOB250001393,Coordinateur de Quart de Production (KP),WISON NEW ENERGIES CONGO,Pointe-Noire,"Pétrole, Gaz & Hydrocarbures",CDD,,,,"Coordinateur de Quart de Production (KP) Secteur : Pétrole, Gaz & Hydrocarbures."
JOB250001394,Spécialiste des Process,WISON NEW ENERGIES CONGO,Pointe-Noire,"Pétrole, Gaz & Hydrocarbures",CDD,,,,"Spécialiste des Process Secteur : Pétrole, Gaz & Hydrocarbures."
JOB250001395,Responsable de l’Installation Offshore (OIM),WISON NEW ENERGIES CONGO,Pointe-Noire,"Pétrole, Gaz & Hydrocarbures",CDD,,,,"Responsable de l’Installation Offshore (OIM) Secteur : Pétrole, Gaz & Hydrocarbures."
JOB250001397,Superviseur Mécanique,WISON NEW ENERGIES CONGO,Pointe-Noire,"Pétrole, Gaz & Hydrocarbures",CDD,,,,"Superviseur Mécanique Secteur : Pétrole, Gaz & Hydrocarbures."
JOB250001398,Mécanicien,WISON NEW ENERGIES CONGO,Pointe-Noire,"Pétrole, Gaz & Hydrocarbures",CDD,,,,"Mécanicien Secteur : Pétrole, Gaz & Hydrocarbures."
JOB250001399,Assistant Administrative et Traduction,WISON NEW ENERGIES CONGO,Pointe-Noire,"Pétrole, Gaz & Hydrocarbures",CDD,,,,"Assistant Administrative et Traduction Secteur : Pétrole, Gaz & Hydrocarbures."
JOB250001400,Ingénieur Contrats,WISON NEW ENERGIES CONGO,Pointe-Noire,"Industrie, Production & Maintenance",CDD,,,,"Ingénieur Contrats Secteur : Industrie, Production & Maintenance."
JOB250001401,Superviseur de Maçonnerie,WISON NEW ENERGIES CONGO,Pointe-Noire,"Pétrole, Gaz & Hydrocarbures",CDD,,,maçonnerie,"Superviseur de Maçonnerie Secteur : Pétrole, Gaz & Hydrocarbures."
JOB250001402,Technicien de maçonnerie,WISON NEW ENERGIES CONGO,Pointe-Noire,"Pétrole, Gaz & Hydrocarbures",CDD,,,maçonnerie,"Technicien de maçonnerie  Secteur : Pétrole, Gaz & Hydrocarbures."
JOB250001403,Superviseur des Utilités de la Plateforme,WISON NEW ENERGIES CONGO,Pointe-Noire,"Pétrole, Gaz & Hydrocarbures",CDD,,,,"Superviseur des Utilités de la Plateforme  Secteur : Pétrole, Gaz & Hydrocarbures."
JOB250001404,Ingénieur Permis de Travail,WISON NEW ENERGIES CONGO,Pointe-Noire,"Pétrole, Gaz & Hydrocarbures",CDD,,,,"Ingénieur Permis de Travail Secteur : Pétrole, Gaz & Hydrocarbures."
JOB250001461,Chef Instrumentation pour la Mise en Service et le Démarrage (Commissioning and Start Up Instrument Lead),WISON NEW ENERGIES CONGO,Pointe-Noire,"Communication, Médias & Événementiel",CDD,,,instrumentation,"Chef Instrumentation pour la Mise en Service et le Démarrage (Commissioning and Start Up Instrument Lead) Secteur : Communication, Médias & Événementiel."
JOB250001462,Superviseur de la Mise en Service et du Démarrage,WISON NEW ENERGIES CONGO,Pointe-Noire,"Pétrole, Gaz & Hydrocarbures",CDD,,,,"Superviseur de la Mise en Service et du Démarrage Secteur : Pétrole, Gaz & Hydrocarbures."
JOB250001463,Superintendant de la Mise en Service et du Démarrage – Marine,WISON NEW ENERGIES CONGO,Pointe-Noire,"Pétrole, Gaz & Hydrocarbures",CDD,,,,"Superintendant de la Mise en Service et du Démarrage – Marine Secteur : Pétrole, Gaz & Hydrocarbures."
JOB250001464,Superviseur de la Mise en Service et du Démarrage,WISON NEW ENERGIES CONGO,Pointe-Noire,"Pétrole, Gaz & Hydrocarbures",CDD,,,,"Superviseur de la Mise en Service et du Démarrage Secteur : Pétrole, Gaz & Hydrocarbures."
JOB250001465,Chef d’équipe HVAC de la mise en service (Commissioning HVAC Lead),WISON NEW ENERGIES CONGO,Pointe-Noire,"Pétrole, Gaz & Hydrocarbures",CDD,,,,"Chef d’équipe HVAC de la mise en service (Commissioning HVAC Lead) Secteur : Pétrole, Gaz & Hydrocarbures."
JOB250001466,Technicien Instrumentation de la Mise en Service (Commissioning Instrument Technician),WISON NEW ENERGIES CONGO,Pointe-Noire,"Pétrole, Gaz & Hydrocarbures",CDD,,,instrumentation,"Technicien Instrumentation de la Mise en Service (Commissioning Instrument Technician) Secteur : Pétrole, Gaz & Hydrocarbures."
JOB250001467,Ingénieur en Chef de la Mise en Service,WISON NEW ENERGIES CONGO,Pointe-Noire,"Pétrole, Gaz & Hydrocarbures",CDD,,,,"Ingénieur en Chef de la Mise en Service  Secteur : Pétrole, Gaz & Hydrocarbures."
JOB250001468,Coordinateur des Pièces de Rechange,WISON NEW ENERGIES CONGO,Pointe-Noire,"Pétrole, Gaz & Hydrocarbures",CDD,,,,"Coordinateur des Pièces de Rechange Secteur : Pétrole, Gaz & Hydrocarbures."
JOB250001469,Superviseur Instrumentation & Contrôle (I&C CSU Superintendent or Instrument & Control Commissioning superintendent),WISON NEW ENERGIES CONGO,Pointe-Noire,"Pétrole, Gaz & Hydrocarbures",CDD,,,instrumentation,"Superviseur Instrumentation & Contrôle (I&C CSU Superintendent or Instrument & Control Commissioning superintendent) Secteur : Pétrole, Gaz & Hydrocarbures."
JOB250001470,Superintendant HSE,WISON NEW ENERGIES CONGO,Pointe-Noire,"Assurance Qualité, Contrôle, Testing (QHSE)",CDD,,,hse; qhse,"Superintendant HSE Secteur : Assurance Qualité, Contrôle, Testing (QHSE)."
JOB250001471,Chef d’équipe Instrumentation CSU,WISON NEW ENERGIES CONGO,Pointe-Noire,"Pétrole, Gaz & Hydrocarbures",CDD,,,instrumentation,"Chef d’équipe Instrumentation CSU  Secteur : Pétrole, Gaz & Hydrocarbures."
JOB250001472,Superviseur de la Mise en Service,WISON NEW ENERGIES CONGO,Pointe-Noire,"Pétrole, Gaz & Hydrocarbures",CDD,,,,"Superviseur de la Mise en Service  Secteur : Pétrole, Gaz & Hydrocarbures."
JOB250001473,Technicien en charge de la Mise en Service Électrique,WISON NEW ENERGIES CONGO,Pointe-Noire,"Pétrole, Gaz & Hydrocarbures",CDD,,,,"Technicien en charge de la Mise en Service Électrique  Secteur : Pétrole, Gaz & Hydrocarbures."
JOB250001474,Superintendant de la Machinerie Rotative,WISON NEW ENERGIES CONGO,Pointe-Noire,"Pétrole, Gaz & Hydrocarbures",CDD,,,,"Superintendant de la Machinerie Rotative  Secteur : Pétrole, Gaz & Hydrocarbures."
JOB250001475,Superintendant Processus CSU,WISON NEW ENERGIES CONGO,Pointe-Noire,"Pétrole, Gaz & Hydrocarbures",CDD,,,,"Superintendant Processus CSU  Secteur : Pétrole, Gaz & Hydrocarbures."
JOB250001476,Ingénieur de mise en service,WISON NEW ENERGIES CONGO,Pointe-Noire,"Pétrole, Gaz & Hydrocarbures",CDD,,,,"Ingénieur de mise en service Secteur : Pétrole, Gaz & Hydrocarbures."
JOB250001737,CAISSIER,WISON NEW ENERGIES CONGO,Pointe-Noire,"Pétrole, Gaz & Hydrocarbures",CDD,,,,"CAISSIER Secteur : Pétrole, Gaz & Hydrocarbures."
JOB250001789,RESPONSABLE FINANCIER,WISON NEW ENERGIES CONGO,Pointe-Noire,"Pétrole, Gaz & Hydrocarbures",CDD,,,,"RESPONSABLE FINANCIER Secteur : Pétrole, Gaz & Hydrocarbures."
JOB250001790,Superviseur Qualité NDT (NDT Quality Supervisor),WISON NEW ENERGIES CONGO,Pointe-Noire,"Pétrole, Gaz & Hydrocarbures",CDD,,,,"Superviseur Qualité NDT (NDT Quality Supervisor)  Secteur : Pétrole, Gaz & Hydrocarbures."
JOB250001791,Superviseur Qualité Peinture ( Painting Quality Supervisor),WISON NEW ENERGIES CONGO,Pointe-Noire,"Pétrole, Gaz & Hydrocarbures",CDD,,,,"Superviseur Qualité Peinture ( Painting Quality Supervisor)  Secteur : Pétrole, Gaz & Hydrocarbures."
JOB250001797,Responsable Qualité Projet,WISON NEW ENERGIES CONGO,Pointe-Noire,"Pétrole, Gaz & Hydrocarbures",CDD,,,,"Responsable Qualité Projet  Secteur : Pétrole, Gaz & Hydrocarbures."
JOB250001798,Directeur Qualité du Projet (Project Quality Director),WISON NEW ENERGIES CONGO,Pointe-Noire,"Pétrole, Gaz & Hydrocarbures",CDD,,,,"Directeur Qualité du Projet (Project Quality Director)  Secteur : Pétrole, Gaz & Hydrocarbures."
JOB250001934,Superintendant en Mise en Service et Démarrage Électrique (Commissioning and Start Up Electrical Superintendent),WISON NEW ENERGIES CONGO,Pointe-Noire,"Pétrole, Gaz & Hydrocarbures",CDD,,,,"Superintendant en Mise en Service et Démarrage Électrique (Commissioning and Start Up Electrical Superintendent) Secteur : Pétrole, Gaz & Hydrocarbures."
JOB250002021,Ingénieur Contrats,WISON NEW ENERGIES CONGO,Pointe-Noire,"Pétrole, Gaz & Hydrocarbures",CDD,,,,"Ingénieur Contrats Secteur : Pétrole, Gaz & Hydrocarbures."
JOB250002226,Ingénieur en Finalisation de la Mise en Service et du Démarrage _ Commissioning and Start Up Completion Engineer,WISON NEW ENERGIES CONGO,Pointe-Noire,"Pétrole, Gaz & Hydrocarbures",CDD,,,,"Ingénieur en Finalisation de la Mise en Service et du Démarrage _ Commissioning and Start Up Completion Engineer Secteur : Pétrole, Gaz & Hydrocarbures."
JOB250002227,Superviseur de la Finalisation de la Mise en Service et du Démarrage,WISON NEW ENERGIES CONGO,Pointe-Noire,"Pétrole, Gaz & Hydrocarbures",CDD,,,,"Superviseur de la Finalisation de la Mise en Service et du Démarrage  Secteur : Pétrole, Gaz & Hydrocarbures."
JOB250002417,Responsable des Ressources Humaines et de l’Administration (RH & Admin),WISON NEW ENERGIES CONGO,Pointe-Noire,"Conseil, Stratégie & Gestion des Ressources Humaines",CDD,,,gestion des ressources humaines,"Responsable des Ressources Humaines et de l’Administration (RH & Admin) Secteur : Conseil, Stratégie & Gestion des Ressources Humaines."
JOB250002418,Superviseur RH & Assistant du Directeur Général (DG),WISON NEW ENERGIES CONGO,Pointe-Noire,"Conseil, Stratégie & Gestion des Ressources Humaines",CDD,,,gestion des ressources humaines,"Superviseur RH & Assistant du Directeur Général (DG) Secteur : Conseil, Stratégie & Gestion des Ressources Humaines."
JOB250002419,Superviseur Administratif,WISON NEW ENERGIES CONGO,Pointe-Noire,"Pétrole, Gaz & Hydrocarbures",CDD,,,,"Superviseur Administratif Secteur : Pétrole, Gaz & Hydrocarbures."
JOB250002420,Superviseur QHSE,WISON NEW ENERGIES CONGO,Pointe-Noire,"Assurance Qualité, Contrôle, Testing (QHSE)",CDD,,,qhse,"Superviseur QHSE  Secteur : Assurance Qualité, Contrôle, Testing (QHSE)."
JOB250002421,Leader en Approvisionnement & Logistique,WISON NEW ENERGIES CONGO,Pointe-Noire,"Pétrole, Gaz & Hydrocarbures",CDD,,,,"Leader en Approvisionnement & Logistique Secteur : Pétrole, Gaz & Hydrocarbures."
JOB250002422,Ingénieur en Approvisionnements,WISON NEW ENERGIES CONGO,Pointe-Noire,"Pétrole, Gaz & Hydrocarbures",CDD,,,,"Ingénieur en Approvisionnements Secteur : Pétrole, Gaz & Hydrocarbures."
JOB250002423,Supervisor Automation,WISON NEW ENERGIES CONGO,Pointe-Noire,"Pétrole, Gaz & Hydrocarbures",CDD,,,,"Supervisor Automation Secteur : Pétrole, Gaz & Hydrocarbures."
JOB250002628,Technicien en site Offshore,WISON NEW ENERGIES CONGO,Pointe-Noire,"Pétrole, Gaz & Hydrocarbures",CDD,,,,"Technicien en site Offshore Secteur : Pétrole, Gaz & Hydrocarbures."
JOB250002629,Responsable Contrôle des Matériaux,WISON NEW ENERGIES CONGO,Pointe-Noire,"Pétrole, Gaz & Hydrocarbures",CDD,,,,"Responsable Contrôle des Matériaux  Secteur : Pétrole, Gaz & Hydrocarbures."
JOB250001810,Chauffeur logisticien,WORLD WIDE FUND FOR NATURE ( WWF),Brazzaville,"Tourisme, Loisirs & Voyages",CDD,,,,"Chauffeur logisticien Secteur : Tourisme, Loisirs & Voyages."
JOB250001811,CHARGE DES INFRASTRUCTURES,WORLD WIDE FUND FOR NATURE ( WWF),Brazzaville,"Assurance Qualité, Contrôle, Testing (QHSE)",CDD,,,qhse,"CHARGE DES INFRASTRUCTURES  Secteur : Assurance Qualité, Contrôle, Testing (QHSE)."
JOB250001814,Assistant de Direction,WORLD WIDE FUND FOR NATURE ( WWF),Brazzaville,"Conseil, Stratégie & Gestion des Ressources Humaines",CDD,,,gestion des ressources humaines,"Assistant de Direction Secteur : Conseil, Stratégie & Gestion des Ressources Humaines."
JOB250001816,Stagiaire Finance,WORLD WIDE FUND FOR NATURE ( WWF),Brazzaville,"Finance, Banque, Assurance, Comptabilité & Fiscalité",Stage professionnel,,,comptabilité; fiscalité,"Stagiaire Finance Secteur : Finance, Banque, Assurance, Comptabilité & Fiscalité."
JOB250001832,Chargé du conflit Homme et faune,WORLD WIDE FUND FOR NATURE ( WWF),Ntokou,Exploitation Forestière & Bois,CDD,,,,Chargé du conflit Homme et faune Secteur : Exploitation Forestière & Bois.
JOB250001047,Référents Locaux du Mécanisme de Gestion des Plaintes et Recours,WWF (Fonds Mondial pour la Nature),Brazzaville,"Conseil, Stratégie & Gestion des Ressources Humaines",CDD,,,gestion des ressources humaines,"Référents Locaux du Mécanisme de Gestion des Plaintes et Recours Secteur : Conseil, Stratégie & Gestion des Ressources Humaines."
JOB250002165,COMPTABLE,YAO CORP,Brazzaville,"Finance, Banque, Assurance, Comptabilité & Fiscalité",CDI,,,comptabilité; fiscalité,"COMPTABLE  Secteur : Finance, Banque, Assurance, Comptabilité & Fiscalité."
JOB250002536,Chauffeur,YAO CORP,Brazzaville,"Transport, Logistique & Supply Chain",CDD,,,supply chain,"Chauffeur  Secteur : Transport, Logistique & Supply Chain."
STG250002612,Stage Ressources Humaines,YAO CORP,Brazzaville,"Conseil, Stratégie & Gestion des Ressources Humaines",Stage professionnel,,,gestion des ressources humaines,"Stage Ressources Humaines  Secteur : Conseil, Stratégie & Gestion des Ressources Humaines."
JOB250001805,GERANT,YUN -HAI,Pointe-Noire,"Commerce, Vente, Marketing & Distribution",CDD,,,vente,"GERANT Secteur : Commerce, Vente, Marketing & Distribution."
JOB250002823,Grutier,YVES SERVICES,Pointe-Noire,Divers,CDD,,,,Grutier Secteur : Divers .
JOB250002824,Conducteur Semi-Remorque,YVES SERVICES,Pointe-Noire,"Pétrole, Gaz & Hydrocarbures",CDD,,,,"Conducteur Semi-Remorque Secteur : Pétrole, Gaz & Hydrocarbures."
JOB250002825,Conducteur Niveleuse,YVES SERVICES,Pointe-Noire,"Pétrole, Gaz & Hydrocarbures",CDD,,,,"Conducteur Niveleuse Secteur : Pétrole, Gaz & Hydrocarbures."
JOB250002826,Conducteur Excavateur,YVES SERVICES,Pointe-Noire,"Pétrole, Gaz & Hydrocarbures",CDD,,,,"Conducteur Excavateur Secteur : Pétrole, Gaz & Hydrocarbures."
JOB260003497,Chargé de maintenance,AFRICA OIL SERVICE CONGO,Pointe-Noire,Industrie pétrolière et gazière - Services pétroliers - Hydrocarbures,Contrat à durée déterminée,BAC+2 (BTS/DUT),2.0,maintenance industrielle; électromécanique,Chargé de maintenance Secteur : Industrie pétrolière et gazière - Services pétroliers - Hydrocarbures. Effectuer les opérations de maintenance préventive et curative sur les équipements industriels. Bac+2/3 en maintenance industrielle ou électromécanique; Expérience de 2 à 5 ans
JOB260003498,Responsable HSE,AFRICA OIL SERVICE CONGO,Pointe-Noire,Industrie pétrolière et gazière - Services pétroliers - Hydrocarbures,Contrat à durée déterminée,Licence (BAC+3),3.0,hse,"Responsable HSE Secteur : Industrie pétrolière et gazière - Services pétroliers - Hydrocarbures. Mettre en œuvre la politique HSE de l'entreprise, assurer la conformité réglementaire et animer la culture sécurité. Bac+3/5 en HSE ou ingénierie; Expérience de 3 à 7 ans dans l'industrie pétrolière"
JOB260003499,Technicien HSE,AFRICA OIL SERVICE CONGO,Pointe-Noire,Industrie pétrolière et gazière - Services pétroliers - Hydrocarbures,Contrat à durée déterminée,BAC+2 (BTS/DUT),1.0,hse,Technicien HSE Secteur : Industrie pétrolière et gazière - Services pétroliers - Hydrocarbures. Assister le responsable HSE dans l'application des procédures de sécurité et santé au travail. Bac+2 en HSE ou domaine connexe; Expérience de 1 à 3 ans
JOB260003500,Superviseur de Chantier,AFRICA OIL SERVICE CONGO,Pointe-Noire,Industrie pétrolière et gazière - Services pétroliers - Hydrocarbures,Contrat à durée déterminée,Licence (BAC+3),5.0,génie civil,"Superviseur de Chantier Secteur : Industrie pétrolière et gazière - Services pétroliers - Hydrocarbures. Superviser les opérations de chantier, coordonner les équipes et veiller au respect des délais et normes qualité. Bac+3/5 en génie civil ou mécanique; Expérience de 5 ans minimum"
JOB260003501,Technicien Electricien,AFRICA OIL SERVICE CONGO,Pointe-Noire,Industrie pétrolière et gazière - Services pétroliers - Hydrocarbures,Contrat à durée déterminée,BAC+2 (BTS/DUT),2.0,,"Technicien Electricien Secteur : Industrie pétrolière et gazière - Services pétroliers - Hydrocarbures. Réaliser les installations, la maintenance et le dépannage des équipements électriques. Bac+2 en électricité industrielle; Expérience de 2 à 4 ans"
JOB260003502,Mécanicien,AFRICA OIL SERVICE CONGO,Pointe-Noire,Industrie pétrolière et gazière - Services pétroliers - Hydrocarbures,Contrat à durée déterminée,,1.0,,Mécanicien Secteur : Industrie pétrolière et gazière - Services pétroliers - Hydrocarbures. Assurer la maintenance préventive et corrective des équipements mécaniques. CAP/BEP en mécanique; Expérience de 1 à 3 ans en milieu industriel
JOB260003503,Soudeur,AFRICA OIL SERVICE CONGO,Pointe-Noire,Industrie pétrolière et gazière - Services pétroliers - Hydrocarbures,Contrat à durée déterminée,,,soudure,Soudeur Secteur : Industrie pétrolière et gazière - Services pétroliers - Hydrocarbures. Réaliser des travaux de soudure sur structures métalliques et équipements industriels. CAP/BEP en chaudronnerie ou soudure; Certification de soudage souhaitée
JOB260003504,Agent Administratif,AFRICA OIL SERVICE CONGO,Pointe-Noire,Industrie pétrolière et gazière - Services pétroliers - Hydrocarbures,Contrat à durée déterminée,BAC+2 (BTS/DUT),,secrétariat,"Agent Administratif Secteur : Industrie pétrolière et gazière - Services pétroliers - Hydrocarbures. Assurer le suivi administratif des dossiers, la rédaction de courriers et la gestion documentaire. Bac+2 en secrétariat ou administration; Maîtrise des outils bureautiques"
JOB260003505,Comptable,AFRICA OIL SERVICE CONGO,Pointe-Noire,Industrie pétrolière et gazière - Services pétroliers - Hydrocarbures,Contrat à durée déterminée,Licence (BAC+3),2.0,comptabilité,"Comptable Secteur : Industrie pétrolière et gazière - Services pétroliers - Hydrocarbures. Tenir la comptabilité générale, préparer les états financiers et assurer la conformité fiscale. Bac+3 en comptabilité ou finance; Expérience de 2 à 4 ans"
JOB260003506,Responsable Logistique,AFRICA OIL SERVICE CONGO,Pointe-Noire,Industrie pétrolière et gazière - Services pétroliers - Hydrocarbures,Contrat à durée déterminée,Licence (BAC+3),3.0,supply chain,"Responsable Logistique Secteur : Industrie pétrolière et gazière - Services pétroliers - Hydrocarbures. Planifier et coordonner les opérations logistiques, gérer les stocks et optimiser la chaîne d'approvisionnement. Bac+3/5 en logistique ou supply chain; Expérience de 3 à 5 ans"
JOB260003507,Chargé des Ressources Humaines,AFRICA OIL SERVICE CONGO,Pointe-Noire,Industrie pétrolière et gazière - Services pétroliers - Hydrocarbures,Contrat à durée déterminée,Licence (BAC+3),2.0,paie,"Chargé des Ressources Humaines Secteur : Industrie pétrolière et gazière - Services pétroliers - Hydrocarbures. Gérer le recrutement, la formation, la paie et les relations sociales au sein de l'entreprise. Bac+3/5 en RH ou droit social; Expérience de 2 à 5 ans"
JOB260003508,Technicien Instrumentiste,AFRICA OIL SERVICE CONGO,Pointe-Noire,Industrie pétrolière et gazière - Services pétroliers - Hydrocarbures,Contrat à durée déterminée,BAC+2 (BTS/DUT),2.0,instrumentation,Technicien Instrumentiste Secteur : Industrie pétrolière et gazière - Services pétroliers - Hydrocarbures. Assurer la maintenance et le calibrage des instruments de mesure et de contrôle. Bac+2 en instrumentation ou automatisme; Expérience de 2 à 4 ans
JOB260003509,Chef de Projet,AFRICA OIL SERVICE CONGO,Pointe-Noire,Industrie pétrolière et gazière - Services pétroliers - Hydrocarbures,Contrat à durée déterminée,Master (BAC+5),5.0,,"Chef de Projet Secteur : Industrie pétrolière et gazière - Services pétroliers - Hydrocarbures. Planifier, coordonner et suivre l'exécution des projets industriels dans les délais et budgets impartis. Bac+5 en génie industriel ou management de projet; Expérience de 5 à 10 ans"
JOB260003510,Ingénieur Process,AFRICA OIL SERVICE CONGO,Pointe-Noire,Industrie pétrolière et gazière - Services pétroliers - Hydrocarbures,Contrat à durée déterminée,Master (BAC+5),5.0,,"Ingénieur Process Secteur : Industrie pétrolière et gazière - Services pétroliers - Hydrocarbures. Optimiser les procédés de production, analyser les performances et proposer des améliorations techniques. Bac+5 en génie chimique ou pétrochimie; Expérience de 5 ans minimum"
JOB260003511,Technicien Tuyauteur,AFRICA OIL SERVICE CONGO,Pointe-Noire,Industrie pétrolière et gazière - Services pétroliers - Hydrocarbures,Contrat à durée déterminée,,2.0,tuyauterie,"Technicien Tuyauteur Secteur : Industrie pétrolière et gazière - Services pétroliers - Hydrocarbures. Réaliser les travaux de tuyauterie industrielle, assemblage et mise en place de canalisations. CAP/BEP en tuyauterie industrielle; Expérience de 2 à 4 ans"
JOB260003512,Ingénieur Forage,AFRICA OIL SERVICE CONGO,Pointe-Noire,Industrie pétrolière et gazière - Services pétroliers - Hydrocarbures,Contrat à durée déterminée,Master (BAC+5),5.0,forage,"Ingénieur Forage Secteur : Industrie pétrolière et gazière - Services pétroliers - Hydrocarbures. Planifier et superviser les opérations de forage, assurer la sécurité et optimiser les performances. Bac+5 en génie pétrolier; Expérience de 5 à 10 ans en forage"
JOB260003513,Responsable de Production,SARIS Congo,Nkayi,Agriculture - Agroalimentaire - Brasserie - Produits laitiers - Boulangerie,Contrat à durée indéterminée,,5.0,,"Responsable de Production Secteur : Agriculture - Agroalimentaire - Brasserie - Produits laitiers - Boulangerie. Gérer et optimiser la production sucrière, superviser les équipes et garantir les objectifs de rendement. Ingénieur en agroalimentaire ou industrie sucrière; Expérience de 5 ans minimum"
JOB260003514,Technicien Frigoriste,MOONLIGHT VISION,Pointe-Noire,Industrie,Contrat à durée déterminée,,2.0,,"Technicien Frigoriste Secteur : Industrie. Installer, entretenir et réparer les équipements de réfrigération et de climatisation. BEP/CAP en froid et climatisation; Expérience de 2 à 3 ans"
JOB260003515,Gérant de station-service,TOTAL ENERGIES MARKETING CONGO,Brazzaville,Hydrocarbure,Contrat à durée indéterminée,Licence (BAC+3),2.0,,"Gérant de station-service Secteur : Hydrocarbure. Gérer l'exploitation quotidienne d'une station-service, superviser le personnel et assurer la rentabilité. Bac+3 en gestion commerciale ou équivalent; Expérience de 2 à 5 ans"
JOB260003516,Agent Commercial,TOTAL ENERGIES MARKETING CONGO,Pointe-Noire,Hydrocarbure,Contrat à durée déterminée,Licence (BAC+3),1.0,vente,"Agent Commercial Secteur : Hydrocarbure. Développer le portefeuille clients, prospecter et fidéliser les clients dans le secteur des hydrocarbures. Bac+3 en commerce ou marketing; Expérience de 1 à 3 ans en vente"
JOB260003517,Chef d'équipe opérations,BOLLORÉ TRANSPORT & LOGISTICS CONGO,Pointe-Noire,Transit - Transport et Logistique - Génie Logistique,Contrat à durée déterminée,BAC+2 (BTS/DUT),3.0,transit,"Chef d'équipe opérations Secteur : Transit - Transport et Logistique - Génie Logistique. Encadrer une équipe de manutentionnaires, planifier les opérations portuaires et assurer la performance. Bac+2 en logistique ou transport; Expérience de 3 à 5 ans"
JOB260003518,Technicien informatique,MTN CONGO,Brazzaville,Informatique - Développement - Système & Réseaux,Contrat à durée déterminée,BAC+2 (BTS/DUT),1.0,,"Technicien informatique Secteur : Informatique - Développement - Système & Réseaux. Assurer la maintenance des équipements informatiques, le support utilisateurs et la gestion du parc IT. Bac+2 en informatique; Expérience de 1 à 3 ans en support technique"
JOB260003519,Chargé de clientèle,MTN CONGO,Brazzaville,Commerce - Vente - Marketing - Grande distribution - Distribution - Négoce - Relation client,Contrat à durée indéterminée,BAC+2 (BTS/DUT),1.0,vente,"Chargé de clientèle Secteur : Commerce - Vente - Marketing - Grande distribution - Distribution - Négoce - Relation client. Accueillir et conseiller les clients, gérer les réclamations et promouvoir les produits et services. Bac+2 en commerce ou communication; Expérience de 1 à 2 ans en relation client"
JOB260003520,Technicien Réseau,MTN CONGO,Pointe-Noire,Réseaux et Télécommunications,Contrat à durée déterminée,BAC+2 (BTS/DUT),2.0,,"Technicien Réseau Secteur : Réseaux et Télécommunications. Assurer la maintenance et l'optimisation du réseau télécom, diagnostiquer et résoudre les incidents. Bac+2/3 en télécommunications ou réseaux; Expérience de 2 à 4 ans"
JOB260003521,Ingénieur Génie Civil,SONATIR,Brazzaville,BTP - Bâtiment - Travaux Publics - Construction - Architecture - Design,Contrat à durée déterminée,Master (BAC+5),3.0,génie civil,"Ingénieur Génie Civil Secteur : BTP - Bâtiment - Travaux Publics - Construction - Architecture - Design. Concevoir et superviser les projets de construction, coordonner les travaux et contrôler la qualité. Bac+5 en génie civil; Expérience de 3 à 7 ans dans la construction"
JOB260003522,Conducteur de Travaux,SONATIR,Brazzaville,BTP - Bâtiment - Travaux Publics - Construction - Architecture - Design,Contrat à durée déterminée,Licence (BAC+3),3.0,conduite de travaux; génie civil,"Conducteur de Travaux Secteur : BTP - Bâtiment - Travaux Publics - Construction - Architecture - Design. Organiser et superviser l'exécution des chantiers de construction, coordonner les sous-traitants. Bac+3 en génie civil ou BTP; Expérience de 3 à 5 ans en conduite de travaux"
JOB260003523,Médecin du travail,ENI CONGO S.A.U.,Pointe-Noire,Hydrocarbure,Contrat à durée indéterminée,,3.0,,"Médecin du travail Secteur : Hydrocarbure. Assurer le suivi médical des employés, prévenir les risques professionnels et gérer les urgences médicales. Diplôme de médecin + spécialisation en médecine du travail; Expérience de 3 à 5 ans"
JOB260003524,Technicien de laboratoire,ENI CONGO S.A.U.,Pointe-Noire,Hydrocarbure,Contrat à durée déterminée,BAC+2 (BTS/DUT),2.0,,"Technicien de laboratoire Secteur : Hydrocarbure. Réaliser les analyses et contrôles qualité sur les échantillons pétroliers, rédiger les rapports. Bac+2/3 en chimie ou biologie; Expérience de 2 à 4 ans en laboratoire"
JOB260003525,Juriste,ENI CONGO S.A.U.,Pointe-Noire,Hydrocarbure,Contrat à durée déterminée,Master (BAC+5),3.0,,"Juriste Secteur : Hydrocarbure. Conseiller juridiquement l'entreprise, rédiger et négocier les contrats, assurer la veille réglementaire. Bac+5 en droit; Expérience de 3 à 5 ans en droit des affaires ou pétrolier"
JOB260003526,Assistant RH,ENI CONGO S.A.U.,Pointe-Noire,Hydrocarbure,Stage professionnel,Licence (BAC+3),,gestion administrative,"Assistant RH Secteur : Hydrocarbure. Assister le service RH dans le recrutement, la gestion administrative du personnel et la formation. Bac+3 en ressources humaines ou droit social; Première expérience souhaitée"
JOB260003527,Producteur en charge de point de vente,DI-Africa (Congo) SA,Brazzaville,Divers,Contrat à durée déterminée,Licence (BAC+3),,bonne connaissance des produits d'assurance; techniques de vente et de negociation; maitrise des outils informatiques et logiciels de gestion,"Producteur en charge de point de vente Secteur : Divers. Le producteur en charge de point de vente est responsable du développement commercial, de la gestion opérationnelle et de la rentabilité d'un point de vente d'assurances. Bac +3 en commerce, assurance, gestion ou équivalent; Expérience en vente ou en assurance fortement souhaitée Bonne connaissance des produits d'assurance; Techniques de vente et de négociation; Maîtrise des outils informatiques et logiciels de gestion"
JOB260003528,Régleur sinistre,DI-Africa (Congo) SA,Brazzaville,Divers,Contrat à durée déterminée,Master (BAC+5),,connaissance des produits d'assurance; maitrise des procedures de gestion des sinistres; notions juridiques,"Régleur sinistre Secteur : Divers. Le régleur de sinistres est chargé d'instruire, d'analyser et de régler les dossiers de sinistres conformément aux garanties contractuelles et à la réglementation en vigueur. Bac +5 en assurance, droit, ou gestion; Expérience en gestion de sinistres souhaitée Connaissance des produits d'assurance; Maîtrise des procédures de gestion des sinistres; Notions juridiques"
JOB260003529,Responsable logistique,AFRICA ROPE DISTRIBUTION CONGO SA (ARD Congo SA),Pointe-Noire,Agriculture - Agroalimentaire - Brasserie - Produits laitiers - Boulangerie,Contrat à durée déterminée,,3.0,gestion de stock,Responsable logistique Secteur : Agriculture - Agroalimentaire - Brasserie - Produits laitiers - Boulangerie. Vous êtes responsable des flux physiques et d'informations des stocks et de la planification des transports. Etre titulaire d'une Licence en Logistique et Transport; Connaissance en gestion de stock et approvisionnement; Expérience (2-3 ans)
JOB260003530,Agent Back Office ZL,CONGO TERMINAL,Pointe-Noire,Transit - Transport et Logistique - Génie Logistique,Contrat à durée déterminée,BAC+2 (BTS/DUT),1.0,transit,"Agent Back Office ZL Secteur : Transit - Transport et Logistique - Génie Logistique. Contribuer à la coordination, à l'animation et à la réalisation des activités d'exploitation du Parc Zone Logistique (PZL). Être de nationalité congolaise; Avoir un niveau Bac+2 en Transport Logistique; Avoir une expérience de 1 an minimum"
JOB260003531,Agent Comptoir Livraison,CONGO TERMINAL,Pointe-Noire,Transit - Transport et Logistique - Génie Logistique,Contrat à durée déterminée,BAC+2 (BTS/DUT),2.0,transit,Agent Comptoir Livraison Secteur : Transit - Transport et Logistique - Génie Logistique. S'impliquer à l'animation et à la gestion du back office du comptoir Livraison. Être de nationalité congolaise; Avoir un niveau Bac+2 en Génie Logistique et transport; Avoir une expérience de 2 ans minimum
JOB260003532,Agent Réserves,CONGO TERMINAL,Pointe-Noire,Transit - Transport et Logistique - Génie Logistique,Contrat à durée déterminée,BAC+2 (BTS/DUT),1.0,transit,Agent Réserves Secteur : Transit - Transport et Logistique - Génie Logistique. Réaliser les activités d'exploitation du parc zone logistique Livraison. Être de nationalité congolaise; Avoir un niveau Bac+2 en Transport Logistique; Avoir une expérience de 1 an minimum
JOB260003533,Agent Gate ZL,CONGO TERMINAL,Pointe-Noire,Transit - Transport et Logistique - Génie Logistique,Contrat d'apprentissage,BAC+2 (BTS/DUT),1.0,transit,Agent Gate ZL Secteur : Transit - Transport et Logistique - Génie Logistique. Réaliser les activités d'exploitation du parc zone logistique. Être de nationalité congolaise; Avoir un niveau Bac+2 en Transport Logistique; Avoir une expérience de 1 an minimum
JOB260003534,DIRECTEUR TECHNQIUE,FOSELEV CONGO,Pointe-Noire,Industrie,Contrat à durée indéterminée,,10.0,maintenance industrielle,"DIRECTEUR TECHNQIUE Secteur : Industrie. Responsable de la stratégie, de la performance et de la fiabilité technique de l'ensemble des activités de Foselev Congo. Ingénieur (mécanique, maintenance industrielle ou équivalent); Expérience confirmée (10 ans minimum) dans un environnement industriel exigeant"
JOB260003535,Manutentionnaire,MOONLIGHT VISION,Pointe-Noire,Divers,Contrat à durée déterminée,,,,Manutentionnaire Secteur : Divers. Manutentionnaire de bouteilles GPL. Respecter les règlements de l'entreprise et exécuter strictement les opérations de chargement.
JOB260003536,Manutentionnaire,MOONLIGHT VISION,Pointe-Noire,Divers,Contrat à durée déterminée,,,,Manutentionnaire Secteur : Divers. Assister les employés chinois dans les opérations de manutention des bouteilles de gaz; Maîtriser les règles et normes de manutention des bouteilles.
JOB260003537,Agents locaux,MOONLIGHT VISION,Pointe-Noire,Logistique et Distribution,Contrat à durée déterminée,,30.0,,Agents locaux Secteur : Logistique et Distribution. Agent de distribution carburant et gaz / interprète pour la station intégrée pétrole et gaz de Pointe Noire. Sexe: Masculin; Âge: 30 ans maximum; Niveau d'études: Universitaire ou supérieur
JOB260003538,Assistant Comptable Stagiaire,HAPAG LLOYD CONGO,Pointe-Noire,Audits - Finance - Banque - Assurance - Fiscalité - Comptabilité - Expertise Comptable,Stage professionnel,BAC+2 (BTS/DUT),,connaissance en comptabilite; maitrise de la legislation et la reglementation fiscale congolaise,"Assistant Comptable Stagiaire Secteur : Audits - Finance - Banque - Assurance - Fiscalité - Comptabilité - Expertise Comptable. Chargé d'assister le comptable dans les travaux quotidiens. Effectuer les formalités financières et extra-comptables. Niveau d'études: Bac +2; Connaissance des opérations de shipping; Maîtrise des outils informatiques et du logiciel SAP Connaissance En Comptabilité, Maitrise De La Législation Et La Réglementation Fiscale Congolaise"
JOB260003539,Assistante administrative,BONAF DISTRIBUTION,Pointe-Noire,Administration et Gestion - Fonction Publique - Ressources Humaines - Recrutement - Société d'intérim,Contrat à durée déterminée,,,aisance relationnelle; avoir la maitrise des outils de communication,"Assistante administrative Secteur : Administration et Gestion - Fonction Publique - Ressources Humaines - Recrutement - Société d'intérim. Chargé d'assurer le suivi des dossiers, la gestion des documents et le bon fonctionnement des tâches administratives. Aisance relationnelle et rédactionnelle; Maîtrise des outils bureautiques; Très bonne présentation; Rigueur, organisation et réactivité Aisance Relationnelle; Avoir La Maitrise Des Outils De Communication"
JOB260003540,Assistant Transit & Logistique,CFAO MOBILITY CONGO,Pointe-Noire,Commerce - Vente - Marketing - Grande distribution - Distribution - Négoce - Relation client,Contrat à durée indéterminée,Licence (BAC+3),,assurer la gestion administrative,"Assistant Transit & Logistique Secteur : Commerce - Vente - Marketing - Grande distribution - Distribution - Négoce - Relation client. Traitement des factures Douanes & prestataires; Etablissement des ordres de Transit; Costing & Archivages. Bac +3 en Transit, Douane, Transport & Logistique/Commerce International Assurer La Gestion Administrative"
JOB260003541,Commerciaux,UNI SAVON INDUSTRIES,Pointe-Noire,Industrie,Contrat à durée déterminée,,,,"Commerciaux Secteur : Industrie. Effectuer de la prospection physique, téléphonique, par mailing. Démarcher les prospects; Vendre un produit ou services; Conseiller les clients; Négocier les prix"
JOB260003542,Chauffeur,TOP CHINE,Pointe-Noire,Transport terrestre - Transport - Transport Maritime - Transport Aérien - Transport Fluvial,Contrat à durée déterminée,,,,Chauffeur Secteur : Transport terrestre - Transport - Transport Maritime - Transport Aérien - Transport Fluvial. Charger/Décharger le véhicule; Effectuer certaines tâches administratives; Organiser ou contrôler le chargement des marchandises. Connaissance de la ville; Détenteur d'un permis CEMAC; Règles de sécurité des biens et des personnes
JOB260003543,OPERATEUR DE SAISIE DE COMMANDE,AGROVA,Brazzaville,Santé - Médecine - Pharmacie - vente de produits pharmaceutiques,Contrat à durée déterminée,BAC+2 (BTS/DUT),,pharmacie; vente,"OPERATEUR DE SAISIE DE COMMANDE Secteur : Santé - Médecine - Pharmacie - vente de produits pharmaceutiques. Saisir les commandes clients dans le logiciel de gestion; Vérifier l'exactitude des informations; Contrôler la disponibilité des produits en stock. Niveau BAC à BAC+2 (gestion, logistique, informatique); Expérience en saisie ou administration; Bonne maitrise des outils informatique"
JOB260003544,Chauffeur Poids lourd,SOCIETE CONGOLAISE DE SERVICES INDUSTRIELS,Pointe-Noire,Divers,Contrat à durée déterminée,,,maitrise du code de la route,"Chauffeur Poids lourd Secteur : Divers. IL est chargé de conduire un véhicule destiné aux transport et à la livraison des marchandises. Avoir un permis de conduire CEMAC en cour de validité; Etre polyvalent, ponctuel, dynamique; Avoir une formation en conduite défensive Maitrise Du Code De La Route"
JOB260003545,Assistante de Direction Bilingue,DI-Africa (Congo) SA,Brazzaville,Divers,Contrat à durée déterminée,Licence (BAC+3),,excellente maitrise du francais et de l'anglais; bonne maitrise des outils bureautiques,"Assistante de Direction Bilingue Secteur : Divers. Assister la direction dans la gestion quotidienne des activités administratives, organisationnelles et relationnelles, en assurant une communication fluide en français et en anglais. Bac +3 en assistanat de direction, gestion administrative ou équivalent; Une expérience dans un environnement international est un atout Excellente maîtrise du français et de l'anglais; Bonne maîtrise des outils bureautiques"
JOB260003546,MANOEUVRE CHAUFFEUR VEHICULES LEGERS,SOCIETE CONGOLAISE DE SERVICES INDUSTRIELS,Pointe-Noire,Assainissement - Gestion des déchets - Environnement,Contrat à durée déterminée,,,,"MANOEUVRE CHAUFFEUR VEHICULES LEGERS Secteur : Assainissement - Gestion des déchets - Environnement. Assurer l'entretien, le pompage, le curage et le nettoyage d'ouvrages d'assainissement; Conduire les véhicules léger. Agent polyvalent, ponctuel, dynamique; Détenteur d'un permis de conduire CEMAC en cours de validité"
JOB260003547,Chauffeur de Direction,DI-Africa (Congo) SA,Brazzaville,Divers,Contrat à durée déterminée,BAC,3.0,excellente maitrise de la conduite automobile; bonne connaissance des regles de securite routiere,"Chauffeur de Direction Secteur : Divers. Assurer le transport sécurisé, ponctuel et confortable des membres de la direction, tout en veillant à l'entretien et à la bonne utilisation du véhicule. Niveau d'études: Bac (minimum); Permis de conduire valide (catégories B,C exigées); Expérience: 3 ans minimum en tant que chauffeur de direction Excellente maîtrise de la conduite automobile; Bonne connaissance des règles de sécurité routière"
JOB260003548,MAGASINIER(ère) -CONTROLE DE COMMANDE,PROPHARMA,Brazzaville,Commerce - Vente - Marketing - Grande distribution - Distribution - Négoce - Relation client,Contrat à durée déterminée,BAC+2 (BTS/DUT),,magasinage; vente,"MAGASINIER(ère) -CONTROLE DE COMMANDE Secteur : Commerce - Vente - Marketing - Grande distribution - Distribution - Négoce - Relation client. Assurer le contrôle, la conformité et la préparation des commandes avant expédition, dans le respect des normes de qualité et de sécurité des produits pharmaceutiques. Niveau BAC à BAC+2 (gestion, logistique, informatique); Expérience en magasinage/logistique; Connaissance des règles de stockage des produits sensibles"
JOB260003549,Driller workover,DIXSTONE OPERATIONS CONGO,Pointe-Noire,Support aux activités de forage - Forage pétrolier et gazier - Forage d'eau - Forage géotechnique et environnemental,Contrat à durée déterminée,,,forage,Driller workover Secteur : Support aux activités de forage - Forage pétrolier et gazier - Forage d'eau - Forage géotechnique et environnemental. Le Driller Workover est un foreur spécialisé dans les opérations de maintenance et d'intervention sur les puits de forage. Expérience confirmée en forage et opérations de workover; Solide connaissance des équipements de forage et procédure de sécurité; Bonne maitrise de l'anglais technique et du français
JOB260003550,Chef de Division Gisement & Ingénierie du Pétrole,ENI CONGO S.A.U.,Pointe-Noire,Hydrocarbure,Contrat à durée déterminée,Master (BAC+5),10.0,capacites a controler le respect des procedures; demontrer l'integrite et la confidentialite,"Chef de Division Gisement & Ingénierie du Pétrole Secteur : Hydrocarbure. Assurer le maintien des conditions optimales d'exploitation des gisements; Programmer et assurer le déroulement correct des activités liées à la production et aux développements. Avoir un Bac + 5 dans les domaines du génie mécanique, du Génie industriel ou du Génie pétrolier; Avoir une expérience de 10 ans minimum Capacités à contrôler le respect des procédures; Démontrer l'intégrité et la confidentialité"
JOB260003551,Chef de Division Exploration,ENI CONGO S.A.U.,Pointe-Noire,Hydrocarbure,Contrat à durée déterminée,Master (BAC+5),20.0,capacites a controler le respect des procedures et les regles d'ethique; demontrer l'integrite et la confidentialite,"Chef de Division Exploration Secteur : Hydrocarbure. Identifier, planifier et gérer les activités d'exploration dans le cadre des permis d'exploration existants. Avoir un BAC+5 Génie Géologie Appliquée, Exploration, Sciences de l'environnement; Avoir une expérience de 20 ans minimum dans le domaine de l'exploration Capacités à contrôler le respect des procédures et les règles d'éthique; Démontrer l'intégrité et la confidentialité"
JOB260003552,Comptable junior et analyste,KONTINENT CONGO,Brazzaville,Audits - Finance - Banque - Assurance - Fiscalité - Comptabilité - Expertise Comptable,Stage professionnel,Master (BAC+5),1.0,comptabilité; fiscalité; paie,"Comptable junior et analyste Secteur : Audits - Finance - Banque - Assurance - Fiscalité - Comptabilité - Expertise Comptable. Assurer la tenue de la comptabilité interne, la paie et le suivi des coûts pétroliers (CAPEX, OPEX), coûts de fonctionnement. Bac +4/5 en comptabilité ou diplôme technique en comptabilité; 1 an d'expérience minimum"
JOB260003553,Chef de Service Flow Assurance,ENI CONGO S.A.U.,Pointe-Noire,Hydrocarbure,Contrat à durée déterminée,Master (BAC+5),10.0,posseder les capacites d'analyse; de synthese; forte communication et competences interpersonnelles,"Chef de Service Flow Assurance Secteur : Hydrocarbure. Assurer le monitorage continu des performances des puits/réservoirs de manière à optimiser la production offshore. Avoir une formation supérieure de BAC +5 ou un Diplôme d'ingénieur; Avoir une expérience de 10 années dans le domaine du forage Posséder les capacités d'analyse, de synthèse; Forte communication et compétences interpersonnelles"
JOB260003554,Mécanicien de Grue Offshore,KOUILOU ASSISTANCE CONSEILS CONGO,Pointe-Noire,Industrie pétrolière et gazière - Services pétroliers - Hydrocarbures,Contrat à durée déterminée,Licence (BAC+3),5.0,bonne comprehension des principes mecaniques et des systemes; experience en mecanique poids lourds/engins; faire la maintenance mecanique,"Mécanicien de Grue Offshore Secteur : Industrie pétrolière et gazière - Services pétroliers - Hydrocarbures. Réaliser les opérations de maintenance préventive et corrective requises sur toutes les grues offshore et équipements de levage. Bac+3/5 en Maintenance Industrielle, Génie Mécanique; Minimum 05 ans d'expérience en maintenance de grues; Expérience offshore indispensable Bonne Compréhension Des Principes Mécaniques Et Des Systèmes; Expérience En Mécanique Poids Lourds/engins; Faire La Maintenance Mécanique"
JOB260003555,Agent Commercial Trade Marketing Zone B/Ville,SARIS Congo,Nkayi,Agriculture - Agroalimentaire - Brasserie - Produits laitiers - Boulangerie,Contrat à durée déterminée,BAC+2 (BTS/DUT),2.0,,"Agent Commercial Trade Marketing Zone B/Ville Secteur : Agriculture - Agroalimentaire - Brasserie - Produits laitiers - Boulangerie. Agent Commercial Marketing est rattaché hiérarchiquement au chef de service commercial de sa zone. Avoir un Bac+2/3 ou licence universitaire; Avoir une expérience de 1 ou 2 ans; Avoir la maîtrise outils informatiques: Excel, Access, Word"
JOB260003556,Employé de Bureau,SARIS Congo,Kayes,Agriculture - Agroalimentaire - Brasserie - Produits laitiers - Boulangerie,Contrat à durée déterminée,,,,Employé de Bureau Secteur : Agriculture - Agroalimentaire - Brasserie - Produits laitiers - Boulangerie. Effectuer diverses taches administratives relatives au service recrutement; Gérer et suivre les dossiers administratifs des personnels CDD et saisonniers. Avoir le niveau minimum BEPC; Avoir une expérience d'au moins deux (02) ans à un poste similaire; Avoir la connaissance de l'outils Informatique
JOB260003557,Responsable Opérations Marines,SERVTEC CONGO,Pointe-Noire,Hydrocarbure,Contrat à durée déterminée,,5.0,adaptation du discours selon le profil client,"Responsable Opérations Marines Secteur : Hydrocarbure. Ce poste a pour finalités d'assurer la bonne marche des installations et le respect des objectifs de production fixés par sa hiérarchie; Diriger et coordonner l'équipe de logisticiens et les équipes pont. École de la marine marchande, Titulaire du brevet STCW 95 de capitaine sans restriction; Expérience minimum 5 ans de navigation comme officier sur tanker Adaptation du discours selon le profil client"
JOB260003558,Superviseur Vendeur à domicile(SVAD),GROUP VIVENDI AFRICA CONGO,Brazzaville,Commerce - Vente - Marketing - Grande distribution - Distribution - Négoce - Relation client,Contrat à durée indéterminée,,3.0,vente,"Superviseur Vendeur à domicile(SVAD) Secteur : Commerce - Vente - Marketing - Grande distribution - Distribution - Négoce - Relation client. Le Superviseur des Ventes à Domicile encadre, anime et motive une équipe de vendeurs afin d'atteindre les objectifs commerciaux, tout en veillant à la satisfaction des clients. Maîtrise des outils bureautiques (Excel, Word); Organisé(e), rigoureux(se), et capable de travailler en équipe; Expérience: avoir minimum 3 ans d'expérience commerciale terrain"
JOB260003559,Superviseur Vendeur à domicile(SVAD),GROUP VIVENDI AFRICA CONGO,Pointe-Noire,Commerce - Vente - Marketing - Grande distribution - Distribution - Négoce - Relation client,Contrat à durée indéterminée,,3.0,vente,"Superviseur Vendeur à domicile(SVAD) Secteur : Commerce - Vente - Marketing - Grande distribution - Distribution - Négoce - Relation client. Le Superviseur des Ventes à Domicile encadre, anime et motive une équipe de vendeurs afin d'atteindre les objectifs commerciaux, tout en veillant à la satisfaction des clients. Maîtrise des outils bureautiques (Excel, Word); Organisé(e), rigoureux(se), et capable de travailler en équipe; Expérience: avoir minimum 3 ans d'expérience commerciale terrain"
JOB260003560,Responsable Comptable,SEDIC,Brazzaville,Audits - Finance - Banque - Assurance - Fiscalité - Comptabilité - Expertise Comptable,Contrat à durée indéterminée,Licence (BAC+3),5.0,comptabilité; fiscalité; ohada,"Responsable Comptable Secteur : Audits - Finance - Banque - Assurance - Fiscalité - Comptabilité - Expertise Comptable. Le titulaire du poste aura pour mission d'assurer la fiabilité, la conformité et la bonne tenue de la comptabilité de la société, tout en contribuant à la gestion financière et à la prise de décisions stratégiques. Formation supérieure en comptabilité, finance ou gestion (Bac+3 à Bac+5); Expérience professionnelle d'au moins 5 ans en comptabilité (cabinet ou entreprise); Maîtrise des normes comptables OHADA"
JOB260003561,Chargé QHSE,SILICONE CONNECT,Brazzaville,"Responsable HSSE ( Hygiène, Santé, Sécurité et Environnement)",Contrat à durée indéterminée,Licence (BAC+3),3.0,qhse,"Chargé QHSE Secteur : Responsable HSSE ( Hygiène, Santé, Sécurité et Environnement). Évaluation des risques; Conformité et veille réglementaire; Système QHSE; Formation et sensibilisation; Audits et Reporting; Gestion des incidents. Diplôme Bac+3 - 5 (Licence / Master QHSE, École d'ingénieurs); Expérience de 3 à 5 ans"
JOB260003562,Directeur Financier des Projets,PHINEWARD GROUP CONGO,Pointe-Noire,Administration et Gestion - Fonction Publique - Ressources Humaines - Recrutement - Société d'intérim,Contrat à durée déterminée,,,bonne connaissances en comptabilite,"Directeur Financier des Projets Secteur : Administration et Gestion - Fonction Publique - Ressources Humaines - Recrutement - Société d'intérim. Le Directeur financier des projets est responsable de la structuration, du suivi et de l'optimisation du financement d'un projet tout au long de sa réalisation. Avoir un diplome dans le domaine; Etre doté d'une excellente maitrise du domaine des finance; Capacité d'analyse des modélisation financières Bonne Connaissances En Comptabilité"
JOB260003563,Technicien de Machines / Aide-Opérateur (H/F),Ragec,Brazzaville,Machines et équipements / Automobile,Contrat à durée indéterminée,Licence (BAC+3),,maintenance industrielle,"Technicien de Machines / Aide-Opérateur (H/F) Secteur : Machines et équipements / Automobile. Le titulaire du poste aura pour mission d'apporter un appui technique dans le réglage, la conduite et la maintenance des équipements de production. Bac+3 en électricité industrielle, maintenance industrielle, électrotechnique ou équivalent; Une expérience professionnelle serait un atout"
JOB260003564,Cariste,Ragec,Brazzaville,Transport terrestre - Transport - Transport Maritime - Transport Aérien - Transport Fluvial,Contrat à durée indéterminée,,1.0,,"Cariste Secteur : Transport terrestre - Transport - Transport Maritime - Transport Aérien - Transport Fluvial. Le titulaire du poste sera chargé d'assurer la manutention, le stockage et le déplacement des marchandises, tout en veillant au respect des normes de sécurité et de qualité. Niveau d'étude BEPC souhaité; Permis de conduire CEMAC catégorie G en cours de validité; Expérience d'au moins 1 an dans le transport ou la manutention"
JOB260003565,Manutentionnaire,BLUE COLLAR,Pointe-Noire,Divers,Contrat à durée déterminée,,2.0,aider a charger et decharger la marchandise a exposer,Manutentionnaire Secteur : Divers. Ils sont chargés de réaliser l'ensemble des opérations de manutention de l'entreprise. Avoir un BEPC/CAP; Une expérience de 2 à 3 ans; Connaissance des gestes et postures de manutention Aider à Charger Et Décharger La Marchandise à Exposer
JOB260003566,Assistant Administratif et Recouvrement (H/F),CFAO MOBILITY CONGO,Brazzaville,Administration et Gestion - Fonction Publique - Ressources Humaines - Recrutement - Société d'intérim,Contrat à durée indéterminée,Licence (BAC+3),2.0,comptabilité,"Assistant Administratif et Recouvrement (H/F) Secteur : Administration et Gestion - Fonction Publique - Ressources Humaines - Recrutement - Société d'intérim. Le titulaire du poste sera chargé d'assurer le suivi et le recouvrement des créances clients, en mettant en œuvre les actions nécessaires pour obtenir le paiement des sommes dues. Bac+3 en comptabilité; Expérience professionnelle d'au moins 2 ans dans un domaine similaire; Nationalité congolaise"
JOB260003567,Manager Consultant BankTech,MOBILE MONEY CONGO S.A (MOMO),Brazzaville,Audits - Finance - Banque - Assurance - Fiscalité - Comptabilité - Expertise Comptable,Contrat à durée indéterminée,Master (BAC+5),4.0,comptabilité; fiscalité,"Manager Consultant BankTech Secteur : Audits - Finance - Banque - Assurance - Fiscalité - Comptabilité - Expertise Comptable. Le titulaire du poste sera chargé de définir et mettre en œuvre la stratégie BankTech et les solutions de scoring, tout en pilotant le développement du portefeuille de crédit digital et les partenariats bancaires. Bac+4/5 en Finance, Banque, Économie, Gestion ou domaine connexe; Expérience de 4 à 6 ans minimum dans un poste similaire (dont 3 ans en management)"
JOB260003568,Chargé de clientèle,EXPRESS UNION CONGO SA,Brazzaville,Chimie / Parachimie,Contrat à durée déterminée,BAC+2 (BTS/DUT),,microfinance,"Chargé de clientèle Secteur : Chimie / Parachimie. Ce poste offre l'opportunité d'évoluer dans un environnement dynamique, orienté vers la satisfaction client et la performance commerciale. Bac+2/3 en Gestion, Commerce, Banque, Finance ou équivalent; Une première expérience en microfinance, banque ou relation client est un atout"
JOB260003569,Chef cuisinier,KAMBA AFRICAN RAINFOREST EXPERIENCES,Ewo,Hôtellerie - Restauration,Contrat à durée déterminée,,,cuisine,"Chef cuisinier Secteur : Hôtellerie - Restauration. Le Chef est responsable de l'organisation globale de la cuisine et garantit la qualité de l'expérience culinaire offerte aux clients. Baccalaureat en hotellerie, certificat d'aptitude professionelle; Capacite à travailler dans un environnement multiculturel"
JOB260003570,Coupeur de Canne à Sucre,SARIS Congo,Nkayi,Agriculture - Agroalimentaire - Brasserie - Produits laitiers - Boulangerie,Contrat à durée déterminée,,,,"Coupeur de Canne à Sucre Secteur : Agriculture - Agroalimentaire - Brasserie - Produits laitiers - Boulangerie. Couper la canne à 5 cm du niveau du sol pour les chicots et un dernier entre-nœud pour son embout; Couper 5,6 tonnes de cannes par journée de travail effectif. Bonne santé physique et mentale; dynamisme; discipline"
JOB260003571,Chef d'équipe Coupe et Plantation,SARIS Congo,Nkayi,Agriculture - Agroalimentaire - Brasserie - Produits laitiers - Boulangerie,Contrat à durée déterminée,,,,Chef d'équipe Coupe et Plantation Secteur : Agriculture - Agroalimentaire - Brasserie - Produits laitiers - Boulangerie. Il est le gestionnaire d'une équipe de soixante quinze (75) personnels et du matériel mis à sa disposition dans les chantiers en assurant que les objectifs journaliers en qualité et quantité soient atteints. Etre titulaire d'un Brevet au minimum; Savoir interpréter un plan de parcelle
JOB260003572,Comptable Fournisseur Local,SEDLEX & PARTNERS,Pointe-Noire,Industrie pétrolière et gazière - Services pétroliers - Hydrocarbures,Contrat à durée indéterminée,Master (BAC+5),5.0,archivage; comptabilité,"Comptable Fournisseur Local Secteur : Industrie pétrolière et gazière - Services pétroliers - Hydrocarbures. Gestion de la comptabilité fournisseurs congolaise - banques locales; Comptabilisation factures fournisseurs locaux; Archivage des pièces fournisseurs originales. Bac + 4 minimum en Comptabilité, Finance ou équivalent; Expérience professionnelle en comptabilité de 5 ans minimum"
JOB260003573,Agent Logistique,ARPCE,Brazzaville,Transit - Transport et Logistique - Génie Logistique,Contrat à durée indéterminée,BAC+2 (BTS/DUT),2.0,transit,"Agent Logistique Secteur : Transit - Transport et Logistique - Génie Logistique. Réception, contrôle et stockage des fournitures; Préparation et expédition des commandes ou des livraisons internes; Gestion des stocks. Avoir un Bac +2 en logistique, transport, gestion ou domaine similaire; Justifier d'une expérience professionnelle de 2 ans dans un poste similaire; Être âgé de 30 ans minimum"
JOB260003574,Administrateur Réseau & Télécom,LCB Bank,Brazzaville,Réseaux et Télécommunications,Contrat à durée indéterminée,Licence (BAC+3),3.0,,"Administrateur Réseau & Télécom Secteur : Réseaux et Télécommunications. Administrer les réseaux LAN, WAN, MPLS, VPN, Internet et intersites; Configurer et maintenir les routeurs, switches, pare-feu, contrôleurs Wi-Fi et autres équipements réseau. Bac+3 à Bac+5 en Réseaux, Télécoms ou Informatique; 3 à 5 ans minimum d'expérience professionnelle, idéalement en environnement bancaire ou multisites"
JOB260003575,CHEF SERVICE SECURITE DU SYSTEME INFORMATION ET SUIVI DU PCA,EXPRESS UNION CONGO,Brazzaville,Audits - Finance - Banque - Assurance - Fiscalité - Comptabilité - Expertise Comptable,Contrat à durée déterminée,Licence (BAC+3),2.0,audit; caisse; comptabilité; fiscalité,"CHEF SERVICE SECURITE DU SYSTEME INFORMATION ET SUIVI DU PCA Secteur : Audits - Finance - Banque - Assurance - Fiscalité - Comptabilité - Expertise Comptable. Suivre la régularité des opérations au niveau des agences; Contrôler la gestion conforme des situations de caisse; Contrôle de la sécurité du système d'informatique. Bac+3 minimum en Audit, Finance, comptabilité, Gestion ou équivalent; Expérience professionnelle d'au moins 2 ans dans un poste similaire"
JOB260003576,Superviseur sureté,ALGIZ AFRICA SARLU,Pointe-Noire,Sécurité - Sûreté - Défense,Contrat à durée déterminée,BAC+2 (BTS/DUT),,assurer la securite des personnes et des equipements,"Superviseur sureté Secteur : Sécurité - Sûreté - Défense. Il est chargé de superviser les équipes en poste, de controler l'application des consignes de sécurité. Bac+2 minimum, avoir une expérience équivalente en sureté; Expérience confirmée dans la gestion d'équipes en sureté Assurer La Sécurité Des Personnes Et Des équipements"
JOB260003577,contrôleur Permanant de Pôle,EXPRESS UNION CONGO,Brazzaville,Audits - Finance - Banque - Assurance - Fiscalité - Comptabilité - Expertise Comptable,Contrat à durée déterminée,Licence (BAC+3),,audit; caisse; comptabilité; fiscalité,"contrôleur Permanant de Pôle Secteur : Audits - Finance - Banque - Assurance - Fiscalité - Comptabilité - Expertise Comptable. Suivre la régularité des opérations au niveau des agences du portefeuilles; Contrôler les comptes débiteurs; Contrôler la gestion conforme des situations de caisse. Bac+3 minimum en audit, Finance, Comptabilité, Gestion ou équivalent"
JOB260003578,Opérateur Radio,ALGIZ AFRICA SARLU,Pointe-Noire,Sécurité et Gardiennage – Protection des Installations Stratégiques,Contrat à durée déterminée,BAC,,avoir la maitrise des outils de communication,"Opérateur Radio Secteur : Sécurité et Gardiennage – Protection des Installations Stratégiques. Il est chargé de gérer les communications radio sur site, de transmettre les consignes et alertes. BAC ou équivalent; Maitrise de la communication radio; Discrétion et rigueur dans la transmission des données Avoir La Maitrise Des Outils De Communication"
JOB260003579,Maitre Chien,ALGIZ AFRICA SARLU,Pointe-Noire,Sécurité et Gardiennage – Protection des Installations Stratégiques,Contrat à durée déterminée,,,connaissances techniques; controle du respect des consignes de securite,"Maitre Chien Secteur : Sécurité et Gardiennage – Protection des Installations Stratégiques. Il est chargé d'effectuer des rondes de sécurité avec le chien, de détecter les intrusions ou les comportements suspects. Formation en sécurité ou cynophile souhaitée; Expérience avec chien de travail obligatoire Connaissances Techniques; Contrôle du respect des consignes de sécurité"
JOB260003580,Electromecanicien,GNCAC,Pointe-Noire,Electricité-Electricité Industrielle-Electromécanique-Electrotechnique,Contrat à durée déterminée,BAC+2 (BTS/DUT),2.0,maintenance industrielle; électromécanique,"Electromecanicien Secteur : Electricité-Electricité Industrielle-Electromécanique-Electrotechnique. Assurer les interventions sur les equipements thermiques, les moyens roulants, ainsi que sur les engins de levages et les infrastructures, dans le cadre de la maintenance préventive et curative. Minimum BAC +2 en électromécanique ou maintenance industrielle; Avoir au moins 2 ans d'expériences à un poste similaire"
JOB260003581,Négociateur,L'ARCHER CAPITAL SECURITIES,Brazzaville,Finance,Contrat à durée déterminée,,2.0,,"Négociateur Secteur : Finance. Le négociateur (Trader) est en charge de l'exécution des opérations sur les marchés financiers et contribue à la performance de la société à travers les activités de trading. Diplôme universitaire en finance, économie, mathématiques ou domaine connexe; Expérience de 2 à 5 ans en trading, marchés financiers ou environnement similaire"
JOB260003582,Graphic Designer,EMPLOI SERVICE,Brazzaville,Réseaux et Télécommunications,Contrat à durée déterminée,BAC+2 (BTS/DUT),,,"Graphic Designer Secteur : Réseaux et Télécommunications. Maitriser des logiciels de graphisme et de montage vidéo: photoshop, Illustrator, After effects, Première pro, etc. BAC+2/3 dans le domaine; Maitrise des logiciels de design comme Adobe photoshop, Adobe Illustrator et Adobe InDesign"
JOB260003583,Agent Logistique,ARPCE,Brazzaville,Transit - Transport et Logistique - Génie Logistique,Contrat à durée indéterminée,BAC+2 (BTS/DUT),2.0,transit,"Agent Logistique Secteur : Transit - Transport et Logistique - Génie Logistique. Réceptionner, contrôler et stocker les fournitures; Préparer et expédier les commandes internes; Assurer la gestion des stocks. Bac+2 en logistique, transport, gestion ou domaine similaire; Expérience professionnelle d'au moins 2 ans dans un poste similaire; Être âgé d'au moins 30 ans"
JOB260003584,Controleur Financier,MOBILE MONEY CONGO S.A (MOMO),Brazzaville,Audits - Finance - Banque - Assurance - Fiscalité - Comptabilité - Expertise Comptable,Contrat à durée indéterminée,Master (BAC+5),7.0,audit; comptabilité; contrôle de gestion; fiscalité,"Controleur Financier Secteur : Audits - Finance - Banque - Assurance - Fiscalité - Comptabilité - Expertise Comptable. Le titulaire du poste sera responsable de la fiabilité, de la conformité et de la production des informations financières, en accord avec les normes IFRS, les exigences réglementaires locales et les prescriptions de la COBAC. Bac+4/5 en Finance, Comptabilité, Audit ou Contrôle de gestion; Expérience d'au moins 7 ans en finance, audit ou comptabilité"
JOB260003585,Responsable Planification et Analyse Financière/Manager Financial Planning & Analysis,MOBILE MONEY CONGO S.A (MOMO),Brazzaville,Audits - Finance - Banque - Assurance - Fiscalité - Comptabilité - Expertise Comptable,Contrat à durée indéterminée,Master (BAC+5),7.0,analyse financière; audit; comptabilité; contrôle de gestion; fiscalité,"Responsable Planification et Analyse Financière/Manager Financial Planning & Analysis Secteur : Audits - Finance - Banque - Assurance - Fiscalité - Comptabilité - Expertise Comptable. Rattaché(e) au Directeur Financier (CFO), le titulaire du poste sera responsable de la planification financière, du pilotage de la performance et de l'analyse financière de l'entreprise. Bac+4/5 en Finance, Contrôle de Gestion, École de commerce ou équivalent; Expérience d'au moins 7 ans en contrôle de gestion, FP&A ou audit"
JOB260003586,Equipier Maritime,ALGIZ AFRICA SARLU,Pointe-Noire,Transport maritime - Portuaire - Logistique maritime,Contrat à durée déterminée,,,bonne maitrise de l'anglais (parle; ecrit) est souhaitable,"Equipier Maritime Secteur : Transport maritime - Portuaire - Logistique maritime. Participer aux opérations en mer ou portuaires; Assister les équipes de surveillance maritime; Veiller à la sécurité des embarcations. Expérience en milieu maritime ou portuaire; Bonne condition physique; Connaissance des règles de sécurité maritime Bonne Maitrise De L'anglais (parlé, Ecrit) Est Souhaitable"
JOB260003587,Conducteur,ALGIZ AFRICA SARLU,Pointe-Noire,Transport terrestre - Transport - Transport Maritime - Transport Aérien - Transport Fluvial,Contrat à durée déterminée,,,connaitre le code de la route,"Conducteur Secteur : Transport terrestre - Transport - Transport Maritime - Transport Aérien - Transport Fluvial. Conduire les véhicules de services, en assurant le transport sécurisé des personnes ou des biens. Permis de conduire valide B,C,D; Bonne connaissance du code de la route; Expérience en conduite professionnelle Connaitre Le Code De La Route"
JOB260003588,Téléopérateur,DELI-COMPUTING,Brazzaville,Communication - Médias - Informations - Community Manager - Audiovisuel et Multimédia - Journalisme,Contrat à durée déterminée,BAC+2 (BTS/DUT),,service client,"Téléopérateur Secteur : Communication - Médias - Informations - Community Manager - Audiovisuel et Multimédia - Journalisme. Le titulaire du poste aura pour mission principale d'assurer la gestion des appels entrants et sortants, de renseigner les clients, de promouvoir les services de l'entreprise. Bac+2 minimum ou équivalent; Excellente expression orale et capacité d'écoute; Courtoisie, dynamisme et sens du service client"
JOB260003589,Commercial,SOCIETE CONGOLAISE DE TRANSFORMATION DE BOIS ( SCTB),Brazzaville,Marketing,Contrat à durée déterminée,Licence (BAC+3),3.0,vente,"Commercial Secteur : Marketing. Le titulaire du poste sera chargé de développer le portefeuille clients, d'identifier les besoins des prospects et de proposer des solutions d'ameublement adaptées. Bac+3 minimum en commerce, marketing ou domaine équivalent; Expérience de 3 à 5 ans en vente (ameublement ou BTP souhaité)"
JOB260003590,Assistant(e) Administration des Ventes (ADV),CFAO MOBILITY CONGO,Brazzaville,Commerce - Vente - Marketing - Grande distribution - Distribution - Négoce - Relation client,Contrat à durée déterminée,,2.0,vente,"Assistant(e) Administration des Ventes (ADV) Secteur : Commerce - Vente - Marketing - Grande distribution - Distribution - Négoce - Relation client. Le titulaire du poste sera chargé d'assurer le suivi commercial et administratif des clients, la gestion des commandes ainsi que le respect des procédures internes. Nationalité congolaise; Licence en Marketing, Communication ou domaine équivalent; Expérience professionnelle d'au moins 2 ans en tant qu'Assistant(e) Commercial ou ADV"
JOB260003591,Agent de Prévention et de Sécurité,ALGIZ AFRICA SARLU,Pointe-Noire,Sécurité et Gardiennage – Protection des Installations Stratégiques,Contrat à durée déterminée,,,assurer la securite des personnes et des equipements,"Agent de Prévention et de Sécurité Secteur : Sécurité et Gardiennage – Protection des Installations Stratégiques. Assurer la sécurité des personnes et des biens; Surveiller les accès et contrôler les entrées/sorties; Effectuer les rondes de sécurité. Niveau secondaire minimum; Bonne condition physique; Discipline, vigilance et honnêteté Assurer La Sécurité Des Personnes Et Des équipements"
JOB260003592,Chauffeur Véhicule Léger,BONAF DISTRIBUTION,Pointe-Noire,Transport,CDD,,,conduire en toute securite et ponctualite,"Chauffeur Véhicule Léger Secteur : Transport. Assurer le transport et la livraison des marchandises ou des personnes dans les délais impartis, en garantissant la sécurité et la conformité des opérations. Capacité de gérer le chargement et le déchargement; fiabilité, flexibilité Conduire En Toute Sécurité Et Ponctualité"
JOB260003593,Commercial Equipment,CFAO MOBILITY CONGO,Brazzaville,Commerce,CDD,BAC+2 (BTS/DUT),35.0,adaptation du discours selon le profil client,Commercial Equipment Secteur : Commerce. Développer les ventes d'équipements auprès des clients professionnels et assurer le suivi commercial. Bac+2 en Marketing/Commerce; nationalité congolaise; 22-35 ans; 2 ans minimum Adaptation du discours selon le profil client
JOB260003594,HSE,ALGIZ AFRICA SARLU,Pointe-Noire,Environnement/HSE,CDD,BAC+2 (BTS/DUT),,application des normes hse dans la logistique,"HSE Secteur : Environnement/HSE. Mettre en place et veiller au respect des normes de sécurité, hygiène et environnement dans l'entreprise. Bac+2 à Bac+3 en HSE; bonne connaissance des normes de sécurité Application des normes HSE dans la logistique"
JOB260003595,Marketeur,TAIHO,Brazzaville,Commerce,CDD,,,vente,Marketeur Secteur : Commerce. Développer la stratégie marketing et les actions commerciales pour promouvoir les produits de l'entreprise. Expérience en marketing/commerce/vente; bonne connaissance du marché local
JOB260003596,CHAUFFEUR POIDS LEGER,UNO MOTORS,Pointe-Noire,Automobile,CDD,,,avoir un permis de conduire; avoir une bonne capacite d'adaptation; etre autonome ponctuel et organise; bonne connaissance des regles de securite routiere,CHAUFFEUR POIDS LEGER Secteur : Automobile. Assurer la conduite et l'entretien du véhicule léger pour les livraisons et déplacements professionnels. Capacité de conduite; fiabilité; flexibilité Avoir Un Permis De Conduire; Avoir Une Bonne Capacité D'Adaptation; être Autonome Ponctuel Et Organisé; Bonne Connaissance Des Règles De Sécurité Routière
JOB260003597,Responsable qualité,EIFFAGE DRAINAGE PNR,Pointe-Noire,Divers,CDD,,,assurer les missions de verification de la conformite,"Responsable qualité Secteur : Divers. Assurer la gestion et le suivi du système de management de la qualité, veiller à la conformité des processus. Expertise technique dans le domaine; aptitudes relationnelles Assurer Les Missions De Vérification De La Conformité"
JOB260003598,MECANICIENS,UNO MOTORS,Pointe-Noire,Mécanicien,CDD,,,connaissances techniques,"MECANICIENS Secteur : Mécanicien. Assurer l'entretien, la réparation et la maintenance des véhicules et moteurs. Connaissances générales des moteurs; connaissances de base de l'électronique des motos; autonome et efficace Connaissances Techniques"
JOB260003599,Chauffeur,TAIHO,Brazzaville,Transport,CDD,,5.0,,Chauffeur Secteur : Transport. Assurer le transport en sécurité des personnes et marchandises au sein de la ville de Brazzaville. Permis de conduire valide; expérience professionnelle d'au moins 5 ans comme chauffeur; bonne connaissance de la ville de Brazzaville
JOB260003600,Controleur Financier,CREDIT DU CONGO,Pointe-Noire,Finance/Banque,CDD,Licence (BAC+3),5.0,connaitre la reglementation en matiere des finances au congo,"Controleur Financier Secteur : Finance/Banque. Assurer le contrôle et le suivi des opérations financières, produire les états financiers et garantir la conformité réglementaire. Bac+3/4 en Finance, Comptabilité; expérience d'au moins 5 à 10 ans Connaitre La Règlementation En Matière Des Finances Au Congo"
JOB260003601,Cariste,AFRIPLAST,Brazzaville,Transport,CDI,,30.0,,"Cariste Secteur : Transport. Assurer la conduite d'engins de manutention (chariots élévateurs) pour le chargement, déchargement et déplacement des marchandises dans l'entrepôt. Age 30 ans minimum; sexe masculin; expérience d'au moins 5 ans; connaissance des engins de manutention"
JOB260003602,Directeur Technique H/F,CONGO TERMINAL,Pointe-Noire,Electricité/Electromécanique,CDI,Master (BAC+5),10.0,maintenance industrielle; électromécanique,"Directeur Technique H/F Secteur : Electricité/Electromécanique. Diriger et superviser toutes les activités techniques du terminal portuaire, garantir la maintenance et la performance des équipements. Bac+5 ou diplôme d'ingénieur en maintenance industrielle; expérience d'au moins 10 ans en milieu portuaire ou industriel lourd; maîtrise des équipements portuaires (Portiques, RTG, Grues)"
JOB260003603,Manœuvre,AFRIPLAST,Pointe-Noire,Divers,CDI,,20.0,assister lors de l'installation et du deplacement d'elements lourds,Manœuvre Secteur : Divers. Effectuer des travaux de manutention et d'assistance sur les chantiers ou en atelier selon les consignes données. Age 20 ans minimum; sexe masculin; emploi accessible sans expérience particulière; conditions physiques optimales Assister Lors De L'installation Et Du Déplacement D'éléments Lourds
JOB260003604,Directeur de la Conformité et de la Sécurité Financière,BGFI Bank,Brazzaville,Finance/Banque,CDI,Master (BAC+5),10.0,audit,"Directeur de la Conformité et de la Sécurité Financière Secteur : Finance/Banque. Diriger et coordonner le dispositif de conformité et de sécurité financière de la banque, en lien avec les régulateurs. Nationalité congolaise; Bac+5 minimum en droit, finance, audit ou conformité; expérience d'au moins 10 ans en banque; tranche d'âge 30 à 50 ans"
JOB260003605,Manager Channel Développement SME/SMI,MTN CONGO,Brazzaville,Commerce,CDI,Licence (BAC+3),2.0,,"Manager Channel Développement SME/SMI Secteur : Commerce. Développer et gérer les canaux de distribution pour les segments PME/PMI, en déployant des stratégies commerciales adaptées. Bac+3 minimum en Action Commerciale, Marketing; expérience d'au moins 2 ans; bonne maîtrise de l'anglais"
JOB260003606,Agent Bureautique Méthode,BRALICO,Pointe-Noire,Agriculture/Agroalimentaire,CDD,Licence (BAC+3),1.0,veiller au respect du planning de maintenance et anticiper les actions,Agent Bureautique Méthode Secteur : Agriculture/Agroalimentaire. Assurer la gestion bureautique et le suivi des méthodes de maintenance au sein du département technique. BAC+3; expérience de 1 à 3 ans minimum; compétences en gestion et tenue d'une analyse fonctionnelle Veiller Au Respect Du Planning De Maintenance Et Anticiper Les Actions
JOB260003607,Laborantin,BRALICO,Pointe-Noire,Santé/Pharmacie,CDD,BAC+2 (BTS/DUT),2.0,veiller au respect du planning de maintenance et anticiper les actions; accroissement des activites,Laborantin Secteur : Santé/Pharmacie. Effectuer des analyses et contrôles de qualité en laboratoire selon les procédures définies. BAC+2 en chimie ou biologie agroalimentaire; expérience de 2 ans minimum en laboratoire Veiller Au Respect Du Planning De Maintenance Et Anticiper Les Actions; Accroissement Des Activités
JOB260003608,Agent Commercial,BRALICO,Pointe-Noire,Commerce,CDD,BAC+2 (BTS/DUT),2.0,accompagner et supporter l'equipe d'intervention en tout lieux et tous milieux,"Agent Commercial Secteur : Commerce. Développer les ventes et assurer le suivi commercial auprès des clients et distributeurs. BAC+2 en gestion commerciale, marketing; 2 ans minimum en vente et distribution; dynamique, disponible Accompagner Et Supporter L'équipe D'intervention En Tout Lieux Et Tous Milieux"
JOB260003609,Cariste,FRIEDLANDER INDUSTRIE CONGO,Pointe-Noire,Transport,CDI,BAC+2 (BTS/DUT),,conduire les chariots elevateurs,Cariste Secteur : Transport. Conduire et manœuvrer des chariots élévateurs pour assurer la gestion des marchandises dans l'entrepôt. BAC+1; conducteur d'engins lourds Conduire Les Chariots Élévateurs
JOB260003610,Chargé Bureau Méthode,BRALICO,Pointe-Noire,Agriculture/Agroalimentaire,CDD,Licence (BAC+3),5.0,veiller au respect du planning de maintenance et anticiper les actions,Chargé Bureau Méthode Secteur : Agriculture/Agroalimentaire. Élaborer et optimiser les méthodes de maintenance préventive et curative des équipements de production. BAC+3; expérience de 5 à 10 ans Veiller Au Respect Du Planning De Maintenance Et Anticiper Les Actions
JOB260003611,Agent Relation Client,BRALICO,Pointe-Noire,Agriculture/Agroalimentaire,CDD,BAC+2 (BTS/DUT),2.0,veiller au respect du planning de maintenance et anticiper les actions,"Agent Relation Client Secteur : Agriculture/Agroalimentaire. Gérer la relation client, traiter les réclamations et assurer la satisfaction client. Bac+2/3 en marketing et techniques de communication; 2 ans minimum d'expérience Veiller Au Respect Du Planning De Maintenance Et Anticiper Les Actions"
JOB260003612,Commercial,BONAF DISTRIBUTION,Pointe-Noire,Marketing,CDD,,,analyse de la rentabilite,"Commercial Secteur : Marketing. Développer le portefeuille clients, assurer la prospection et le suivi commercial. Méthodes de prospection; techniques commerciales; vente Analyse de la rentabilité"
JOB260003613,Responsable Gestion & Acquisition des Talents,DANGOTE CEMENT CONGO,Bouansa,Industrie/Mines,CDI,Master (BAC+5),8.0,,Responsable Gestion & Acquisition des Talents Secteur : Industrie/Mines. Piloter la stratégie d'acquisition et de développement des talents au sein de l'entreprise. Bac+4/5 en Ressources Humaines; minimum 8 ans d'expérience en RH dont managériale; bilingue français/anglais; maîtrise SAP
JOB260003614,Caissier(e),MUEZI,Brazzaville,Commerce,CDD,,1.0,caisse; comptabilité,"Caissier(e) Secteur : Commerce. Assurer la gestion des opérations de caisse, les encaissements et la tenue des fonds. Expérience d'au moins 1 an; bonnes connaissances en gestion de caisse et comptabilité; maîtrise outils informatiques"
JOB260003615,Chargé(e) de la Veille Réglementaire,L'ARCHER CAPITAL,Brazzaville,Droit/Audit,CDD,Licence (BAC+3),3.0,audit,"Chargé(e) de la Veille Réglementaire Secteur : Droit/Audit. Assurer la veille réglementaire et identifier les évolutions légales susceptibles d'impacter l'activité. Bac+3/4 en Droit, Conformité, Audit; expérience de 3 à 5 ans en conformité; bonne connaissance réglementations COBAC, BEAC"
JOB260003616,Chef de Service Juridique,L'ARCHER CAPITAL,Brazzaville,Droit/Audit,CDD,Licence (BAC+3),3.0,audit; ohada,"Chef de Service Juridique Secteur : Droit/Audit. Diriger le service juridique, assurer la sécurité juridique des opérations et conseiller la direction. Bac+3/4/5 en Droit (privé, affaires, bancaire); expérience de 3 à 5 ans; bonne connaissance du droit OHADA et réglementations COBAC"
JOB260003617,Agent Commercial,COLORADO S.A (GRAND LANCASTER),Brazzaville,Commerce,CDD,,2.0,,"Agent Commercial Secteur : Commerce. Prospecter et développer les ventes auprès de clients professionnels pour l'hôtel Grand Lancaster. Formation en Hôtellerie, Tourisme ou Commerce (BTS à Master); expérience d'au moins 2 ans ou stage en hôtellerie; maîtrise de l'anglais"
JOB260003618,Comptable bilingue,AFRICA TAX AND LEGAL SERVICES,Pointe-Noire,Banque/Finance,CDD,,1.0,bonne connaissances en comptabilite,"Comptable bilingue Secteur : Banque/Finance. Assurer la tenue de la comptabilité en français et en anglais, préparer les états financiers et déclarations fiscales. Diplôme en comptabilité, finance; expérience de 1 à 3 ans; maîtrise des normes comptables Bonne Connaissances En Comptabilité"
JOB260003619,Assistants Supply Chain,CFAO MOBILITY CONGO,Pointe-Noire,Commerce,CDI,Licence (BAC+3),,accompagnement au changement des processus,"Assistants Supply Chain Secteur : Commerce. Assister dans la gestion de la chaîne d'approvisionnement, coordonner les flux de marchandises. Bac+3 en transport et logistique Accompagnement au changement des processus"
JOB260003620,Chargé(e) de Relation client/Receptionnaire,CFAO MOBILITY CONGO,Pointe-Noire,Commerce,CDI,Licence (BAC+3),,aisance relationnelle,"Chargé(e) de Relation client/Receptionnaire Secteur : Commerce. Accueillir les clients, gérer la réception des véhicules et assurer le suivi des dossiers clients. Bac+3 en relation client; avoir des connaissances en mécanique Auto Aisance Relationnelle"
JOB260003621,Responsable Marketing & Communication,CFAO MOBILITY CONGO,Pointe-Noire,Commerce,CDI,Master (BAC+5),,veiller au respect du planning de maintenance et anticiper les actions,Responsable Marketing & Communication Secteur : Commerce. Définir et mettre en œuvre la stratégie marketing et communication de l'entreprise. Bac+5 en Marketing & Communication Veiller Au Respect Du Planning De Maintenance Et Anticiper Les Actions
JOB260003622,Coordonnateur de Quart,DANGOTE CEMENT CONGO,Bouansa,Industrie Lourde - Mines - Extraction - Exploitation Minière - Métallurgie,CDI,Licence (BAC+3),2.0,,"Coordonnateur de Quart Secteur : Industrie Lourde - Mines - Extraction - Exploitation Minière - Métallurgie. Superviser l'ensemble des opérations de production pendant le quart afin de garantir la continuité, la sécurité et la performance des activités. Bac+3/4 en discipline technique ou scientifique; 2 à 5 ans d'expérience en environnement industriel; connaissance du procédé cimentier"
JOB260003623,Superviseur AFR,DANGOTE CEMENT CONGO,Bouansa,Industrie Lourde - Mines - Extraction - Exploitation Minière - Métallurgie,CDI,Licence (BAC+3),2.0,hse,"Superviseur AFR Secteur : Industrie Lourde - Mines - Extraction - Exploitation Minière - Métallurgie. Superviser les activités liées aux combustibles alternatifs afin d'assurer la performance opérationnelle, la conformité HSE et l'optimisation des coûts énergétiques. Bac+3 en ingénierie ou équivalent; 2 à 5 ans d'expérience en cimenterie ou industrie lourde; connaissance des combustibles alternatifs et du four"
JOB260003624,Superviseur Broyage & Stockage Matières Premières,DANGOTE CEMENT CONGO,Bouansa,Industrie Lourde - Mines - Extraction - Exploitation Minière - Métallurgie,CDI,Licence (BAC+3),5.0,,"Superviseur Broyage & Stockage Matières Premières Secteur : Industrie Lourde - Mines - Extraction - Exploitation Minière - Métallurgie. Superviser les opérations du broyeur à cru et des zones de stockage afin d'assurer une production efficace de la farine crue, la stabilité du four et la qualité du clinker. Bac+3/4 en Génie de production, Génie des procédés ou équivalent; minimum 5 ans d'expérience en environnement industriel; maîtrise de MS Office et SAP"
JOB260003625,Brand Manager,BRASCO (BRASSERIES DU CONGO BRASCO),Pointe-Noire,Commerce - Vente - Marketing - Grande distribution - Distribution - Négoce - Relation client,CDI,Licence (BAC+3),35.0,accompagnement au changement des processus,"Brand Manager Secteur : Commerce - Vente - Marketing - Grande distribution - Distribution - Négoce - Relation client. Mettre en place la stratégie et développer les marques sous sa responsabilité, en termes de volumes de vente, d'image, de rentabilité et de parts de marché. Bac+3/4 Ecole de Commerce ou Université, filière Gestion Commerciale/Marketing; 35 ans maximum; expérience d'au moins 5 ans en marketing et management des équipes Accompagnement au changement des processus"
JOB260003626,Responsable Comptes Clients,EMPLOI SERVICE,Brazzaville,Réseaux et Télécommunications,CDD,,,comptabilité,"Responsable Comptes Clients Secteur : Réseaux et Télécommunications. Superviser l'ensemble du processus de facturation et de recouvrement des créances clients, afin d'optimiser la trésorerie et de limiter les risques d'impayés. Étudiant(e) en Master 1 ou 2 en Droit Fiscal, Comptabilité, ou École de Commerce; connaissance des bases du droit fiscal; bonnes capacités analytiques"
JOB260003627,RESPONSABLE MAINTENANCE SECURITE ET SURETE,2IP( IMMO INVEST PATRIMOINE),Brazzaville,Immobilier,CDI,,,,"RESPONSABLE MAINTENANCE SECURITE ET SURETE Secteur : Immobilier. Élaborer et mettre en œuvre la politique de maintenance et de sécurité du patrimoine immobilier, gérer les prestataires et garantir la conformité réglementaire. Sens de l'organisation et de la rigueur; réactivité, autonomie, polyvalence; capacité à négocier et piloter des prestataires"
JOB260003628,Femme de chambre,COLORADO S.A (GRAND LANCASTER),Brazzaville,Hôtellerie - Restauration,CDD,,,,"Femme de chambre Secteur : Hôtellerie - Restauration. Garantir la propreté et le bon entretien des chambres, contribuant ainsi à l'expérience positive des clients. Formation CAP en hôtellerie (Hébergement) ou expérience en nettoyage; rapidité d'exécution, honnêteté et souci du détail"
JOB260003629,Commis de cuisine,COLORADO S.A (GRAND LANCASTER),Brazzaville,Hôtellerie - Restauration,CDD,,2.0,cuisine,Commis de cuisine Secteur : Hôtellerie - Restauration. Participer à la préparation et à la réalisation des plats et assurer le maintien de la propreté de la cuisine. Formation CAP en hôtellerie (restauration) ou diplôme similaire; 2 ans d'expérience ou stage pratique dans un hôtel 3 à 5 étoiles
JOB260003630,Chauffeur,COLORADO S.A (GRAND LANCASTER),Brazzaville,Transport terrestre - Transport - Transport Maritime - Transport Aérien - Transport Fluvial,CDD,,,bonne conduite,"Chauffeur Secteur : Transport terrestre - Transport - Transport Maritime - Transport Aérien - Transport Fluvial. Assurer le transport sécurisé et confortable des clients, prendre en charge leurs bagages et assurer les courses de l'hôtel. Permis de conduire B valide obligatoire; excellentes compétences en communication; ponctualité, courtoisie, discrétion Bonne Conduite"
JOB260003631,Plongeur,COLORADO S.A (GRAND LANCASTER),Brazzaville,Hôtellerie - Restauration,CDD,,,cuisine,"Plongeur Secteur : Hôtellerie - Restauration. Assurer le nettoyage et l'entretien de la vaisselle, des ustensiles, des équipements et des espaces de travail de la cuisine. Aucun diplôme exigé; bonne condition physique; organisé, rigoureux, et capable de travailler en équipe"
JOB260003632,Électricien,COLORADO S.A (GRAND LANCASTER),Brazzaville,Electricité-Electricité Industrielle-Electromécanique-Electrotechnique,CDD,,,électromécanique,"Électricien Secteur : Electricité-Electricité Industrielle-Electromécanique-Electrotechnique. Veiller au bon fonctionnement des installations électriques de l'hôtel et assurer la réparation et la maintenance des équipements électriques. Diplôme d'une école spécialisée, BET ou CAP en électricité; stage pratique dans des hôtels 3 à 5 étoiles"
STG260003633,Contrôleur du territoire,THANRY CONGO,Ouesso,Exploitation Forestière - Bois - Produits forestiers,Stage professionnel,,,,"Contrôleur du territoire Secteur : Exploitation Forestière - Bois - Produits forestiers. Participer aux missions de surveillance du territoire forestier, collecter des données sur la faune et les activités illégales (braconnage, exploitation illicite). Étudiant(e) de niveau Master 2 en foresterie, écologie, biologie de la conservation; bonne condition physique; intérêt pour les outils numériques (SMART, QGIS)"
JOB260003634,assistante administrative et commerciale,Melektramoon,Brazzaville,Commerce - Vente - Marketing - Grande distribution - Distribution - Négoce - Relation client,CDD,,,avoir une bonne capacite d'adaptation; etre autonome; ponctuel et organise; maitrise des outils bureautiques; bonne communication et aptitudes relationnelles,"assistante administrative et commerciale Secteur : Commerce - Vente - Marketing - Grande distribution - Distribution - Négoce - Relation client. Assurer l'assistance administrative de la direction, organiser l'agenda, participer à la prospection commerciale auprès des entreprises et institutions. Diplôme en commerce, gestion, administration ou domaine similaire; maîtriser les outils bureautiques; intérêt pour la prospection commerciale Avoir Une Bonne Capacité D'adaptation; être Autonome, Ponctuel Et Organisé; Maitrise Des Outils Bureautiques; Bonne Communication Et Aptitudes Relationnelles"
JOB260003635,assistante administrative et commerciale,Melektramoon,Brazzaville,Commerce - Vente - Marketing - Grande distribution - Distribution - Négoce - Relation client,CDD,,,avoir une bonne capacite d'adaptation; etre autonome; ponctuel et organise; maitrise des outils bureautiques; bonne communication et aptitudes relationnelles,"assistante administrative et commerciale Secteur : Commerce - Vente - Marketing - Grande distribution - Distribution - Négoce - Relation client. Assurer l'assistance administrative de la direction, organiser l'agenda, participer à la prospection commerciale auprès des entreprises et institutions. Diplôme en commerce, gestion, administration ou domaine similaire; maîtriser les outils bureautiques; intérêt pour la prospection commerciale Avoir Une Bonne Capacité D'adaptation; être Autonome, Ponctuel Et Organisé; Maitrise Des Outils Bureautiques; Bonne Communication Et Aptitudes Relationnelles"
JOB260003636,Commis de restaurant,COLORADO S.A (GRAND LANCASTER),Brazzaville,Hôtellerie - Restauration,CDD,,2.0,cuisine,"Commis de restaurant Secteur : Hôtellerie - Restauration. Assurer la mise en place, le nettoyage de la salle et le dressage des couverts. Assurer la liaison entre la salle et la cuisine. Formation CAP en restauration ou autre diplôme hôtelier; 2 ans d'expérience ou stage dans un hôtel 3 à 5 étoiles; bonne présentation"
JOB260003637,Chargé(e) Conformité et Déontologie,BANQUE COMMERCIALE INTERNATIONALE (BCI),Brazzaville,Audits - Finance - Banque - Assurance - Fiscalité - Comptabilité - Expertise Comptable,CDI,Master (BAC+5),,audit; comptabilité; fiscalité,"Chargé(e) Conformité et Déontologie Secteur : Audits - Finance - Banque - Assurance - Fiscalité - Comptabilité - Expertise Comptable. Prévenir et gérer les risques de non-conformité, en veillant au respect des exigences réglementaires, légales et internes, notamment en matière de sécurité financière, d'éthique et de protection des données. Bac+4/5 en droit, audit, finance, gestion ou équivalent; expérience dans un poste similaire en milieu bancaire; bonne connaissance de la réglementation bancaire et financière"
JOB260003638,Comptable Fournisseur & Immobilisations,LCB Bank,Brazzaville,Audits - Finance - Banque - Assurance - Fiscalité - Comptabilité - Expertise Comptable,CDD,Licence (BAC+3),2.0,connaissances en droit des obligations et fiscalite; bonne connaissances en comptabilite,"Comptable Fournisseur & Immobilisations Secteur : Audits - Finance - Banque - Assurance - Fiscalité - Comptabilité - Expertise Comptable. Assurer la tenue et le suivi de la comptabilité fournisseurs et des immobilisations, dans le respect des normes comptables, fiscales et réglementaires applicables au secteur bancaire. Bac+3/4 en Comptabilité, Finance ou Gestion; expérience de 2 à 3 ans minimum; bonne maîtrise de la comptabilité OHADA et bancaire Connaissances En Droit Des Obligations Et Fiscalité; Bonne Connaissances En Comptabilité"
JOB260003639,Comptable,CAR'ENT SOLUTIONS,Brazzaville,Audits - Finance - Banque - Assurance - Fiscalité - Comptabilité - Expertise Comptable,CDD,,2.0,comptabilité; fiscalité,"Comptable Secteur : Audits - Finance - Banque - Assurance - Fiscalité - Comptabilité - Expertise Comptable. Assurer la tenue de la comptabilité générale et analytique, établir les déclarations fiscales et sociales, préparer les états financiers. Licence minimum en Comptabilité, Finance ou Gestion; expérience de 2 à 5 ans; bonne maîtrise du SYSCOHADA"
