id_offre,titre,entreprise,ville,domaine,type_contrat,niveau_etudes_min,experience_min,salaire_fcfa,competences_requises,soft_skills,description
O0001,Technicien agricole,Cabinet Kouilou,Pointe-Noire,Agriculture / Agroalimentaire,CDI,Master (BAC+5),3,500000,transformation alimentaire; élevage; pêche; gestion coopérative; agronomie; maraîchage,rigueur; esprit d'analyse,"Cabinet Kouilou recrute un(e) Technicien agricole à Pointe-Noire en CDI. Missions : intervenir sur des activités de agriculture / agroalimentaire et contribuer aux objectifs de l'équipe. Profil recherché : Master (BAC+5) minimum, au moins 3 an(s) d'expérience. Compétences requises : transformation alimentaire, élevage, pêche, gestion coopérative, agronomie, maraîchage. Qualités attendues : rigueur, esprit d'analyse."
O0002,Encadreur pédagogique,Agence Plateaux,Pointe-Noire,Éducation / Formation,CDI,Licence (BAC+3),3,900000,enseignement; conception de programmes; alphabétisation; pédagogie,rigueur; travail en équipe,"Agence Plateaux recrute un(e) Encadreur pédagogique à Pointe-Noire en CDI. Missions : intervenir sur des activités de éducation / formation et contribuer aux objectifs de l'équipe. Profil recherché : Licence (BAC+3) minimum, au moins 3 an(s) d'expérience. Compétences requises : enseignement, conception de programmes, alphabétisation, pédagogie. Qualités attendues : rigueur, travail en équipe."
O0003,Pharmacien assistant,Société Congo Services,Brazzaville,Santé,CDD,BAC+2 (BTS/DUT),2,500000,imagerie médicale; pharmacie; soins infirmiers; laboratoire médical,travail en équipe; communication,"Société Congo Services recrute un(e) Pharmacien assistant à Brazzaville en CDD. Missions : intervenir sur des activités de santé et contribuer aux objectifs de l'équipe. Profil recherché : BAC+2 (BTS/DUT) minimum, au moins 2 an(s) d'expérience. Compétences requises : imagerie médicale, pharmacie, soins infirmiers, laboratoire médical. Qualités attendues : travail en équipe, communication."
O0004,Ingénieur génie civil,Agence Mayombe,Ouesso,BTP / Construction,Consultance,Sans diplôme,1,150000,conduite de travaux; dessin technique; autocad; maçonnerie; métré,sens de l'organisation; rigueur,"Agence Mayombe recrute un(e) Ingénieur génie civil à Ouesso en Consultance. Missions : intervenir sur des activités de btp / construction et contribuer aux objectifs de l'équipe. Profil recherché : Sans diplôme minimum, au moins 1 an(s) d'expérience. Compétences requises : conduite de travaux, dessin technique, autocad, maçonnerie, métré. Qualités attendues : sens de l'organisation, rigueur."
O0005,Enseignant,Société Mayombe,Kinkala,Éducation / Formation,Consultance,Master (BAC+5),5,200000,pédagogie; formation professionnelle; conception de programmes; enseignement; alphabétisation,adaptabilité; leadership,"Société Mayombe recrute un(e) Enseignant à Kinkala en Consultance. Missions : intervenir sur des activités de éducation / formation et contribuer aux objectifs de l'équipe. Profil recherché : Master (BAC+5) minimum, au moins 5 an(s) d'expérience. Compétences requises : pédagogie, formation professionnelle, conception de programmes, enseignement, alphabétisation. Qualités attendues : adaptabilité, leadership."
O0006,Auditeur junior,Cabinet Kouilou,Brazzaville,Banque / Finance,CDD,BAC,8,300000,gestion des risques; microfinance; contrôle de gestion; ohada,prise d'initiative; gestion du temps,"Cabinet Kouilou recrute un(e) Auditeur junior à Brazzaville en CDD. Missions : intervenir sur des activités de banque / finance et contribuer aux objectifs de l'équipe. Profil recherché : BAC minimum, au moins 8 an(s) d'expérience. Compétences requises : gestion des risques, microfinance, contrôle de gestion, ohada. Qualités attendues : prise d'initiative, gestion du temps."
O0007,Chargé de clientèle,Agence Plateaux,Pointe-Noire,Banque / Finance,CDI,Licence (BAC+3),3,700000,comptabilité; fiscalité; analyse financière; conformité bancaire,rigueur; communication,"Agence Plateaux recrute un(e) Chargé de clientèle à Pointe-Noire en CDI. Missions : intervenir sur des activités de banque / finance et contribuer aux objectifs de l'équipe. Profil recherché : Licence (BAC+3) minimum, au moins 3 an(s) d'expérience. Compétences requises : comptabilité, fiscalité, analyse financière, conformité bancaire. Qualités attendues : rigueur, communication."
O0008,Chef d'exploitation,Groupe Alima,Brazzaville,Agriculture / Agroalimentaire,CDD,BAC+2 (BTS/DUT),3,150000,gestion coopérative; maraîchage; élevage; transformation alimentaire; pêche; sylviculture,sens de l'organisation; esprit d'analyse,"Groupe Alima recrute un(e) Chef d'exploitation à Brazzaville en CDD. Missions : intervenir sur des activités de agriculture / agroalimentaire et contribuer aux objectifs de l'équipe. Profil recherché : BAC+2 (BTS/DUT) minimum, au moins 3 an(s) d'expérience. Compétences requises : gestion coopérative, maraîchage, élevage, transformation alimentaire, pêche, sylviculture. Qualités attendues : sens de l'organisation, esprit d'analyse."
O0009,Dessinateur projeteur,Compagnie Niari,Pointe-Noire,BTP / Construction,CDI,BAC,5,200000,béton armé; dessin technique; autocad; maçonnerie,gestion du temps; leadership,"Compagnie Niari recrute un(e) Dessinateur projeteur à Pointe-Noire en CDI. Missions : intervenir sur des activités de btp / construction et contribuer aux objectifs de l'équipe. Profil recherché : BAC minimum, au moins 5 an(s) d'expérience. Compétences requises : béton armé, dessin technique, autocad, maçonnerie. Qualités attendues : gestion du temps, leadership."
O0010,Chef d'exploitation,Société Mayombe,Nkayi,Agriculture / Agroalimentaire,CDI,BAC+2 (BTS/DUT),2,700000,gestion coopérative; agronomie; maraîchage; transformation alimentaire,gestion du temps; esprit d'analyse,"Société Mayombe recrute un(e) Chef d'exploitation à Nkayi en CDI. Missions : intervenir sur des activités de agriculture / agroalimentaire et contribuer aux objectifs de l'équipe. Profil recherché : BAC+2 (BTS/DUT) minimum, au moins 2 an(s) d'expérience. Compétences requises : gestion coopérative, agronomie, maraîchage, transformation alimentaire. Qualités attendues : gestion du temps, esprit d'analyse."
O0011,Community manager,Compagnie Congo Services,Madingou,Commerce / Vente / Marketing,CDI,Licence (BAC+3),3,200000,négociation commerciale; étude de marché; vente; marketing digital; community management,sens de l'organisation; prise d'initiative,"Compagnie Congo Services recrute un(e) Community manager à Madingou en CDI. Missions : intervenir sur des activités de commerce / vente / marketing et contribuer aux objectifs de l'équipe. Profil recherché : Licence (BAC+3) minimum, au moins 3 an(s) d'expérience. Compétences requises : négociation commerciale, étude de marché, vente, marketing digital, community management. Qualités attendues : sens de l'organisation, prise d'initiative."
O0012,Agronome,Compagnie Congo Services,Kinkala,Agriculture / Agroalimentaire,Stage,Master (BAC+5),3,1200000,élevage; pêche; transformation alimentaire; gestion coopérative; sylviculture,autonomie; rigueur,"Compagnie Congo Services recrute un(e) Agronome à Kinkala en Stage. Missions : intervenir sur des activités de agriculture / agroalimentaire et contribuer aux objectifs de l'équipe. Profil recherché : Master (BAC+5) minimum, au moins 3 an(s) d'expérience. Compétences requises : élevage, pêche, transformation alimentaire, gestion coopérative, sylviculture. Qualités attendues : autonomie, rigueur."
O0013,Responsable logistique,Entreprise Alima,Ouesso,Logistique / Transport,CDI,Master (BAC+5),8,300000,gestion de flotte; magasinage; supply chain; planification logistique; gestion de stock,esprit d'analyse; sens de l'organisation,"Entreprise Alima recrute un(e) Responsable logistique à Ouesso en CDI. Missions : intervenir sur des activités de logistique / transport et contribuer aux objectifs de l'équipe. Profil recherché : Master (BAC+5) minimum, au moins 8 an(s) d'expérience. Compétences requises : gestion de flotte, magasinage, supply chain, planification logistique, gestion de stock. Qualités attendues : esprit d'analyse, sens de l'organisation."
O0014,Agent de transformation,Compagnie Léfini,Brazzaville,Agriculture / Agroalimentaire,CDD,BAC+2 (BTS/DUT),2,250000,transformation alimentaire; agronomie; sylviculture; élevage; maraîchage; gestion coopérative,rigueur; esprit d'analyse,"Compagnie Léfini recrute un(e) Agent de transformation à Brazzaville en CDD. Missions : intervenir sur des activités de agriculture / agroalimentaire et contribuer aux objectifs de l'équipe. Profil recherché : BAC+2 (BTS/DUT) minimum, au moins 2 an(s) d'expérience. Compétences requises : transformation alimentaire, agronomie, sylviculture, élevage, maraîchage, gestion coopérative. Qualités attendues : rigueur, esprit d'analyse."
O0015,Administrateur réseau,Groupe Sangha,Pointe-Noire,Informatique / IT,CDI,BAC+2 (BTS/DUT),1,250000,développement web; php; développement mobile; analyse de données; bases de données,gestion du temps; sens de l'organisation,"Groupe Sangha recrute un(e) Administrateur réseau à Pointe-Noire en CDI. Missions : intervenir sur des activités de informatique / it et contribuer aux objectifs de l'équipe. Profil recherché : BAC+2 (BTS/DUT) minimum, au moins 1 an(s) d'expérience. Compétences requises : développement web, php, développement mobile, analyse de données, bases de données. Qualités attendues : gestion du temps, sens de l'organisation."
O0016,Chargé des marchés publics,Société Djoué,Pointe-Noire,Administration / RH / Juridique,CDI,Master (BAC+5),1,250000,passation de marchés; paie; secrétariat; gestion des ressources humaines; rédaction juridique; gestion administrative,esprit d'analyse; communication,"Société Djoué recrute un(e) Chargé des marchés publics à Pointe-Noire en CDI. Missions : intervenir sur des activités de administration / rh / juridique et contribuer aux objectifs de l'équipe. Profil recherché : Master (BAC+5) minimum, au moins 1 an(s) d'expérience. Compétences requises : passation de marchés, paie, secrétariat, gestion des ressources humaines, rédaction juridique, gestion administrative. Qualités attendues : esprit d'analyse, communication."
O0017,Agronome,Compagnie Djoué,Sibiti,Agriculture / Agroalimentaire,CDI,BEPC,1,300000,sylviculture; pêche; gestion coopérative,esprit d'analyse; travail en équipe,"Compagnie Djoué recrute un(e) Agronome à Sibiti en CDI. Missions : intervenir sur des activités de agriculture / agroalimentaire et contribuer aux objectifs de l'équipe. Profil recherché : BEPC minimum, au moins 1 an(s) d'expérience. Compétences requises : sylviculture, pêche, gestion coopérative. Qualités attendues : esprit d'analyse, travail en équipe."
O0018,Technicien agricole,Entreprise Alima,Pointe-Noire,Agriculture / Agroalimentaire,CDD,BEPC,1,200000,agronomie; transformation alimentaire; gestion coopérative; sylviculture; maraîchage; élevage,gestion du temps; prise d'initiative,"Entreprise Alima recrute un(e) Technicien agricole à Pointe-Noire en CDD. Missions : intervenir sur des activités de agriculture / agroalimentaire et contribuer aux objectifs de l'équipe. Profil recherché : BEPC minimum, au moins 1 an(s) d'expérience. Compétences requises : agronomie, transformation alimentaire, gestion coopérative, sylviculture, maraîchage, élevage. Qualités attendues : gestion du temps, prise d'initiative."
O0019,Auditeur junior,Société Batéké,Brazzaville,Banque / Finance,Intérim,BAC+2 (BTS/DUT),3,900000,microfinance; conformité bancaire; analyse financière; fiscalité; sage comptabilité,rigueur; sens de l'organisation,"Société Batéké recrute un(e) Auditeur junior à Brazzaville en Intérim. Missions : intervenir sur des activités de banque / finance et contribuer aux objectifs de l'équipe. Profil recherché : BAC+2 (BTS/DUT) minimum, au moins 3 an(s) d'expérience. Compétences requises : microfinance, conformité bancaire, analyse financière, fiscalité, sage comptabilité. Qualités attendues : rigueur, sens de l'organisation."
O0020,Secrétaire de direction,Entreprise M'Foa,Brazzaville,Administration / RH / Juridique,Consultance,Master (BAC+5),3,400000,archivage; secrétariat; passation de marchés; gestion administrative; gestion des ressources humaines,communication; autonomie,"Entreprise M'Foa recrute un(e) Secrétaire de direction à Brazzaville en Consultance. Missions : intervenir sur des activités de administration / rh / juridique et contribuer aux objectifs de l'équipe. Profil recherché : Master (BAC+5) minimum, au moins 3 an(s) d'expérience. Compétences requises : archivage, secrétariat, passation de marchés, gestion administrative, gestion des ressources humaines. Qualités attendues : communication, autonomie."
O0021,Analyste financier,Compagnie Djoué,Pointe-Noire,Banque / Finance,CDI,BEPC,3,250000,analyse financière; sage comptabilité; microfinance; conformité bancaire,gestion du temps; leadership,"Compagnie Djoué recrute un(e) Analyste financier à Pointe-Noire en CDI. Missions : intervenir sur des activités de banque / finance et contribuer aux objectifs de l'équipe. Profil recherché : BEPC minimum, au moins 3 an(s) d'expérience. Compétences requises : analyse financière, sage comptabilité, microfinance, conformité bancaire. Qualités attendues : gestion du temps, leadership."
O0022,Chef d'exploitation,Cabinet Plateaux,Kinkala,Agriculture / Agroalimentaire,CDI,BAC+2 (BTS/DUT),8,200000,pêche; sylviculture; élevage,esprit d'analyse; gestion du temps,"Cabinet Plateaux recrute un(e) Chef d'exploitation à Kinkala en CDI. Missions : intervenir sur des activités de agriculture / agroalimentaire et contribuer aux objectifs de l'équipe. Profil recherché : BAC+2 (BTS/DUT) minimum, au moins 8 an(s) d'expérience. Compétences requises : pêche, sylviculture, élevage. Qualités attendues : esprit d'analyse, gestion du temps."
O0023,Pharmacien assistant,Groupe Batéké,Pointe-Noire,Santé,CDI,Licence (BAC+3),3,700000,laboratoire médical; nutrition; pharmacie; santé publique; soins infirmiers; kinésithérapie,travail en équipe; communication,"Groupe Batéké recrute un(e) Pharmacien assistant à Pointe-Noire en CDI. Missions : intervenir sur des activités de santé et contribuer aux objectifs de l'équipe. Profil recherché : Licence (BAC+3) minimum, au moins 3 an(s) d'expérience. Compétences requises : laboratoire médical, nutrition, pharmacie, santé publique, soins infirmiers, kinésithérapie. Qualités attendues : travail en équipe, communication."
O0024,Développeur web,Groupe Niari,Pointe-Noire,Informatique / IT,Stage,BEPC,2,900000,java; linux; javascript; développement web; bases de données,esprit d'analyse; prise d'initiative,"Groupe Niari recrute un(e) Développeur web à Pointe-Noire en Stage. Missions : intervenir sur des activités de informatique / it et contribuer aux objectifs de l'équipe. Profil recherché : BEPC minimum, au moins 2 an(s) d'expérience. Compétences requises : java, linux, javascript, développement web, bases de données. Qualités attendues : esprit d'analyse, prise d'initiative."
O0025,Magasinier,Groupe Niari,Pointe-Noire,Logistique / Transport,CDI,BAC,3,400000,gestion de stock; transit; supply chain; douane,communication; sens de l'organisation,"Groupe Niari recrute un(e) Magasinier à Pointe-Noire en CDI. Missions : intervenir sur des activités de logistique / transport et contribuer aux objectifs de l'équipe. Profil recherché : BAC minimum, au moins 3 an(s) d'expérience. Compétences requises : gestion de stock, transit, supply chain, douane. Qualités attendues : communication, sens de l'organisation."
O0026,Technicien de laboratoire,Entreprise Léfini,Pointe-Noire,Santé,Stage,Licence (BAC+3),5,200000,soins infirmiers; kinésithérapie; santé publique; pharmacie,esprit d'analyse; travail en équipe,"Entreprise Léfini recrute un(e) Technicien de laboratoire à Pointe-Noire en Stage. Missions : intervenir sur des activités de santé et contribuer aux objectifs de l'équipe. Profil recherché : Licence (BAC+3) minimum, au moins 5 an(s) d'expérience. Compétences requises : soins infirmiers, kinésithérapie, santé publique, pharmacie. Qualités attendues : esprit d'analyse, travail en équipe."
O0027,Déclarant en douane,Société Congo Services,Brazzaville,Logistique / Transport,CDI,BAC,5,700000,gestion de stock; magasinage; gestion de flotte,gestion du temps; rigueur,"Société Congo Services recrute un(e) Déclarant en douane à Brazzaville en CDI. Missions : intervenir sur des activités de logistique / transport et contribuer aux objectifs de l'équipe. Profil recherché : BAC minimum, au moins 5 an(s) d'expérience. Compétences requises : gestion de stock, magasinage, gestion de flotte. Qualités attendues : gestion du temps, rigueur."
O0028,Technicien de laboratoire,Cabinet Alima,Nkayi,Santé,CDI,BAC+2 (BTS/DUT),0,300000,sage-femme; soins infirmiers; kinésithérapie,leadership; prise d'initiative,"Cabinet Alima recrute un(e) Technicien de laboratoire à Nkayi en CDI. Missions : intervenir sur des activités de santé et contribuer aux objectifs de l'équipe. Profil recherché : BAC+2 (BTS/DUT) minimum, au moins 0 an(s) d'expérience. Compétences requises : sage-femme, soins infirmiers, kinésithérapie. Qualités attendues : leadership, prise d'initiative."
O0029,Agent de transformation,Agence Kouilou,Pointe-Noire,Agriculture / Agroalimentaire,CDD,BAC,2,200000,agronomie; élevage; pêche; sylviculture; gestion coopérative; transformation alimentaire,leadership; travail en équipe,"Agence Kouilou recrute un(e) Agent de transformation à Pointe-Noire en CDD. Missions : intervenir sur des activités de agriculture / agroalimentaire et contribuer aux objectifs de l'équipe. Profil recherché : BAC minimum, au moins 2 an(s) d'expérience. Compétences requises : agronomie, élevage, pêche, sylviculture, gestion coopérative, transformation alimentaire. Qualités attendues : leadership, travail en équipe."
O0030,Technicien de maintenance télécom,Compagnie du Fleuve,Pointe-Noire,Télécommunications,Intérim,BEPC,8,250000,fibre optique; réseaux mobiles; bss/oss,autonomie; esprit d'analyse,"Compagnie du Fleuve recrute un(e) Technicien de maintenance télécom à Pointe-Noire en Intérim. Missions : intervenir sur des activités de télécommunications et contribuer aux objectifs de l'équipe. Profil recherché : BEPC minimum, au moins 8 an(s) d'expérience. Compétences requises : fibre optique, réseaux mobiles, bss/oss. Qualités attendues : autonomie, esprit d'analyse."
O0031,Gestionnaire de paie,Cabinet M'Foa,Pointe-Noire,Administration / RH / Juridique,CDD,BAC+2 (BTS/DUT),3,300000,droit du travail; archivage; paie; passation de marchés; secrétariat; gestion des ressources humaines,adaptabilité; travail en équipe,"Cabinet M'Foa recrute un(e) Gestionnaire de paie à Pointe-Noire en CDD. Missions : intervenir sur des activités de administration / rh / juridique et contribuer aux objectifs de l'équipe. Profil recherché : BAC+2 (BTS/DUT) minimum, au moins 3 an(s) d'expérience. Compétences requises : droit du travail, archivage, paie, passation de marchés, secrétariat, gestion des ressources humaines. Qualités attendues : adaptabilité, travail en équipe."
O0032,Cuisinier,Groupe Mayombe,Brazzaville,Hôtellerie / Restauration,CDD,BAC+2 (BTS/DUT),3,400000,cuisine; gestion hôtelière; pâtisserie; service en salle,rigueur; gestion du temps,"Groupe Mayombe recrute un(e) Cuisinier à Brazzaville en CDD. Missions : intervenir sur des activités de hôtellerie / restauration et contribuer aux objectifs de l'équipe. Profil recherché : BAC+2 (BTS/DUT) minimum, au moins 3 an(s) d'expérience. Compétences requises : cuisine, gestion hôtelière, pâtisserie, service en salle. Qualités attendues : rigueur, gestion du temps."
O0033,Formateur professionnel,Agence Kouilou,Dolisie,Éducation / Formation,CDD,BAC+2 (BTS/DUT),1,700000,pédagogie; encadrement scolaire; conception de programmes,adaptabilité; leadership,"Agence Kouilou recrute un(e) Formateur professionnel à Dolisie en CDD. Missions : intervenir sur des activités de éducation / formation et contribuer aux objectifs de l'équipe. Profil recherché : BAC+2 (BTS/DUT) minimum, au moins 1 an(s) d'expérience. Compétences requises : pédagogie, encadrement scolaire, conception de programmes. Qualités attendues : adaptabilité, leadership."
O0034,Technicien informatique,Société Niari,Brazzaville,Informatique / IT,CDD,BAC,3,150000,développement web; php; machine learning; cybersécurité; python,rigueur; prise d'initiative,"Société Niari recrute un(e) Technicien informatique à Brazzaville en CDD. Missions : intervenir sur des activités de informatique / it et contribuer aux objectifs de l'équipe. Profil recherché : BAC minimum, au moins 3 an(s) d'expérience. Compétences requises : développement web, php, machine learning, cybersécurité, python. Qualités attendues : rigueur, prise d'initiative."
O0035,Opérateur de production,Société Batéké,Nkayi,Pétrole / Gaz / Énergie,CDI,BAC+2 (BTS/DUT),1,1200000,qhse; hse; maintenance industrielle,leadership; communication,"Société Batéké recrute un(e) Opérateur de production à Nkayi en CDI. Missions : intervenir sur des activités de pétrole / gaz / énergie et contribuer aux objectifs de l'équipe. Profil recherché : BAC+2 (BTS/DUT) minimum, au moins 1 an(s) d'expérience. Compétences requises : qhse, hse, maintenance industrielle. Qualités attendues : leadership, communication."
O0036,Gouvernante,Société Sangha,Sibiti,Hôtellerie / Restauration,CDI,BAC+2 (BTS/DUT),1,900000,service en salle; pâtisserie; gestion hôtelière; housekeeping; cuisine,prise d'initiative; rigueur,"Société Sangha recrute un(e) Gouvernante à Sibiti en CDI. Missions : intervenir sur des activités de hôtellerie / restauration et contribuer aux objectifs de l'équipe. Profil recherché : BAC+2 (BTS/DUT) minimum, au moins 1 an(s) d'expérience. Compétences requises : service en salle, pâtisserie, gestion hôtelière, housekeeping, cuisine. Qualités attendues : prise d'initiative, rigueur."
O0037,Répétiteur,Entreprise du Fleuve,Nkayi,Éducation / Formation,CDI,Licence (BAC+3),3,700000,conception de programmes; alphabétisation; encadrement scolaire; formation professionnelle,prise d'initiative; gestion du temps,"Entreprise du Fleuve recrute un(e) Répétiteur à Nkayi en CDI. Missions : intervenir sur des activités de éducation / formation et contribuer aux objectifs de l'équipe. Profil recherché : Licence (BAC+3) minimum, au moins 3 an(s) d'expérience. Compétences requises : conception de programmes, alphabétisation, encadrement scolaire, formation professionnelle. Qualités attendues : prise d'initiative, gestion du temps."
O0038,Gestionnaire de flotte,Agence Niari,Pointe-Noire,Logistique / Transport,CDI,BAC,2,250000,magasinage; douane; supply chain; manutention portuaire,esprit d'analyse; autonomie,"Agence Niari recrute un(e) Gestionnaire de flotte à Pointe-Noire en CDI. Missions : intervenir sur des activités de logistique / transport et contribuer aux objectifs de l'équipe. Profil recherché : BAC minimum, au moins 2 an(s) d'expérience. Compétences requises : magasinage, douane, supply chain, manutention portuaire. Qualités attendues : esprit d'analyse, autonomie."
O0039,Ingénieur génie civil,Compagnie Djoué,Sibiti,BTP / Construction,CDD,Master (BAC+5),5,900000,génie civil; maçonnerie; électricité bâtiment; métré,esprit d'analyse; gestion du temps,"Compagnie Djoué recrute un(e) Ingénieur génie civil à Sibiti en CDD. Missions : intervenir sur des activités de btp / construction et contribuer aux objectifs de l'équipe. Profil recherché : Master (BAC+5) minimum, au moins 5 an(s) d'expérience. Compétences requises : génie civil, maçonnerie, électricité bâtiment, métré. Qualités attendues : esprit d'analyse, gestion du temps."
O0040,Assistant RH,Agence Congo Services,Brazzaville,Administration / RH / Juridique,Stage,Licence (BAC+3),3,500000,gestion des ressources humaines; archivage; secrétariat; gestion administrative; paie; passation de marchés,gestion du temps; autonomie,"Agence Congo Services recrute un(e) Assistant RH à Brazzaville en Stage. Missions : intervenir sur des activités de administration / rh / juridique et contribuer aux objectifs de l'équipe. Profil recherché : Licence (BAC+3) minimum, au moins 3 an(s) d'expérience. Compétences requises : gestion des ressources humaines, archivage, secrétariat, gestion administrative, paie, passation de marchés. Qualités attendues : gestion du temps, autonomie."
O0041,Superviseur réseau,Société du Fleuve,Pointe-Noire,Télécommunications,CDI,BAC+2 (BTS/DUT),1,250000,voip; réseaux mobiles; radiofréquence; bss/oss; fibre optique; maintenance télécom,travail en équipe; leadership,"Société du Fleuve recrute un(e) Superviseur réseau à Pointe-Noire en CDI. Missions : intervenir sur des activités de télécommunications et contribuer aux objectifs de l'équipe. Profil recherché : BAC+2 (BTS/DUT) minimum, au moins 1 an(s) d'expérience. Compétences requises : voip, réseaux mobiles, radiofréquence, bss/oss, fibre optique, maintenance télécom. Qualités attendues : travail en équipe, leadership."
O0042,Superviseur QHSE,Agence Batéké,Pointe-Noire,Pétrole / Gaz / Énergie,Consultance,BAC+2 (BTS/DUT),3,400000,gestion de plateforme; production pétrolière; inspection technique; maintenance industrielle; tuyauterie; qhse,gestion du temps; autonomie,"Agence Batéké recrute un(e) Superviseur QHSE à Pointe-Noire en Consultance. Missions : intervenir sur des activités de pétrole / gaz / énergie et contribuer aux objectifs de l'équipe. Profil recherché : BAC+2 (BTS/DUT) minimum, au moins 3 an(s) d'expérience. Compétences requises : gestion de plateforme, production pétrolière, inspection technique, maintenance industrielle, tuyauterie, qhse. Qualités attendues : gestion du temps, autonomie."
O0043,Cuisinier,Entreprise Congo Services,Pointe-Noire,Hôtellerie / Restauration,CDI,Master (BAC+5),3,250000,pâtisserie; gestion hôtelière; réception hôtelière,leadership; autonomie,"Entreprise Congo Services recrute un(e) Cuisinier à Pointe-Noire en CDI. Missions : intervenir sur des activités de hôtellerie / restauration et contribuer aux objectifs de l'équipe. Profil recherché : Master (BAC+5) minimum, au moins 3 an(s) d'expérience. Compétences requises : pâtisserie, gestion hôtelière, réception hôtelière. Qualités attendues : leadership, autonomie."
O0044,Technicien HSE,Cabinet Alima,Brazzaville,Pétrole / Gaz / Énergie,Intérim,BAC,3,900000,inspection technique; soudure; instrumentation; gestion de plateforme; production pétrolière; tuyauterie,adaptabilité; leadership,"Cabinet Alima recrute un(e) Technicien HSE à Brazzaville en Intérim. Missions : intervenir sur des activités de pétrole / gaz / énergie et contribuer aux objectifs de l'équipe. Profil recherché : BAC minimum, au moins 3 an(s) d'expérience. Compétences requises : inspection technique, soudure, instrumentation, gestion de plateforme, production pétrolière, tuyauterie. Qualités attendues : adaptabilité, leadership."
O0045,Auditeur junior,Société Batéké,Ouesso,Banque / Finance,CDI,BAC+2 (BTS/DUT),3,400000,analyse financière; gestion de trésorerie; fiscalité,gestion du temps; esprit d'analyse,"Société Batéké recrute un(e) Auditeur junior à Ouesso en CDI. Missions : intervenir sur des activités de banque / finance et contribuer aux objectifs de l'équipe. Profil recherché : BAC+2 (BTS/DUT) minimum, au moins 3 an(s) d'expérience. Compétences requises : analyse financière, gestion de trésorerie, fiscalité. Qualités attendues : gestion du temps, esprit d'analyse."
O0046,Mécanicien industriel,Agence M'Foa,Brazzaville,Pétrole / Gaz / Énergie,Stage,BEPC,3,150000,électromécanique; forage; maintenance industrielle,esprit d'analyse; prise d'initiative,"Agence M'Foa recrute un(e) Mécanicien industriel à Brazzaville en Stage. Missions : intervenir sur des activités de pétrole / gaz / énergie et contribuer aux objectifs de l'équipe. Profil recherché : BEPC minimum, au moins 3 an(s) d'expérience. Compétences requises : électromécanique, forage, maintenance industrielle. Qualités attendues : esprit d'analyse, prise d'initiative."
O0047,Développeur web,Cabinet Batéké,Madingou,Informatique / IT,CDD,Licence (BAC+3),8,500000,cybersécurité; analyse de données; python; développement mobile,prise d'initiative; sens de l'organisation,"Cabinet Batéké recrute un(e) Développeur web à Madingou en CDD. Missions : intervenir sur des activités de informatique / it et contribuer aux objectifs de l'équipe. Profil recherché : Licence (BAC+3) minimum, au moins 8 an(s) d'expérience. Compétences requises : cybersécurité, analyse de données, python, développement mobile. Qualités attendues : prise d'initiative, sens de l'organisation."
O0048,Sage-femme,Agence Mayombe,Nkayi,Santé,CDI,Licence (BAC+3),8,700000,kinésithérapie; imagerie médicale; pharmacie; laboratoire médical; sage-femme,gestion du temps; travail en équipe,"Agence Mayombe recrute un(e) Sage-femme à Nkayi en CDI. Missions : intervenir sur des activités de santé et contribuer aux objectifs de l'équipe. Profil recherché : Licence (BAC+3) minimum, au moins 8 an(s) d'expérience. Compétences requises : kinésithérapie, imagerie médicale, pharmacie, laboratoire médical, sage-femme. Qualités attendues : gestion du temps, travail en équipe."
O0049,Chef de projet IT,Société Djoué,Ouesso,Informatique / IT,CDD,Licence (BAC+3),2,300000,machine learning; cybersécurité; sql,rigueur; adaptabilité,"Société Djoué recrute un(e) Chef de projet IT à Ouesso en CDD. Missions : intervenir sur des activités de informatique / it et contribuer aux objectifs de l'équipe. Profil recherché : Licence (BAC+3) minimum, au moins 2 an(s) d'expérience. Compétences requises : machine learning, cybersécurité, sql. Qualités attendues : rigueur, adaptabilité."
O0050,Infirmier diplômé d'État,Agence Léfini,Brazzaville,Santé,CDD,BAC+2 (BTS/DUT),2,900000,soins infirmiers; imagerie médicale; kinésithérapie; laboratoire médical; sage-femme,rigueur; esprit d'analyse,"Agence Léfini recrute un(e) Infirmier diplômé d'État à Brazzaville en CDD. Missions : intervenir sur des activités de santé et contribuer aux objectifs de l'équipe. Profil recherché : BAC+2 (BTS/DUT) minimum, au moins 2 an(s) d'expérience. Compétences requises : soins infirmiers, imagerie médicale, kinésithérapie, laboratoire médical, sage-femme. Qualités attendues : rigueur, esprit d'analyse."
O0051,Superviseur QHSE,Entreprise du Fleuve,Pointe-Noire,Pétrole / Gaz / Énergie,Consultance,Licence (BAC+3),1,250000,gestion de plateforme; maintenance industrielle; hse; forage; production pétrolière,esprit d'analyse; communication,"Entreprise du Fleuve recrute un(e) Superviseur QHSE à Pointe-Noire en Consultance. Missions : intervenir sur des activités de pétrole / gaz / énergie et contribuer aux objectifs de l'équipe. Profil recherché : Licence (BAC+3) minimum, au moins 1 an(s) d'expérience. Compétences requises : gestion de plateforme, maintenance industrielle, hse, forage, production pétrolière. Qualités attendues : esprit d'analyse, communication."
O0052,Chargé de marketing,Compagnie Alima,Brazzaville,Commerce / Vente / Marketing,Intérim,Licence (BAC+3),2,700000,gestion de clientèle; service client; négociation commerciale; étude de marché,communication; prise d'initiative,"Compagnie Alima recrute un(e) Chargé de marketing à Brazzaville en Intérim. Missions : intervenir sur des activités de commerce / vente / marketing et contribuer aux objectifs de l'équipe. Profil recherché : Licence (BAC+3) minimum, au moins 2 an(s) d'expérience. Compétences requises : gestion de clientèle, service client, négociation commerciale, étude de marché. Qualités attendues : communication, prise d'initiative."
O0053,Serveur,Agence Léfini,Pointe-Noire,Hôtellerie / Restauration,CDD,Licence (BAC+3),5,700000,pâtisserie; cuisine; service en salle; réception hôtelière; housekeeping; gestion hôtelière,adaptabilité; rigueur,"Agence Léfini recrute un(e) Serveur à Pointe-Noire en CDD. Missions : intervenir sur des activités de hôtellerie / restauration et contribuer aux objectifs de l'équipe. Profil recherché : Licence (BAC+3) minimum, au moins 5 an(s) d'expérience. Compétences requises : pâtisserie, cuisine, service en salle, réception hôtelière, housekeeping, gestion hôtelière. Qualités attendues : adaptabilité, rigueur."
O0054,Gouvernante,Groupe Sangha,Brazzaville,Hôtellerie / Restauration,Intérim,BAC+2 (BTS/DUT),1,500000,service en salle; pâtisserie; réception hôtelière; cuisine; gestion hôtelière; housekeeping,communication; prise d'initiative,"Groupe Sangha recrute un(e) Gouvernante à Brazzaville en Intérim. Missions : intervenir sur des activités de hôtellerie / restauration et contribuer aux objectifs de l'équipe. Profil recherché : BAC+2 (BTS/DUT) minimum, au moins 1 an(s) d'expérience. Compétences requises : service en salle, pâtisserie, réception hôtelière, cuisine, gestion hôtelière, housekeeping. Qualités attendues : communication, prise d'initiative."
O0055,Enseignant,Société Batéké,Brazzaville,Éducation / Formation,CDD,Master (BAC+5),3,300000,enseignement; encadrement scolaire; pédagogie; conception de programmes; formation professionnelle,adaptabilité; prise d'initiative,"Société Batéké recrute un(e) Enseignant à Brazzaville en CDD. Missions : intervenir sur des activités de éducation / formation et contribuer aux objectifs de l'équipe. Profil recherché : Master (BAC+5) minimum, au moins 3 an(s) d'expérience. Compétences requises : enseignement, encadrement scolaire, pédagogie, conception de programmes, formation professionnelle. Qualités attendues : adaptabilité, prise d'initiative."
O0056,Chef de projet IT,Compagnie Loango,Nkayi,Informatique / IT,Stage,Licence (BAC+3),0,500000,développement web; javascript; sql; php; administration réseau; bases de données,leadership; autonomie,"Compagnie Loango recrute un(e) Chef de projet IT à Nkayi en Stage. Missions : intervenir sur des activités de informatique / it et contribuer aux objectifs de l'équipe. Profil recherché : Licence (BAC+3) minimum, au moins 0 an(s) d'expérience. Compétences requises : développement web, javascript, sql, php, administration réseau, bases de données. Qualités attendues : leadership, autonomie."
O0057,Cuisinier,Agence Plateaux,Kinkala,Hôtellerie / Restauration,CDI,BAC,3,300000,pâtisserie; gestion hôtelière; housekeeping; réception hôtelière; cuisine,esprit d'analyse; autonomie,"Agence Plateaux recrute un(e) Cuisinier à Kinkala en CDI. Missions : intervenir sur des activités de hôtellerie / restauration et contribuer aux objectifs de l'équipe. Profil recherché : BAC minimum, au moins 3 an(s) d'expérience. Compétences requises : pâtisserie, gestion hôtelière, housekeeping, réception hôtelière, cuisine. Qualités attendues : esprit d'analyse, autonomie."
O0058,Conducteur de travaux,Entreprise du Fleuve,Pointe-Noire,BTP / Construction,CDI,BAC+2 (BTS/DUT),2,700000,voirie; béton armé; autocad; conduite de travaux,travail en équipe; sens de l'organisation,"Entreprise du Fleuve recrute un(e) Conducteur de travaux à Pointe-Noire en CDI. Missions : intervenir sur des activités de btp / construction et contribuer aux objectifs de l'équipe. Profil recherché : BAC+2 (BTS/DUT) minimum, au moins 2 an(s) d'expérience. Compétences requises : voirie, béton armé, autocad, conduite de travaux. Qualités attendues : travail en équipe, sens de l'organisation."
O0059,Chef d'exploitation,Entreprise Djoué,Nkayi,Agriculture / Agroalimentaire,Consultance,BAC+2 (BTS/DUT),3,400000,pêche; élevage; gestion coopérative; maraîchage; agronomie,leadership; adaptabilité,"Entreprise Djoué recrute un(e) Chef d'exploitation à Nkayi en Consultance. Missions : intervenir sur des activités de agriculture / agroalimentaire et contribuer aux objectifs de l'équipe. Profil recherché : BAC+2 (BTS/DUT) minimum, au moins 3 an(s) d'expérience. Compétences requises : pêche, élevage, gestion coopérative, maraîchage, agronomie. Qualités attendues : leadership, adaptabilité."
O0060,Agent de microfinance,Agence Plateaux,Pointe-Noire,Banque / Finance,CDD,BAC,5,200000,conformité bancaire; ohada; fiscalité; analyse financière,rigueur; prise d'initiative,"Agence Plateaux recrute un(e) Agent de microfinance à Pointe-Noire en CDD. Missions : intervenir sur des activités de banque / finance et contribuer aux objectifs de l'équipe. Profil recherché : BAC minimum, au moins 5 an(s) d'expérience. Compétences requises : conformité bancaire, ohada, fiscalité, analyse financière. Qualités attendues : rigueur, prise d'initiative."
O0061,Analyste financier,Agence Léfini,Brazzaville,Banque / Finance,CDD,BAC+2 (BTS/DUT),0,250000,ohada; analyse financière; comptabilité; audit; sage comptabilité; gestion de trésorerie,leadership; travail en équipe,"Agence Léfini recrute un(e) Analyste financier à Brazzaville en CDD. Missions : intervenir sur des activités de banque / finance et contribuer aux objectifs de l'équipe. Profil recherché : BAC+2 (BTS/DUT) minimum, au moins 0 an(s) d'expérience. Compétences requises : ohada, analyse financière, comptabilité, audit, sage comptabilité, gestion de trésorerie. Qualités attendues : leadership, travail en équipe."
O0062,Formateur professionnel,Entreprise Djoué,Pointe-Noire,Éducation / Formation,CDD,Master (BAC+5),3,200000,enseignement; pédagogie; conception de programmes,esprit d'analyse; autonomie,"Entreprise Djoué recrute un(e) Formateur professionnel à Pointe-Noire en CDD. Missions : intervenir sur des activités de éducation / formation et contribuer aux objectifs de l'équipe. Profil recherché : Master (BAC+5) minimum, au moins 3 an(s) d'expérience. Compétences requises : enseignement, pédagogie, conception de programmes. Qualités attendues : esprit d'analyse, autonomie."
O0063,Encadreur pédagogique,Cabinet Mayombe,Kinkala,Éducation / Formation,CDD,BAC+2 (BTS/DUT),1,200000,formation professionnelle; enseignement; encadrement scolaire; conception de programmes; alphabétisation; pédagogie,esprit d'analyse; sens de l'organisation,"Cabinet Mayombe recrute un(e) Encadreur pédagogique à Kinkala en CDD. Missions : intervenir sur des activités de éducation / formation et contribuer aux objectifs de l'équipe. Profil recherché : BAC+2 (BTS/DUT) minimum, au moins 1 an(s) d'expérience. Compétences requises : formation professionnelle, enseignement, encadrement scolaire, conception de programmes, alphabétisation, pédagogie. Qualités attendues : esprit d'analyse, sens de l'organisation."
O0064,Répétiteur,Entreprise du Fleuve,Pointe-Noire,Éducation / Formation,Stage,Licence (BAC+3),2,1200000,formation professionnelle; encadrement scolaire; pédagogie; enseignement; conception de programmes; alphabétisation,sens de l'organisation; leadership,"Entreprise du Fleuve recrute un(e) Répétiteur à Pointe-Noire en Stage. Missions : intervenir sur des activités de éducation / formation et contribuer aux objectifs de l'équipe. Profil recherché : Licence (BAC+3) minimum, au moins 2 an(s) d'expérience. Compétences requises : formation professionnelle, encadrement scolaire, pédagogie, enseignement, conception de programmes, alphabétisation. Qualités attendues : sens de l'organisation, leadership."
O0065,Technicien agricole,Société Loango,Brazzaville,Agriculture / Agroalimentaire,CDD,BAC,2,250000,pêche; agronomie; élevage; gestion coopérative,travail en équipe; sens de l'organisation,"Société Loango recrute un(e) Technicien agricole à Brazzaville en CDD. Missions : intervenir sur des activités de agriculture / agroalimentaire et contribuer aux objectifs de l'équipe. Profil recherché : BAC minimum, au moins 2 an(s) d'expérience. Compétences requises : pêche, agronomie, élevage, gestion coopérative. Qualités attendues : travail en équipe, sens de l'organisation."
O0066,Agent de transit,Compagnie Djoué,Brazzaville,Logistique / Transport,CDI,Master (BAC+5),2,1200000,transit; planification logistique; douane,sens de l'organisation; leadership,"Compagnie Djoué recrute un(e) Agent de transit à Brazzaville en CDI. Missions : intervenir sur des activités de logistique / transport et contribuer aux objectifs de l'équipe. Profil recherché : Master (BAC+5) minimum, au moins 2 an(s) d'expérience. Compétences requises : transit, planification logistique, douane. Qualités attendues : sens de l'organisation, leadership."
O0067,Agent de transformation,Groupe Mayombe,Pointe-Noire,Agriculture / Agroalimentaire,CDI,Licence (BAC+3),2,150000,gestion coopérative; maraîchage; transformation alimentaire; sylviculture,prise d'initiative; sens de l'organisation,"Groupe Mayombe recrute un(e) Agent de transformation à Pointe-Noire en CDI. Missions : intervenir sur des activités de agriculture / agroalimentaire et contribuer aux objectifs de l'équipe. Profil recherché : Licence (BAC+3) minimum, au moins 2 an(s) d'expérience. Compétences requises : gestion coopérative, maraîchage, transformation alimentaire, sylviculture. Qualités attendues : prise d'initiative, sens de l'organisation."
O0068,Magasinier,Entreprise Niari,Pointe-Noire,Logistique / Transport,CDI,BAC+2 (BTS/DUT),3,250000,magasinage; manutention portuaire; planification logistique; douane,autonomie; leadership,"Entreprise Niari recrute un(e) Magasinier à Pointe-Noire en CDI. Missions : intervenir sur des activités de logistique / transport et contribuer aux objectifs de l'équipe. Profil recherché : BAC+2 (BTS/DUT) minimum, au moins 3 an(s) d'expérience. Compétences requises : magasinage, manutention portuaire, planification logistique, douane. Qualités attendues : autonomie, leadership."
O0069,Mécanicien industriel,Entreprise Mayombe,Pointe-Noire,Pétrole / Gaz / Énergie,CDD,BAC+2 (BTS/DUT),3,250000,hse; inspection technique; maintenance industrielle; production pétrolière; électromécanique; soudure,autonomie; rigueur,"Entreprise Mayombe recrute un(e) Mécanicien industriel à Pointe-Noire en CDD. Missions : intervenir sur des activités de pétrole / gaz / énergie et contribuer aux objectifs de l'équipe. Profil recherché : BAC+2 (BTS/DUT) minimum, au moins 3 an(s) d'expérience. Compétences requises : hse, inspection technique, maintenance industrielle, production pétrolière, électromécanique, soudure. Qualités attendues : autonomie, rigueur."
O0070,Pharmacien assistant,Compagnie Mayombe,Brazzaville,Santé,CDI,BAC+2 (BTS/DUT),3,500000,soins infirmiers; santé publique; pharmacie; nutrition; laboratoire médical; imagerie médicale,sens de l'organisation; communication,"Compagnie Mayombe recrute un(e) Pharmacien assistant à Brazzaville en CDI. Missions : intervenir sur des activités de santé et contribuer aux objectifs de l'équipe. Profil recherché : BAC+2 (BTS/DUT) minimum, au moins 3 an(s) d'expérience. Compétences requises : soins infirmiers, santé publique, pharmacie, nutrition, laboratoire médical, imagerie médicale. Qualités attendues : sens de l'organisation, communication."
O0071,Topographe,Société Loango,Pointe-Noire,BTP / Construction,Consultance,BEPC,3,900000,topographie; béton armé; dessin technique,gestion du temps; communication,"Société Loango recrute un(e) Topographe à Pointe-Noire en Consultance. Missions : intervenir sur des activités de btp / construction et contribuer aux objectifs de l'équipe. Profil recherché : BEPC minimum, au moins 3 an(s) d'expérience. Compétences requises : topographie, béton armé, dessin technique. Qualités attendues : gestion du temps, communication."
O0072,Agent de santé communautaire,Cabinet Batéké,Pointe-Noire,Santé,Stage,Licence (BAC+3),1,1200000,santé publique; nutrition; soins infirmiers; kinésithérapie; pharmacie,adaptabilité; gestion du temps,"Cabinet Batéké recrute un(e) Agent de santé communautaire à Pointe-Noire en Stage. Missions : intervenir sur des activités de santé et contribuer aux objectifs de l'équipe. Profil recherché : Licence (BAC+3) minimum, au moins 1 an(s) d'expérience. Compétences requises : santé publique, nutrition, soins infirmiers, kinésithérapie, pharmacie. Qualités attendues : adaptabilité, gestion du temps."
O0073,Chargé de marketing,Agence Plateaux,Brazzaville,Commerce / Vente / Marketing,Consultance,BAC+2 (BTS/DUT),0,500000,community management; vente; étude de marché; service client,leadership; prise d'initiative,"Agence Plateaux recrute un(e) Chargé de marketing à Brazzaville en Consultance. Missions : intervenir sur des activités de commerce / vente / marketing et contribuer aux objectifs de l'équipe. Profil recherché : BAC+2 (BTS/DUT) minimum, au moins 0 an(s) d'expérience. Compétences requises : community management, vente, étude de marché, service client. Qualités attendues : leadership, prise d'initiative."
O0074,Chef de chantier,Compagnie Djoué,Pointe-Noire,BTP / Construction,Stage,Master (BAC+5),1,300000,maçonnerie; voirie; conduite de travaux; menuiserie; métré; béton armé,esprit d'analyse; sens de l'organisation,"Compagnie Djoué recrute un(e) Chef de chantier à Pointe-Noire en Stage. Missions : intervenir sur des activités de btp / construction et contribuer aux objectifs de l'équipe. Profil recherché : Master (BAC+5) minimum, au moins 1 an(s) d'expérience. Compétences requises : maçonnerie, voirie, conduite de travaux, menuiserie, métré, béton armé. Qualités attendues : esprit d'analyse, sens de l'organisation."
O0075,Mécanicien industriel,Entreprise Djoué,Brazzaville,Pétrole / Gaz / Énergie,Intérim,BEPC,2,150000,électromécanique; production pétrolière; gestion de plateforme; inspection technique; qhse; tuyauterie,communication; leadership,"Entreprise Djoué recrute un(e) Mécanicien industriel à Brazzaville en Intérim. Missions : intervenir sur des activités de pétrole / gaz / énergie et contribuer aux objectifs de l'équipe. Profil recherché : BEPC minimum, au moins 2 an(s) d'expérience. Compétences requises : électromécanique, production pétrolière, gestion de plateforme, inspection technique, qhse, tuyauterie. Qualités attendues : communication, leadership."
O0076,Agronome,Groupe Léfini,Dolisie,Agriculture / Agroalimentaire,Stage,Licence (BAC+3),5,500000,maraîchage; gestion coopérative; pêche; agronomie; élevage; sylviculture,prise d'initiative; rigueur,"Groupe Léfini recrute un(e) Agronome à Dolisie en Stage. Missions : intervenir sur des activités de agriculture / agroalimentaire et contribuer aux objectifs de l'équipe. Profil recherché : Licence (BAC+3) minimum, au moins 5 an(s) d'expérience. Compétences requises : maraîchage, gestion coopérative, pêche, agronomie, élevage, sylviculture. Qualités attendues : prise d'initiative, rigueur."
O0077,Technicien fibre optique,Société Sangha,Pointe-Noire,Télécommunications,CDD,Master (BAC+5),2,500000,réseaux mobiles; voip; maintenance télécom; radiofréquence; fibre optique; transmission,adaptabilité; leadership,"Société Sangha recrute un(e) Technicien fibre optique à Pointe-Noire en CDD. Missions : intervenir sur des activités de télécommunications et contribuer aux objectifs de l'équipe. Profil recherché : Master (BAC+5) minimum, au moins 2 an(s) d'expérience. Compétences requises : réseaux mobiles, voip, maintenance télécom, radiofréquence, fibre optique, transmission. Qualités attendues : adaptabilité, leadership."
O0078,Ingénieur radio,Agence Loango,Pointe-Noire,Télécommunications,CDI,Licence (BAC+3),1,400000,transmission; radiofréquence; bss/oss,autonomie; prise d'initiative,"Agence Loango recrute un(e) Ingénieur radio à Pointe-Noire en CDI. Missions : intervenir sur des activités de télécommunications et contribuer aux objectifs de l'équipe. Profil recherché : Licence (BAC+3) minimum, au moins 1 an(s) d'expérience. Compétences requises : transmission, radiofréquence, bss/oss. Qualités attendues : autonomie, prise d'initiative."
O0079,Administrateur réseau,Société Batéké,Dolisie,Informatique / IT,CDD,BAC,0,150000,python; développement web; excel avancé; maintenance informatique; administration réseau; machine learning,autonomie; adaptabilité,"Société Batéké recrute un(e) Administrateur réseau à Dolisie en CDD. Missions : intervenir sur des activités de informatique / it et contribuer aux objectifs de l'équipe. Profil recherché : BAC minimum, au moins 0 an(s) d'expérience. Compétences requises : python, développement web, excel avancé, maintenance informatique, administration réseau, machine learning. Qualités attendues : autonomie, adaptabilité."
O0080,Community manager,Compagnie Sangha,Brazzaville,Commerce / Vente / Marketing,CDD,Licence (BAC+3),0,500000,service client; marketing digital; gestion de clientèle,communication; esprit d'analyse,"Compagnie Sangha recrute un(e) Community manager à Brazzaville en CDD. Missions : intervenir sur des activités de commerce / vente / marketing et contribuer aux objectifs de l'équipe. Profil recherché : Licence (BAC+3) minimum, au moins 0 an(s) d'expérience. Compétences requises : service client, marketing digital, gestion de clientèle. Qualités attendues : communication, esprit d'analyse."
O0081,Formateur professionnel,Société Mayombe,Dolisie,Éducation / Formation,CDI,Licence (BAC+3),0,400000,enseignement; conception de programmes; encadrement scolaire; alphabétisation; formation professionnelle,adaptabilité; gestion du temps,"Société Mayombe recrute un(e) Formateur professionnel à Dolisie en CDI. Missions : intervenir sur des activités de éducation / formation et contribuer aux objectifs de l'équipe. Profil recherché : Licence (BAC+3) minimum, au moins 0 an(s) d'expérience. Compétences requises : enseignement, conception de programmes, encadrement scolaire, alphabétisation, formation professionnelle. Qualités attendues : adaptabilité, gestion du temps."
O0082,Répétiteur,Cabinet Léfini,Pointe-Noire,Éducation / Formation,CDI,BAC+2 (BTS/DUT),2,700000,enseignement; pédagogie; encadrement scolaire; conception de programmes; formation professionnelle,communication; gestion du temps,"Cabinet Léfini recrute un(e) Répétiteur à Pointe-Noire en CDI. Missions : intervenir sur des activités de éducation / formation et contribuer aux objectifs de l'équipe. Profil recherché : BAC+2 (BTS/DUT) minimum, au moins 2 an(s) d'expérience. Compétences requises : enseignement, pédagogie, encadrement scolaire, conception de programmes, formation professionnelle. Qualités attendues : communication, gestion du temps."
O0083,Gouvernante,Entreprise M'Foa,Brazzaville,Hôtellerie / Restauration,CDD,Licence (BAC+3),2,500000,cuisine; pâtisserie; gestion hôtelière; housekeeping,leadership; adaptabilité,"Entreprise M'Foa recrute un(e) Gouvernante à Brazzaville en CDD. Missions : intervenir sur des activités de hôtellerie / restauration et contribuer aux objectifs de l'équipe. Profil recherché : Licence (BAC+3) minimum, au moins 2 an(s) d'expérience. Compétences requises : cuisine, pâtisserie, gestion hôtelière, housekeeping. Qualités attendues : leadership, adaptabilité."
O0084,Cuisinier,Agence Alima,Brazzaville,Hôtellerie / Restauration,CDI,BAC,3,400000,housekeeping; réception hôtelière; gestion hôtelière; service en salle; cuisine; pâtisserie,rigueur; leadership,"Agence Alima recrute un(e) Cuisinier à Brazzaville en CDI. Missions : intervenir sur des activités de hôtellerie / restauration et contribuer aux objectifs de l'équipe. Profil recherché : BAC minimum, au moins 3 an(s) d'expérience. Compétences requises : housekeeping, réception hôtelière, gestion hôtelière, service en salle, cuisine, pâtisserie. Qualités attendues : rigueur, leadership."
O0085,Superviseur réseau,Entreprise Congo Services,Brazzaville,Télécommunications,Intérim,BEPC,1,250000,bss/oss; voip; fibre optique; réseaux mobiles,rigueur; leadership,"Entreprise Congo Services recrute un(e) Superviseur réseau à Brazzaville en Intérim. Missions : intervenir sur des activités de télécommunications et contribuer aux objectifs de l'équipe. Profil recherché : BEPC minimum, au moins 1 an(s) d'expérience. Compétences requises : bss/oss, voip, fibre optique, réseaux mobiles. Qualités attendues : rigueur, leadership."
O0086,Secrétaire de direction,Cabinet Batéké,Brazzaville,Administration / RH / Juridique,CDD,Master (BAC+5),3,150000,gestion des ressources humaines; secrétariat; passation de marchés,sens de l'organisation; autonomie,"Cabinet Batéké recrute un(e) Secrétaire de direction à Brazzaville en CDD. Missions : intervenir sur des activités de administration / rh / juridique et contribuer aux objectifs de l'équipe. Profil recherché : Master (BAC+5) minimum, au moins 3 an(s) d'expérience. Compétences requises : gestion des ressources humaines, secrétariat, passation de marchés. Qualités attendues : sens de l'organisation, autonomie."
O0087,Technicien fibre optique,Groupe Kouilou,Brazzaville,Télécommunications,CDI,Sans diplôme,1,500000,fibre optique; transmission; voip; maintenance télécom; réseaux mobiles,gestion du temps; rigueur,"Groupe Kouilou recrute un(e) Technicien fibre optique à Brazzaville en CDI. Missions : intervenir sur des activités de télécommunications et contribuer aux objectifs de l'équipe. Profil recherché : Sans diplôme minimum, au moins 1 an(s) d'expérience. Compétences requises : fibre optique, transmission, voip, maintenance télécom, réseaux mobiles. Qualités attendues : gestion du temps, rigueur."
O0088,Caissier,Compagnie Sangha,Pointe-Noire,Commerce / Vente / Marketing,CDD,BEPC,1,250000,merchandising; marketing digital; caisse,esprit d'analyse; adaptabilité,"Compagnie Sangha recrute un(e) Caissier à Pointe-Noire en CDD. Missions : intervenir sur des activités de commerce / vente / marketing et contribuer aux objectifs de l'équipe. Profil recherché : BEPC minimum, au moins 1 an(s) d'expérience. Compétences requises : merchandising, marketing digital, caisse. Qualités attendues : esprit d'analyse, adaptabilité."
O0089,Serveur,Groupe Léfini,Brazzaville,Hôtellerie / Restauration,CDD,Licence (BAC+3),0,300000,service en salle; réception hôtelière; pâtisserie; gestion hôtelière; housekeeping,communication; prise d'initiative,"Groupe Léfini recrute un(e) Serveur à Brazzaville en CDD. Missions : intervenir sur des activités de hôtellerie / restauration et contribuer aux objectifs de l'équipe. Profil recherché : Licence (BAC+3) minimum, au moins 0 an(s) d'expérience. Compétences requises : service en salle, réception hôtelière, pâtisserie, gestion hôtelière, housekeeping. Qualités attendues : communication, prise d'initiative."
O0090,Commercial terrain,Cabinet Sangha,Brazzaville,Commerce / Vente / Marketing,CDD,BAC,2,400000,service client; étude de marché; marketing digital,esprit d'analyse; rigueur,"Cabinet Sangha recrute un(e) Commercial terrain à Brazzaville en CDD. Missions : intervenir sur des activités de commerce / vente / marketing et contribuer aux objectifs de l'équipe. Profil recherché : BAC minimum, au moins 2 an(s) d'expérience. Compétences requises : service client, étude de marché, marketing digital. Qualités attendues : esprit d'analyse, rigueur."
O0091,Pharmacien assistant,Compagnie Congo Services,Brazzaville,Santé,CDD,BAC+2 (BTS/DUT),5,250000,imagerie médicale; soins infirmiers; sage-femme,gestion du temps; sens de l'organisation,"Compagnie Congo Services recrute un(e) Pharmacien assistant à Brazzaville en CDD. Missions : intervenir sur des activités de santé et contribuer aux objectifs de l'équipe. Profil recherché : BAC+2 (BTS/DUT) minimum, au moins 5 an(s) d'expérience. Compétences requises : imagerie médicale, soins infirmiers, sage-femme. Qualités attendues : gestion du temps, sens de l'organisation."
O0092,Assistant RH,Cabinet Kouilou,Pointe-Noire,Administration / RH / Juridique,Stage,Licence (BAC+3),1,700000,passation de marchés; secrétariat; rédaction juridique; gestion administrative,sens de l'organisation; communication,"Cabinet Kouilou recrute un(e) Assistant RH à Pointe-Noire en Stage. Missions : intervenir sur des activités de administration / rh / juridique et contribuer aux objectifs de l'équipe. Profil recherché : Licence (BAC+3) minimum, au moins 1 an(s) d'expérience. Compétences requises : passation de marchés, secrétariat, rédaction juridique, gestion administrative. Qualités attendues : sens de l'organisation, communication."
O0093,Ingénieur génie civil,Compagnie Kouilou,Pointe-Noire,BTP / Construction,Stage,Licence (BAC+3),5,1200000,conduite de travaux; plomberie; dessin technique,prise d'initiative; travail en équipe,"Compagnie Kouilou recrute un(e) Ingénieur génie civil à Pointe-Noire en Stage. Missions : intervenir sur des activités de btp / construction et contribuer aux objectifs de l'équipe. Profil recherché : Licence (BAC+3) minimum, au moins 5 an(s) d'expérience. Compétences requises : conduite de travaux, plomberie, dessin technique. Qualités attendues : prise d'initiative, travail en équipe."
O0094,Topographe,Compagnie Plateaux,Impfondo,BTP / Construction,CDI,BAC+2 (BTS/DUT),1,250000,électricité bâtiment; topographie; conduite de travaux; dessin technique; génie civil,sens de l'organisation; rigueur,"Compagnie Plateaux recrute un(e) Topographe à Impfondo en CDI. Missions : intervenir sur des activités de btp / construction et contribuer aux objectifs de l'équipe. Profil recherché : BAC+2 (BTS/DUT) minimum, au moins 1 an(s) d'expérience. Compétences requises : électricité bâtiment, topographie, conduite de travaux, dessin technique, génie civil. Qualités attendues : sens de l'organisation, rigueur."
O0095,Technicien informatique,Entreprise M'Foa,Owando,Informatique / IT,CDI,Master (BAC+5),1,250000,cybersécurité; java; python; bases de données,adaptabilité; prise d'initiative,"Entreprise M'Foa recrute un(e) Technicien informatique à Owando en CDI. Missions : intervenir sur des activités de informatique / it et contribuer aux objectifs de l'équipe. Profil recherché : Master (BAC+5) minimum, au moins 1 an(s) d'expérience. Compétences requises : cybersécurité, java, python, bases de données. Qualités attendues : adaptabilité, prise d'initiative."
O0096,Responsable logistique,Agence Léfini,Pointe-Noire,Logistique / Transport,Consultance,Sans diplôme,1,200000,gestion de stock; conduite poids lourds; transit,autonomie; leadership,"Agence Léfini recrute un(e) Responsable logistique à Pointe-Noire en Consultance. Missions : intervenir sur des activités de logistique / transport et contribuer aux objectifs de l'équipe. Profil recherché : Sans diplôme minimum, au moins 1 an(s) d'expérience. Compétences requises : gestion de stock, conduite poids lourds, transit. Qualités attendues : autonomie, leadership."
O0097,Gouvernante,Groupe Léfini,Ouesso,Hôtellerie / Restauration,CDD,BAC+2 (BTS/DUT),1,900000,pâtisserie; gestion hôtelière; service en salle; housekeeping; cuisine,adaptabilité; autonomie,"Groupe Léfini recrute un(e) Gouvernante à Ouesso en CDD. Missions : intervenir sur des activités de hôtellerie / restauration et contribuer aux objectifs de l'équipe. Profil recherché : BAC+2 (BTS/DUT) minimum, au moins 1 an(s) d'expérience. Compétences requises : pâtisserie, gestion hôtelière, service en salle, housekeeping, cuisine. Qualités attendues : adaptabilité, autonomie."
O0098,Gouvernante,Agence Kouilou,Pointe-Noire,Hôtellerie / Restauration,Intérim,BAC,5,250000,service en salle; housekeeping; cuisine; pâtisserie; gestion hôtelière,esprit d'analyse; leadership,"Agence Kouilou recrute un(e) Gouvernante à Pointe-Noire en Intérim. Missions : intervenir sur des activités de hôtellerie / restauration et contribuer aux objectifs de l'équipe. Profil recherché : BAC minimum, au moins 5 an(s) d'expérience. Compétences requises : service en salle, housekeeping, cuisine, pâtisserie, gestion hôtelière. Qualités attendues : esprit d'analyse, leadership."
O0099,Data Analyst,Société Léfini,Brazzaville,Informatique / IT,Consultance,BEPC,0,700000,excel avancé; javascript; développement mobile; bases de données,prise d'initiative; rigueur,"Société Léfini recrute un(e) Data Analyst à Brazzaville en Consultance. Missions : intervenir sur des activités de informatique / it et contribuer aux objectifs de l'équipe. Profil recherché : BEPC minimum, au moins 0 an(s) d'expérience. Compétences requises : excel avancé, javascript, développement mobile, bases de données. Qualités attendues : prise d'initiative, rigueur."
O0100,Agronome,Groupe Plateaux,Ouesso,Agriculture / Agroalimentaire,Intérim,Sans diplôme,0,250000,gestion coopérative; agronomie; maraîchage,gestion du temps; travail en équipe,"Groupe Plateaux recrute un(e) Agronome à Ouesso en Intérim. Missions : intervenir sur des activités de agriculture / agroalimentaire et contribuer aux objectifs de l'équipe. Profil recherché : Sans diplôme minimum, au moins 0 an(s) d'expérience. Compétences requises : gestion coopérative, agronomie, maraîchage. Qualités attendues : gestion du temps, travail en équipe."
O0101,Mécanicien industriel,Cabinet Niari,Dolisie,Pétrole / Gaz / Énergie,CDI,BAC,3,900000,qhse; gestion de plateforme; forage; inspection technique,communication; sens de l'organisation,"Cabinet Niari recrute un(e) Mécanicien industriel à Dolisie en CDI. Missions : intervenir sur des activités de pétrole / gaz / énergie et contribuer aux objectifs de l'équipe. Profil recherché : BAC minimum, au moins 3 an(s) d'expérience. Compétences requises : qhse, gestion de plateforme, forage, inspection technique. Qualités attendues : communication, sens de l'organisation."
O0102,Chargé de clientèle,Entreprise Mayombe,Brazzaville,Banque / Finance,CDI,Licence (BAC+3),0,1200000,conformité bancaire; analyse financière; gestion de trésorerie; comptabilité; fiscalité,autonomie; sens de l'organisation,"Entreprise Mayombe recrute un(e) Chargé de clientèle à Brazzaville en CDI. Missions : intervenir sur des activités de banque / finance et contribuer aux objectifs de l'équipe. Profil recherché : Licence (BAC+3) minimum, au moins 0 an(s) d'expérience. Compétences requises : conformité bancaire, analyse financière, gestion de trésorerie, comptabilité, fiscalité. Qualités attendues : autonomie, sens de l'organisation."
O0103,Technicien informatique,Entreprise Mayombe,Owando,Informatique / IT,CDD,BAC,3,200000,php; développement mobile; machine learning,leadership; adaptabilité,"Entreprise Mayombe recrute un(e) Technicien informatique à Owando en CDD. Missions : intervenir sur des activités de informatique / it et contribuer aux objectifs de l'équipe. Profil recherché : BAC minimum, au moins 3 an(s) d'expérience. Compétences requises : php, développement mobile, machine learning. Qualités attendues : leadership, adaptabilité."
O0104,Opérateur de production,Groupe Batéké,Madingou,Pétrole / Gaz / Énergie,Consultance,Master (BAC+5),0,250000,instrumentation; électromécanique; production pétrolière,prise d'initiative; adaptabilité,"Groupe Batéké recrute un(e) Opérateur de production à Madingou en Consultance. Missions : intervenir sur des activités de pétrole / gaz / énergie et contribuer aux objectifs de l'équipe. Profil recherché : Master (BAC+5) minimum, au moins 0 an(s) d'expérience. Compétences requises : instrumentation, électromécanique, production pétrolière. Qualités attendues : prise d'initiative, adaptabilité."
O0105,Chef d'exploitation,Agence Plateaux,Madingou,Agriculture / Agroalimentaire,CDD,BEPC,1,400000,pêche; maraîchage; élevage; transformation alimentaire,prise d'initiative; autonomie,"Agence Plateaux recrute un(e) Chef d'exploitation à Madingou en CDD. Missions : intervenir sur des activités de agriculture / agroalimentaire et contribuer aux objectifs de l'équipe. Profil recherché : BEPC minimum, au moins 1 an(s) d'expérience. Compétences requises : pêche, maraîchage, élevage, transformation alimentaire. Qualités attendues : prise d'initiative, autonomie."
O0106,Technicien HSE,Agence Kouilou,Pointe-Noire,Pétrole / Gaz / Énergie,CDI,Licence (BAC+3),3,700000,qhse; hse; électromécanique; gestion de plateforme,gestion du temps; esprit d'analyse,"Agence Kouilou recrute un(e) Technicien HSE à Pointe-Noire en CDI. Missions : intervenir sur des activités de pétrole / gaz / énergie et contribuer aux objectifs de l'équipe. Profil recherché : Licence (BAC+3) minimum, au moins 3 an(s) d'expérience. Compétences requises : qhse, hse, électromécanique, gestion de plateforme. Qualités attendues : gestion du temps, esprit d'analyse."
O0107,Comptable,Agence Alima,Pointe-Noire,Banque / Finance,CDD,Master (BAC+5),2,250000,analyse financière; ohada; microfinance; contrôle de gestion; sage comptabilité,esprit d'analyse; gestion du temps,"Agence Alima recrute un(e) Comptable à Pointe-Noire en CDD. Missions : intervenir sur des activités de banque / finance et contribuer aux objectifs de l'équipe. Profil recherché : Master (BAC+5) minimum, au moins 2 an(s) d'expérience. Compétences requises : analyse financière, ohada, microfinance, contrôle de gestion, sage comptabilité. Qualités attendues : esprit d'analyse, gestion du temps."
O0108,Répétiteur,Groupe Sangha,Nkayi,Éducation / Formation,CDI,Licence (BAC+3),2,200000,encadrement scolaire; alphabétisation; conception de programmes; formation professionnelle; enseignement; pédagogie,communication; gestion du temps,"Groupe Sangha recrute un(e) Répétiteur à Nkayi en CDI. Missions : intervenir sur des activités de éducation / formation et contribuer aux objectifs de l'équipe. Profil recherché : Licence (BAC+3) minimum, au moins 2 an(s) d'expérience. Compétences requises : encadrement scolaire, alphabétisation, conception de programmes, formation professionnelle, enseignement, pédagogie. Qualités attendues : communication, gestion du temps."
O0109,Technicien informatique,Compagnie Niari,Ouesso,Informatique / IT,Consultance,BAC,0,250000,développement web; cybersécurité; administration réseau,leadership; communication,"Compagnie Niari recrute un(e) Technicien informatique à Ouesso en Consultance. Missions : intervenir sur des activités de informatique / it et contribuer aux objectifs de l'équipe. Profil recherché : BAC minimum, au moins 0 an(s) d'expérience. Compétences requises : développement web, cybersécurité, administration réseau. Qualités attendues : leadership, communication."
O0110,Agent de microfinance,Agence M'Foa,Sibiti,Banque / Finance,CDD,Sans diplôme,2,200000,gestion de trésorerie; ohada; sage comptabilité; comptabilité; contrôle de gestion; audit,communication; leadership,"Agence M'Foa recrute un(e) Agent de microfinance à Sibiti en CDD. Missions : intervenir sur des activités de banque / finance et contribuer aux objectifs de l'équipe. Profil recherché : Sans diplôme minimum, au moins 2 an(s) d'expérience. Compétences requises : gestion de trésorerie, ohada, sage comptabilité, comptabilité, contrôle de gestion, audit. Qualités attendues : communication, leadership."
O0111,Superviseur QHSE,Entreprise Léfini,Nkayi,Pétrole / Gaz / Énergie,CDI,BAC+2 (BTS/DUT),0,250000,forage; hse; électromécanique; gestion de plateforme,communication; rigueur,"Entreprise Léfini recrute un(e) Superviseur QHSE à Nkayi en CDI. Missions : intervenir sur des activités de pétrole / gaz / énergie et contribuer aux objectifs de l'équipe. Profil recherché : BAC+2 (BTS/DUT) minimum, au moins 0 an(s) d'expérience. Compétences requises : forage, hse, électromécanique, gestion de plateforme. Qualités attendues : communication, rigueur."
O0112,Agent de microfinance,Cabinet Mayombe,Pointe-Noire,Banque / Finance,CDD,BEPC,0,250000,conformité bancaire; microfinance; contrôle de gestion; ohada; sage comptabilité,travail en équipe; autonomie,"Cabinet Mayombe recrute un(e) Agent de microfinance à Pointe-Noire en CDD. Missions : intervenir sur des activités de banque / finance et contribuer aux objectifs de l'équipe. Profil recherché : BEPC minimum, au moins 0 an(s) d'expérience. Compétences requises : conformité bancaire, microfinance, contrôle de gestion, ohada, sage comptabilité. Qualités attendues : travail en équipe, autonomie."
O0113,Administrateur réseau,Entreprise Mayombe,Brazzaville,Informatique / IT,Intérim,BAC+2 (BTS/DUT),3,1200000,bases de données; administration réseau; cybersécurité; linux; sql; maintenance informatique,sens de l'organisation; autonomie,"Entreprise Mayombe recrute un(e) Administrateur réseau à Brazzaville en Intérim. Missions : intervenir sur des activités de informatique / it et contribuer aux objectifs de l'équipe. Profil recherché : BAC+2 (BTS/DUT) minimum, au moins 3 an(s) d'expérience. Compétences requises : bases de données, administration réseau, cybersécurité, linux, sql, maintenance informatique. Qualités attendues : sens de l'organisation, autonomie."
O0114,Réceptionniste,Agence Batéké,Nkayi,Hôtellerie / Restauration,CDI,BAC+2 (BTS/DUT),1,500000,gestion hôtelière; cuisine; service en salle; housekeeping; pâtisserie; réception hôtelière,esprit d'analyse; prise d'initiative,"Agence Batéké recrute un(e) Réceptionniste à Nkayi en CDI. Missions : intervenir sur des activités de hôtellerie / restauration et contribuer aux objectifs de l'équipe. Profil recherché : BAC+2 (BTS/DUT) minimum, au moins 1 an(s) d'expérience. Compétences requises : gestion hôtelière, cuisine, service en salle, housekeeping, pâtisserie, réception hôtelière. Qualités attendues : esprit d'analyse, prise d'initiative."
O0115,Topographe,Compagnie Alima,Pointe-Noire,BTP / Construction,CDI,BAC,0,150000,topographie; maçonnerie; métré,prise d'initiative; adaptabilité,"Compagnie Alima recrute un(e) Topographe à Pointe-Noire en CDI. Missions : intervenir sur des activités de btp / construction et contribuer aux objectifs de l'équipe. Profil recherché : BAC minimum, au moins 0 an(s) d'expérience. Compétences requises : topographie, maçonnerie, métré. Qualités attendues : prise d'initiative, adaptabilité."
O0116,Agronome,Société Sangha,Brazzaville,Agriculture / Agroalimentaire,CDI,Licence (BAC+3),2,400000,élevage; transformation alimentaire; agronomie,prise d'initiative; travail en équipe,"Société Sangha recrute un(e) Agronome à Brazzaville en CDI. Missions : intervenir sur des activités de agriculture / agroalimentaire et contribuer aux objectifs de l'équipe. Profil recherché : Licence (BAC+3) minimum, au moins 2 an(s) d'expérience. Compétences requises : élevage, transformation alimentaire, agronomie. Qualités attendues : prise d'initiative, travail en équipe."
O0117,Déclarant en douane,Société M'Foa,Pointe-Noire,Logistique / Transport,CDD,Licence (BAC+3),1,250000,conduite poids lourds; gestion de flotte; magasinage; douane,leadership; communication,"Société M'Foa recrute un(e) Déclarant en douane à Pointe-Noire en CDD. Missions : intervenir sur des activités de logistique / transport et contribuer aux objectifs de l'équipe. Profil recherché : Licence (BAC+3) minimum, au moins 1 an(s) d'expérience. Compétences requises : conduite poids lourds, gestion de flotte, magasinage, douane. Qualités attendues : leadership, communication."
O0118,Répétiteur,Agence Mayombe,Dolisie,Éducation / Formation,Consultance,BEPC,5,250000,formation professionnelle; pédagogie; encadrement scolaire,esprit d'analyse; communication,"Agence Mayombe recrute un(e) Répétiteur à Dolisie en Consultance. Missions : intervenir sur des activités de éducation / formation et contribuer aux objectifs de l'équipe. Profil recherché : BEPC minimum, au moins 5 an(s) d'expérience. Compétences requises : formation professionnelle, pédagogie, encadrement scolaire. Qualités attendues : esprit d'analyse, communication."
O0119,Chef d'exploitation,Société Plateaux,Pointe-Noire,Agriculture / Agroalimentaire,Intérim,Master (BAC+5),1,900000,sylviculture; élevage; transformation alimentaire; gestion coopérative; pêche; maraîchage,travail en équipe; gestion du temps,"Société Plateaux recrute un(e) Chef d'exploitation à Pointe-Noire en Intérim. Missions : intervenir sur des activités de agriculture / agroalimentaire et contribuer aux objectifs de l'équipe. Profil recherché : Master (BAC+5) minimum, au moins 1 an(s) d'expérience. Compétences requises : sylviculture, élevage, transformation alimentaire, gestion coopérative, pêche, maraîchage. Qualités attendues : travail en équipe, gestion du temps."
O0120,Technicien informatique,Compagnie du Fleuve,Brazzaville,Informatique / IT,CDI,Master (BAC+5),1,500000,cybersécurité; machine learning; analyse de données; java; administration réseau,communication; esprit d'analyse,"Compagnie du Fleuve recrute un(e) Technicien informatique à Brazzaville en CDI. Missions : intervenir sur des activités de informatique / it et contribuer aux objectifs de l'équipe. Profil recherché : Master (BAC+5) minimum, au moins 1 an(s) d'expérience. Compétences requises : cybersécurité, machine learning, analyse de données, java, administration réseau. Qualités attendues : communication, esprit d'analyse."
O0121,Opérateur de production,Entreprise Sangha,Pointe-Noire,Pétrole / Gaz / Énergie,Consultance,Licence (BAC+3),0,250000,instrumentation; tuyauterie; qhse; gestion de plateforme; électromécanique; production pétrolière,communication; esprit d'analyse,"Entreprise Sangha recrute un(e) Opérateur de production à Pointe-Noire en Consultance. Missions : intervenir sur des activités de pétrole / gaz / énergie et contribuer aux objectifs de l'équipe. Profil recherché : Licence (BAC+3) minimum, au moins 0 an(s) d'expérience. Compétences requises : instrumentation, tuyauterie, qhse, gestion de plateforme, électromécanique, production pétrolière. Qualités attendues : communication, esprit d'analyse."
O0122,Chef d'exploitation,Compagnie Batéké,Nkayi,Agriculture / Agroalimentaire,CDI,BAC,3,200000,agronomie; pêche; maraîchage; gestion coopérative; élevage,travail en équipe; prise d'initiative,"Compagnie Batéké recrute un(e) Chef d'exploitation à Nkayi en CDI. Missions : intervenir sur des activités de agriculture / agroalimentaire et contribuer aux objectifs de l'équipe. Profil recherché : BAC minimum, au moins 3 an(s) d'expérience. Compétences requises : agronomie, pêche, maraîchage, gestion coopérative, élevage. Qualités attendues : travail en équipe, prise d'initiative."
O0123,Agent de microfinance,Agence du Fleuve,Nkayi,Banque / Finance,CDI,BAC+2 (BTS/DUT),2,250000,audit; gestion de trésorerie; microfinance; conformité bancaire; contrôle de gestion; comptabilité,adaptabilité; esprit d'analyse,"Agence du Fleuve recrute un(e) Agent de microfinance à Nkayi en CDI. Missions : intervenir sur des activités de banque / finance et contribuer aux objectifs de l'équipe. Profil recherché : BAC+2 (BTS/DUT) minimum, au moins 2 an(s) d'expérience. Compétences requises : audit, gestion de trésorerie, microfinance, conformité bancaire, contrôle de gestion, comptabilité. Qualités attendues : adaptabilité, esprit d'analyse."
O0124,Répétiteur,Groupe Niari,Brazzaville,Éducation / Formation,CDD,Licence (BAC+3),1,1200000,conception de programmes; formation professionnelle; enseignement; pédagogie,adaptabilité; esprit d'analyse,"Groupe Niari recrute un(e) Répétiteur à Brazzaville en CDD. Missions : intervenir sur des activités de éducation / formation et contribuer aux objectifs de l'équipe. Profil recherché : Licence (BAC+3) minimum, au moins 1 an(s) d'expérience. Compétences requises : conception de programmes, formation professionnelle, enseignement, pédagogie. Qualités attendues : adaptabilité, esprit d'analyse."
O0125,Auditeur junior,Compagnie Kouilou,Brazzaville,Banque / Finance,CDI,BAC,8,700000,sage comptabilité; comptabilité; microfinance; ohada; gestion des risques,adaptabilité; gestion du temps,"Compagnie Kouilou recrute un(e) Auditeur junior à Brazzaville en CDI. Missions : intervenir sur des activités de banque / finance et contribuer aux objectifs de l'équipe. Profil recherché : BAC minimum, au moins 8 an(s) d'expérience. Compétences requises : sage comptabilité, comptabilité, microfinance, ohada, gestion des risques. Qualités attendues : adaptabilité, gestion du temps."
O0126,Ingénieur radio,Groupe Congo Services,Owando,Télécommunications,CDD,Licence (BAC+3),1,400000,réseaux mobiles; fibre optique; transmission,gestion du temps; communication,"Groupe Congo Services recrute un(e) Ingénieur radio à Owando en CDD. Missions : intervenir sur des activités de télécommunications et contribuer aux objectifs de l'équipe. Profil recherché : Licence (BAC+3) minimum, au moins 1 an(s) d'expérience. Compétences requises : réseaux mobiles, fibre optique, transmission. Qualités attendues : gestion du temps, communication."
O0127,Superviseur QHSE,Société Loango,Sibiti,Pétrole / Gaz / Énergie,CDD,Licence (BAC+3),2,700000,instrumentation; hse; maintenance industrielle; électromécanique; inspection technique,esprit d'analyse; prise d'initiative,"Société Loango recrute un(e) Superviseur QHSE à Sibiti en CDD. Missions : intervenir sur des activités de pétrole / gaz / énergie et contribuer aux objectifs de l'équipe. Profil recherché : Licence (BAC+3) minimum, au moins 2 an(s) d'expérience. Compétences requises : instrumentation, hse, maintenance industrielle, électromécanique, inspection technique. Qualités attendues : esprit d'analyse, prise d'initiative."
O0128,Secrétaire de direction,Agence Batéké,Brazzaville,Administration / RH / Juridique,Consultance,BAC+2 (BTS/DUT),1,200000,droit du travail; archivage; rédaction juridique,adaptabilité; travail en équipe,"Agence Batéké recrute un(e) Secrétaire de direction à Brazzaville en Consultance. Missions : intervenir sur des activités de administration / rh / juridique et contribuer aux objectifs de l'équipe. Profil recherché : BAC+2 (BTS/DUT) minimum, au moins 1 an(s) d'expérience. Compétences requises : droit du travail, archivage, rédaction juridique. Qualités attendues : adaptabilité, travail en équipe."
O0129,Gestionnaire de flotte,Cabinet Batéké,Brazzaville,Logistique / Transport,CDD,Licence (BAC+3),0,250000,supply chain; douane; conduite poids lourds,esprit d'analyse; communication,"Cabinet Batéké recrute un(e) Gestionnaire de flotte à Brazzaville en CDD. Missions : intervenir sur des activités de logistique / transport et contribuer aux objectifs de l'équipe. Profil recherché : Licence (BAC+3) minimum, au moins 0 an(s) d'expérience. Compétences requises : supply chain, douane, conduite poids lourds. Qualités attendues : esprit d'analyse, communication."
O0130,Topographe,Agence Niari,Pointe-Noire,BTP / Construction,Consultance,Licence (BAC+3),0,900000,dessin technique; menuiserie; plomberie; génie civil,adaptabilité; prise d'initiative,"Agence Niari recrute un(e) Topographe à Pointe-Noire en Consultance. Missions : intervenir sur des activités de btp / construction et contribuer aux objectifs de l'équipe. Profil recherché : Licence (BAC+3) minimum, au moins 0 an(s) d'expérience. Compétences requises : dessin technique, menuiserie, plomberie, génie civil. Qualités attendues : adaptabilité, prise d'initiative."
O0131,Répétiteur,Entreprise Kouilou,Pointe-Noire,Éducation / Formation,CDI,BAC,2,700000,formation professionnelle; encadrement scolaire; conception de programmes; alphabétisation; pédagogie,communication; leadership,"Entreprise Kouilou recrute un(e) Répétiteur à Pointe-Noire en CDI. Missions : intervenir sur des activités de éducation / formation et contribuer aux objectifs de l'équipe. Profil recherché : BAC minimum, au moins 2 an(s) d'expérience. Compétences requises : formation professionnelle, encadrement scolaire, conception de programmes, alphabétisation, pédagogie. Qualités attendues : communication, leadership."
O0132,Superviseur réseau,Société Djoué,Pointe-Noire,Télécommunications,Stage,BAC+2 (BTS/DUT),3,1200000,voip; maintenance télécom; fibre optique; radiofréquence; bss/oss,communication; travail en équipe,"Société Djoué recrute un(e) Superviseur réseau à Pointe-Noire en Stage. Missions : intervenir sur des activités de télécommunications et contribuer aux objectifs de l'équipe. Profil recherché : BAC+2 (BTS/DUT) minimum, au moins 3 an(s) d'expérience. Compétences requises : voip, maintenance télécom, fibre optique, radiofréquence, bss/oss. Qualités attendues : communication, travail en équipe."
O0133,Chargé de marketing,Entreprise Batéké,Ouesso,Commerce / Vente / Marketing,Intérim,BEPC,2,500000,community management; merchandising; négociation commerciale,rigueur; esprit d'analyse,"Entreprise Batéké recrute un(e) Chargé de marketing à Ouesso en Intérim. Missions : intervenir sur des activités de commerce / vente / marketing et contribuer aux objectifs de l'équipe. Profil recherché : BEPC minimum, au moins 2 an(s) d'expérience. Compétences requises : community management, merchandising, négociation commerciale. Qualités attendues : rigueur, esprit d'analyse."
O0134,Superviseur réseau,Agence Alima,Ouesso,Télécommunications,Stage,BAC,5,700000,transmission; réseaux mobiles; maintenance télécom,autonomie; prise d'initiative,"Agence Alima recrute un(e) Superviseur réseau à Ouesso en Stage. Missions : intervenir sur des activités de télécommunications et contribuer aux objectifs de l'équipe. Profil recherché : BAC minimum, au moins 5 an(s) d'expérience. Compétences requises : transmission, réseaux mobiles, maintenance télécom. Qualités attendues : autonomie, prise d'initiative."
O0135,Administrateur réseau,Groupe Loango,Brazzaville,Informatique / IT,Intérim,BAC+2 (BTS/DUT),5,700000,python; excel avancé; javascript,adaptabilité; sens de l'organisation,"Groupe Loango recrute un(e) Administrateur réseau à Brazzaville en Intérim. Missions : intervenir sur des activités de informatique / it et contribuer aux objectifs de l'équipe. Profil recherché : BAC+2 (BTS/DUT) minimum, au moins 5 an(s) d'expérience. Compétences requises : python, excel avancé, javascript. Qualités attendues : adaptabilité, sens de l'organisation."
O0136,Formateur professionnel,Société Djoué,Brazzaville,Éducation / Formation,Stage,BAC+2 (BTS/DUT),2,1200000,enseignement; encadrement scolaire; conception de programmes; alphabétisation; pédagogie; formation professionnelle,gestion du temps; adaptabilité,"Société Djoué recrute un(e) Formateur professionnel à Brazzaville en Stage. Missions : intervenir sur des activités de éducation / formation et contribuer aux objectifs de l'équipe. Profil recherché : BAC+2 (BTS/DUT) minimum, au moins 2 an(s) d'expérience. Compétences requises : enseignement, encadrement scolaire, conception de programmes, alphabétisation, pédagogie, formation professionnelle. Qualités attendues : gestion du temps, adaptabilité."
O0137,Assistant juridique,Société M'Foa,Brazzaville,Administration / RH / Juridique,CDD,Licence (BAC+3),0,1200000,droit du travail; archivage; paie; gestion des ressources humaines; gestion administrative,travail en équipe; gestion du temps,"Société M'Foa recrute un(e) Assistant juridique à Brazzaville en CDD. Missions : intervenir sur des activités de administration / rh / juridique et contribuer aux objectifs de l'équipe. Profil recherché : Licence (BAC+3) minimum, au moins 0 an(s) d'expérience. Compétences requises : droit du travail, archivage, paie, gestion des ressources humaines, gestion administrative. Qualités attendues : travail en équipe, gestion du temps."
O0138,Enseignant,Compagnie Djoué,Dolisie,Éducation / Formation,Stage,Licence (BAC+3),1,700000,conception de programmes; formation professionnelle; pédagogie; enseignement,rigueur; autonomie,"Compagnie Djoué recrute un(e) Enseignant à Dolisie en Stage. Missions : intervenir sur des activités de éducation / formation et contribuer aux objectifs de l'équipe. Profil recherché : Licence (BAC+3) minimum, au moins 1 an(s) d'expérience. Compétences requises : conception de programmes, formation professionnelle, pédagogie, enseignement. Qualités attendues : rigueur, autonomie."
O0139,Data Analyst,Groupe du Fleuve,Brazzaville,Informatique / IT,CDI,Master (BAC+5),0,400000,excel avancé; javascript; bases de données,travail en équipe; communication,"Groupe du Fleuve recrute un(e) Data Analyst à Brazzaville en CDI. Missions : intervenir sur des activités de informatique / it et contribuer aux objectifs de l'équipe. Profil recherché : Master (BAC+5) minimum, au moins 0 an(s) d'expérience. Compétences requises : excel avancé, javascript, bases de données. Qualités attendues : travail en équipe, communication."
O0140,Superviseur QHSE,Compagnie Djoué,Brazzaville,Pétrole / Gaz / Énergie,CDD,Master (BAC+5),0,700000,maintenance industrielle; soudure; production pétrolière; tuyauterie; gestion de plateforme,travail en équipe; gestion du temps,"Compagnie Djoué recrute un(e) Superviseur QHSE à Brazzaville en CDD. Missions : intervenir sur des activités de pétrole / gaz / énergie et contribuer aux objectifs de l'équipe. Profil recherché : Master (BAC+5) minimum, au moins 0 an(s) d'expérience. Compétences requises : maintenance industrielle, soudure, production pétrolière, tuyauterie, gestion de plateforme. Qualités attendues : travail en équipe, gestion du temps."
O0141,Community manager,Société Mayombe,Brazzaville,Commerce / Vente / Marketing,Intérim,BAC,0,1200000,community management; vente; négociation commerciale; étude de marché,prise d'initiative; travail en équipe,"Société Mayombe recrute un(e) Community manager à Brazzaville en Intérim. Missions : intervenir sur des activités de commerce / vente / marketing et contribuer aux objectifs de l'équipe. Profil recherché : BAC minimum, au moins 0 an(s) d'expérience. Compétences requises : community management, vente, négociation commerciale, étude de marché. Qualités attendues : prise d'initiative, travail en équipe."
O0142,Chef d'exploitation,Société Sangha,Brazzaville,Agriculture / Agroalimentaire,CDD,Licence (BAC+3),2,300000,élevage; gestion coopérative; agronomie,sens de l'organisation; travail en équipe,"Société Sangha recrute un(e) Chef d'exploitation à Brazzaville en CDD. Missions : intervenir sur des activités de agriculture / agroalimentaire et contribuer aux objectifs de l'équipe. Profil recherché : Licence (BAC+3) minimum, au moins 2 an(s) d'expérience. Compétences requises : élevage, gestion coopérative, agronomie. Qualités attendues : sens de l'organisation, travail en équipe."
O0143,Auditeur junior,Entreprise Loango,Pointe-Noire,Banque / Finance,CDI,BAC,8,900000,analyse financière; fiscalité; sage comptabilité,esprit d'analyse; rigueur,"Entreprise Loango recrute un(e) Auditeur junior à Pointe-Noire en CDI. Missions : intervenir sur des activités de banque / finance et contribuer aux objectifs de l'équipe. Profil recherché : BAC minimum, au moins 8 an(s) d'expérience. Compétences requises : analyse financière, fiscalité, sage comptabilité. Qualités attendues : esprit d'analyse, rigueur."
O0144,Formateur professionnel,Entreprise M'Foa,Dolisie,Éducation / Formation,CDD,BAC,1,900000,pédagogie; alphabétisation; formation professionnelle; encadrement scolaire; enseignement,prise d'initiative; autonomie,"Entreprise M'Foa recrute un(e) Formateur professionnel à Dolisie en CDD. Missions : intervenir sur des activités de éducation / formation et contribuer aux objectifs de l'équipe. Profil recherché : BAC minimum, au moins 1 an(s) d'expérience. Compétences requises : pédagogie, alphabétisation, formation professionnelle, encadrement scolaire, enseignement. Qualités attendues : prise d'initiative, autonomie."
O0145,Serveur,Cabinet Kouilou,Brazzaville,Hôtellerie / Restauration,CDI,BAC+2 (BTS/DUT),2,150000,gestion hôtelière; cuisine; housekeeping; service en salle; pâtisserie,prise d'initiative; adaptabilité,"Cabinet Kouilou recrute un(e) Serveur à Brazzaville en CDI. Missions : intervenir sur des activités de hôtellerie / restauration et contribuer aux objectifs de l'équipe. Profil recherché : BAC+2 (BTS/DUT) minimum, au moins 2 an(s) d'expérience. Compétences requises : gestion hôtelière, cuisine, housekeeping, service en salle, pâtisserie. Qualités attendues : prise d'initiative, adaptabilité."
O0146,Assistant juridique,Groupe Plateaux,Brazzaville,Administration / RH / Juridique,CDD,BAC,3,500000,rédaction juridique; secrétariat; gestion des ressources humaines; archivage; paie,adaptabilité; gestion du temps,"Groupe Plateaux recrute un(e) Assistant juridique à Brazzaville en CDD. Missions : intervenir sur des activités de administration / rh / juridique et contribuer aux objectifs de l'équipe. Profil recherché : BAC minimum, au moins 3 an(s) d'expérience. Compétences requises : rédaction juridique, secrétariat, gestion des ressources humaines, archivage, paie. Qualités attendues : adaptabilité, gestion du temps."
O0147,Infirmier diplômé d'État,Compagnie M'Foa,Owando,Santé,CDD,Licence (BAC+3),2,700000,kinésithérapie; nutrition; soins infirmiers,adaptabilité; rigueur,"Compagnie M'Foa recrute un(e) Infirmier diplômé d'État à Owando en CDD. Missions : intervenir sur des activités de santé et contribuer aux objectifs de l'équipe. Profil recherché : Licence (BAC+3) minimum, au moins 2 an(s) d'expérience. Compétences requises : kinésithérapie, nutrition, soins infirmiers. Qualités attendues : adaptabilité, rigueur."
O0148,Chef de chantier,Entreprise Niari,Nkayi,BTP / Construction,CDI,BAC+2 (BTS/DUT),3,150000,topographie; électricité bâtiment; autocad; maçonnerie,prise d'initiative; gestion du temps,"Entreprise Niari recrute un(e) Chef de chantier à Nkayi en CDI. Missions : intervenir sur des activités de btp / construction et contribuer aux objectifs de l'équipe. Profil recherché : BAC+2 (BTS/DUT) minimum, au moins 3 an(s) d'expérience. Compétences requises : topographie, électricité bâtiment, autocad, maçonnerie. Qualités attendues : prise d'initiative, gestion du temps."
O0149,Data Analyst,Entreprise Kouilou,Brazzaville,Informatique / IT,Stage,Sans diplôme,1,150000,java; excel avancé; administration réseau; javascript; maintenance informatique; développement web,prise d'initiative; gestion du temps,"Entreprise Kouilou recrute un(e) Data Analyst à Brazzaville en Stage. Missions : intervenir sur des activités de informatique / it et contribuer aux objectifs de l'équipe. Profil recherché : Sans diplôme minimum, au moins 1 an(s) d'expérience. Compétences requises : java, excel avancé, administration réseau, javascript, maintenance informatique, développement web. Qualités attendues : prise d'initiative, gestion du temps."
O0150,Analyste financier,Compagnie Plateaux,Nkayi,Banque / Finance,Stage,BEPC,0,400000,gestion des risques; ohada; comptabilité,adaptabilité; travail en équipe,"Compagnie Plateaux recrute un(e) Analyste financier à Nkayi en Stage. Missions : intervenir sur des activités de banque / finance et contribuer aux objectifs de l'équipe. Profil recherché : BEPC minimum, au moins 0 an(s) d'expérience. Compétences requises : gestion des risques, ohada, comptabilité. Qualités attendues : adaptabilité, travail en équipe."
O0151,Pharmacien assistant,Compagnie M'Foa,Pointe-Noire,Santé,CDD,Master (BAC+5),1,200000,kinésithérapie; sage-femme; santé publique,travail en équipe; gestion du temps,"Compagnie M'Foa recrute un(e) Pharmacien assistant à Pointe-Noire en CDD. Missions : intervenir sur des activités de santé et contribuer aux objectifs de l'équipe. Profil recherché : Master (BAC+5) minimum, au moins 1 an(s) d'expérience. Compétences requises : kinésithérapie, sage-femme, santé publique. Qualités attendues : travail en équipe, gestion du temps."
O0152,Technicien HSE,Société Léfini,Dolisie,Pétrole / Gaz / Énergie,Stage,BEPC,1,1200000,forage; qhse; hse; production pétrolière,adaptabilité; gestion du temps,"Société Léfini recrute un(e) Technicien HSE à Dolisie en Stage. Missions : intervenir sur des activités de pétrole / gaz / énergie et contribuer aux objectifs de l'équipe. Profil recherché : BEPC minimum, au moins 1 an(s) d'expérience. Compétences requises : forage, qhse, hse, production pétrolière. Qualités attendues : adaptabilité, gestion du temps."
O0153,Data Analyst,Groupe M'Foa,Nkayi,Informatique / IT,CDI,BAC+2 (BTS/DUT),1,250000,java; python; sql,communication; autonomie,"Groupe M'Foa recrute un(e) Data Analyst à Nkayi en CDI. Missions : intervenir sur des activités de informatique / it et contribuer aux objectifs de l'équipe. Profil recherché : BAC+2 (BTS/DUT) minimum, au moins 1 an(s) d'expérience. Compétences requises : java, python, sql. Qualités attendues : communication, autonomie."
O0154,Commercial terrain,Compagnie Sangha,Brazzaville,Commerce / Vente / Marketing,CDD,BAC+2 (BTS/DUT),3,900000,étude de marché; marketing digital; merchandising; community management,gestion du temps; esprit d'analyse,"Compagnie Sangha recrute un(e) Commercial terrain à Brazzaville en CDD. Missions : intervenir sur des activités de commerce / vente / marketing et contribuer aux objectifs de l'équipe. Profil recherché : BAC+2 (BTS/DUT) minimum, au moins 3 an(s) d'expérience. Compétences requises : étude de marché, marketing digital, merchandising, community management. Qualités attendues : gestion du temps, esprit d'analyse."
O0155,Gouvernante,Agence du Fleuve,Pointe-Noire,Hôtellerie / Restauration,Stage,Licence (BAC+3),2,300000,cuisine; réception hôtelière; gestion hôtelière; housekeeping,communication; adaptabilité,"Agence du Fleuve recrute un(e) Gouvernante à Pointe-Noire en Stage. Missions : intervenir sur des activités de hôtellerie / restauration et contribuer aux objectifs de l'équipe. Profil recherché : Licence (BAC+3) minimum, au moins 2 an(s) d'expérience. Compétences requises : cuisine, réception hôtelière, gestion hôtelière, housekeeping. Qualités attendues : communication, adaptabilité."
O0156,Superviseur QHSE,Cabinet Sangha,Brazzaville,Pétrole / Gaz / Énergie,CDD,BEPC,1,1200000,maintenance industrielle; forage; qhse,esprit d'analyse; gestion du temps,"Cabinet Sangha recrute un(e) Superviseur QHSE à Brazzaville en CDD. Missions : intervenir sur des activités de pétrole / gaz / énergie et contribuer aux objectifs de l'équipe. Profil recherché : BEPC minimum, au moins 1 an(s) d'expérience. Compétences requises : maintenance industrielle, forage, qhse. Qualités attendues : esprit d'analyse, gestion du temps."
O0157,Déclarant en douane,Société Kouilou,Pointe-Noire,Logistique / Transport,Stage,Licence (BAC+3),8,300000,magasinage; transit; supply chain; gestion de flotte,adaptabilité; gestion du temps,"Société Kouilou recrute un(e) Déclarant en douane à Pointe-Noire en Stage. Missions : intervenir sur des activités de logistique / transport et contribuer aux objectifs de l'équipe. Profil recherché : Licence (BAC+3) minimum, au moins 8 an(s) d'expérience. Compétences requises : magasinage, transit, supply chain, gestion de flotte. Qualités attendues : adaptabilité, gestion du temps."
O0158,Formateur professionnel,Entreprise Sangha,Brazzaville,Éducation / Formation,CDD,BAC+2 (BTS/DUT),0,1200000,encadrement scolaire; enseignement; pédagogie; conception de programmes; alphabétisation,communication; rigueur,"Entreprise Sangha recrute un(e) Formateur professionnel à Brazzaville en CDD. Missions : intervenir sur des activités de éducation / formation et contribuer aux objectifs de l'équipe. Profil recherché : BAC+2 (BTS/DUT) minimum, au moins 0 an(s) d'expérience. Compétences requises : encadrement scolaire, enseignement, pédagogie, conception de programmes, alphabétisation. Qualités attendues : communication, rigueur."
O0159,Agent de transit,Société Djoué,Brazzaville,Logistique / Transport,CDI,BAC+2 (BTS/DUT),2,200000,conduite poids lourds; gestion de flotte; transit,leadership; gestion du temps,"Société Djoué recrute un(e) Agent de transit à Brazzaville en CDI. Missions : intervenir sur des activités de logistique / transport et contribuer aux objectifs de l'équipe. Profil recherché : BAC+2 (BTS/DUT) minimum, au moins 2 an(s) d'expérience. Compétences requises : conduite poids lourds, gestion de flotte, transit. Qualités attendues : leadership, gestion du temps."
O0160,Répétiteur,Société Alima,Pointe-Noire,Éducation / Formation,CDD,BAC+2 (BTS/DUT),2,300000,formation professionnelle; pédagogie; conception de programmes; enseignement,prise d'initiative; autonomie,"Société Alima recrute un(e) Répétiteur à Pointe-Noire en CDD. Missions : intervenir sur des activités de éducation / formation et contribuer aux objectifs de l'équipe. Profil recherché : BAC+2 (BTS/DUT) minimum, au moins 2 an(s) d'expérience. Compétences requises : formation professionnelle, pédagogie, conception de programmes, enseignement. Qualités attendues : prise d'initiative, autonomie."
O0161,Technicien HSE,Entreprise du Fleuve,Pointe-Noire,Pétrole / Gaz / Énergie,Stage,BAC,0,700000,gestion de plateforme; instrumentation; maintenance industrielle,communication; sens de l'organisation,"Entreprise du Fleuve recrute un(e) Technicien HSE à Pointe-Noire en Stage. Missions : intervenir sur des activités de pétrole / gaz / énergie et contribuer aux objectifs de l'équipe. Profil recherché : BAC minimum, au moins 0 an(s) d'expérience. Compétences requises : gestion de plateforme, instrumentation, maintenance industrielle. Qualités attendues : communication, sens de l'organisation."
O0162,Topographe,Agence Kouilou,Pointe-Noire,BTP / Construction,Stage,BEPC,3,900000,dessin technique; conduite de travaux; maçonnerie; métré; autocad; électricité bâtiment,prise d'initiative; autonomie,"Agence Kouilou recrute un(e) Topographe à Pointe-Noire en Stage. Missions : intervenir sur des activités de btp / construction et contribuer aux objectifs de l'équipe. Profil recherché : BEPC minimum, au moins 3 an(s) d'expérience. Compétences requises : dessin technique, conduite de travaux, maçonnerie, métré, autocad, électricité bâtiment. Qualités attendues : prise d'initiative, autonomie."
O0163,Réceptionniste,Compagnie du Fleuve,Pointe-Noire,Hôtellerie / Restauration,CDI,Sans diplôme,0,250000,réception hôtelière; cuisine; service en salle; gestion hôtelière,adaptabilité; esprit d'analyse,"Compagnie du Fleuve recrute un(e) Réceptionniste à Pointe-Noire en CDI. Missions : intervenir sur des activités de hôtellerie / restauration et contribuer aux objectifs de l'équipe. Profil recherché : Sans diplôme minimum, au moins 0 an(s) d'expérience. Compétences requises : réception hôtelière, cuisine, service en salle, gestion hôtelière. Qualités attendues : adaptabilité, esprit d'analyse."
O0164,Comptable,Cabinet Loango,Pointe-Noire,Banque / Finance,Intérim,Licence (BAC+3),0,300000,conformité bancaire; sage comptabilité; comptabilité; ohada; microfinance,rigueur; esprit d'analyse,"Cabinet Loango recrute un(e) Comptable à Pointe-Noire en Intérim. Missions : intervenir sur des activités de banque / finance et contribuer aux objectifs de l'équipe. Profil recherché : Licence (BAC+3) minimum, au moins 0 an(s) d'expérience. Compétences requises : conformité bancaire, sage comptabilité, comptabilité, ohada, microfinance. Qualités attendues : rigueur, esprit d'analyse."
O0165,Auditeur junior,Entreprise Congo Services,Brazzaville,Banque / Finance,CDD,Master (BAC+5),3,500000,audit; fiscalité; contrôle de gestion,esprit d'analyse; prise d'initiative,"Entreprise Congo Services recrute un(e) Auditeur junior à Brazzaville en CDD. Missions : intervenir sur des activités de banque / finance et contribuer aux objectifs de l'équipe. Profil recherché : Master (BAC+5) minimum, au moins 3 an(s) d'expérience. Compétences requises : audit, fiscalité, contrôle de gestion. Qualités attendues : esprit d'analyse, prise d'initiative."
O0166,Sage-femme,Cabinet Léfini,Brazzaville,Santé,CDD,Licence (BAC+3),5,300000,nutrition; soins infirmiers; laboratoire médical; santé publique; imagerie médicale,leadership; gestion du temps,"Cabinet Léfini recrute un(e) Sage-femme à Brazzaville en CDD. Missions : intervenir sur des activités de santé et contribuer aux objectifs de l'équipe. Profil recherché : Licence (BAC+3) minimum, au moins 5 an(s) d'expérience. Compétences requises : nutrition, soins infirmiers, laboratoire médical, santé publique, imagerie médicale. Qualités attendues : leadership, gestion du temps."
O0167,Gouvernante,Agence Sangha,Impfondo,Hôtellerie / Restauration,CDD,BAC+2 (BTS/DUT),5,400000,service en salle; cuisine; pâtisserie; housekeeping; gestion hôtelière,autonomie; sens de l'organisation,"Agence Sangha recrute un(e) Gouvernante à Impfondo en CDD. Missions : intervenir sur des activités de hôtellerie / restauration et contribuer aux objectifs de l'équipe. Profil recherché : BAC+2 (BTS/DUT) minimum, au moins 5 an(s) d'expérience. Compétences requises : service en salle, cuisine, pâtisserie, housekeeping, gestion hôtelière. Qualités attendues : autonomie, sens de l'organisation."
O0168,Pharmacien assistant,Société Niari,Nkayi,Santé,CDI,BAC+2 (BTS/DUT),3,200000,santé publique; laboratoire médical; pharmacie; soins infirmiers; imagerie médicale; sage-femme,communication; gestion du temps,"Société Niari recrute un(e) Pharmacien assistant à Nkayi en CDI. Missions : intervenir sur des activités de santé et contribuer aux objectifs de l'équipe. Profil recherché : BAC+2 (BTS/DUT) minimum, au moins 3 an(s) d'expérience. Compétences requises : santé publique, laboratoire médical, pharmacie, soins infirmiers, imagerie médicale, sage-femme. Qualités attendues : communication, gestion du temps."
O0169,Ingénieur radio,Cabinet du Fleuve,Brazzaville,Télécommunications,CDI,Licence (BAC+3),1,400000,voip; réseaux mobiles; maintenance télécom; transmission; bss/oss; fibre optique,autonomie; esprit d'analyse,"Cabinet du Fleuve recrute un(e) Ingénieur radio à Brazzaville en CDI. Missions : intervenir sur des activités de télécommunications et contribuer aux objectifs de l'équipe. Profil recherché : Licence (BAC+3) minimum, au moins 1 an(s) d'expérience. Compétences requises : voip, réseaux mobiles, maintenance télécom, transmission, bss/oss, fibre optique. Qualités attendues : autonomie, esprit d'analyse."
O0170,Administrateur réseau,Groupe du Fleuve,Nkayi,Informatique / IT,CDD,Licence (BAC+3),0,1200000,python; développement mobile; développement web; bases de données; excel avancé,travail en équipe; autonomie,"Groupe du Fleuve recrute un(e) Administrateur réseau à Nkayi en CDD. Missions : intervenir sur des activités de informatique / it et contribuer aux objectifs de l'équipe. Profil recherché : Licence (BAC+3) minimum, au moins 0 an(s) d'expérience. Compétences requises : python, développement mobile, développement web, bases de données, excel avancé. Qualités attendues : travail en équipe, autonomie."
O0171,Serveur,Entreprise Batéké,Brazzaville,Hôtellerie / Restauration,Stage,BAC+2 (BTS/DUT),1,700000,pâtisserie; service en salle; housekeeping; réception hôtelière,communication; autonomie,"Entreprise Batéké recrute un(e) Serveur à Brazzaville en Stage. Missions : intervenir sur des activités de hôtellerie / restauration et contribuer aux objectifs de l'équipe. Profil recherché : BAC+2 (BTS/DUT) minimum, au moins 1 an(s) d'expérience. Compétences requises : pâtisserie, service en salle, housekeeping, réception hôtelière. Qualités attendues : communication, autonomie."
O0172,Mécanicien industriel,Compagnie du Fleuve,Brazzaville,Pétrole / Gaz / Énergie,CDD,BAC,3,400000,gestion de plateforme; instrumentation; hse; soudure; électromécanique,adaptabilité; leadership,"Compagnie du Fleuve recrute un(e) Mécanicien industriel à Brazzaville en CDD. Missions : intervenir sur des activités de pétrole / gaz / énergie et contribuer aux objectifs de l'équipe. Profil recherché : BAC minimum, au moins 3 an(s) d'expérience. Compétences requises : gestion de plateforme, instrumentation, hse, soudure, électromécanique. Qualités attendues : adaptabilité, leadership."
O0173,Gestionnaire de flotte,Entreprise Niari,Pointe-Noire,Logistique / Transport,CDD,BAC+2 (BTS/DUT),3,500000,magasinage; douane; manutention portuaire; gestion de flotte; gestion de stock; transit,sens de l'organisation; esprit d'analyse,"Entreprise Niari recrute un(e) Gestionnaire de flotte à Pointe-Noire en CDD. Missions : intervenir sur des activités de logistique / transport et contribuer aux objectifs de l'équipe. Profil recherché : BAC+2 (BTS/DUT) minimum, au moins 3 an(s) d'expérience. Compétences requises : magasinage, douane, manutention portuaire, gestion de flotte, gestion de stock, transit. Qualités attendues : sens de l'organisation, esprit d'analyse."
O0174,Répétiteur,Société Plateaux,Brazzaville,Éducation / Formation,CDD,BAC+2 (BTS/DUT),3,400000,enseignement; encadrement scolaire; alphabétisation; pédagogie; conception de programmes; formation professionnelle,prise d'initiative; autonomie,"Société Plateaux recrute un(e) Répétiteur à Brazzaville en CDD. Missions : intervenir sur des activités de éducation / formation et contribuer aux objectifs de l'équipe. Profil recherché : BAC+2 (BTS/DUT) minimum, au moins 3 an(s) d'expérience. Compétences requises : enseignement, encadrement scolaire, alphabétisation, pédagogie, conception de programmes, formation professionnelle. Qualités attendues : prise d'initiative, autonomie."
O0175,Formateur professionnel,Cabinet Niari,Brazzaville,Éducation / Formation,CDD,Master (BAC+5),1,400000,alphabétisation; enseignement; conception de programmes; formation professionnelle; pédagogie; encadrement scolaire,communication; travail en équipe,"Cabinet Niari recrute un(e) Formateur professionnel à Brazzaville en CDD. Missions : intervenir sur des activités de éducation / formation et contribuer aux objectifs de l'équipe. Profil recherché : Master (BAC+5) minimum, au moins 1 an(s) d'expérience. Compétences requises : alphabétisation, enseignement, conception de programmes, formation professionnelle, pédagogie, encadrement scolaire. Qualités attendues : communication, travail en équipe."
O0176,Serveur,Compagnie Djoué,Pointe-Noire,Hôtellerie / Restauration,CDI,Licence (BAC+3),0,250000,cuisine; gestion hôtelière; pâtisserie,rigueur; sens de l'organisation,"Compagnie Djoué recrute un(e) Serveur à Pointe-Noire en CDI. Missions : intervenir sur des activités de hôtellerie / restauration et contribuer aux objectifs de l'équipe. Profil recherché : Licence (BAC+3) minimum, au moins 0 an(s) d'expérience. Compétences requises : cuisine, gestion hôtelière, pâtisserie. Qualités attendues : rigueur, sens de l'organisation."
O0177,Agent de transit,Société du Fleuve,Brazzaville,Logistique / Transport,CDD,BEPC,1,700000,manutention portuaire; transit; gestion de stock; gestion de flotte; supply chain; conduite poids lourds,sens de l'organisation; communication,"Société du Fleuve recrute un(e) Agent de transit à Brazzaville en CDD. Missions : intervenir sur des activités de logistique / transport et contribuer aux objectifs de l'équipe. Profil recherché : BEPC minimum, au moins 1 an(s) d'expérience. Compétences requises : manutention portuaire, transit, gestion de stock, gestion de flotte, supply chain, conduite poids lourds. Qualités attendues : sens de l'organisation, communication."
O0178,Déclarant en douane,Groupe Loango,Brazzaville,Logistique / Transport,Stage,BAC+2 (BTS/DUT),2,300000,douane; manutention portuaire; gestion de flotte; planification logistique; magasinage; supply chain,prise d'initiative; communication,"Groupe Loango recrute un(e) Déclarant en douane à Brazzaville en Stage. Missions : intervenir sur des activités de logistique / transport et contribuer aux objectifs de l'équipe. Profil recherché : BAC+2 (BTS/DUT) minimum, au moins 2 an(s) d'expérience. Compétences requises : douane, manutention portuaire, gestion de flotte, planification logistique, magasinage, supply chain. Qualités attendues : prise d'initiative, communication."
O0179,Chef pâtissier,Entreprise Batéké,Pointe-Noire,Hôtellerie / Restauration,Stage,BAC,2,900000,housekeeping; pâtisserie; réception hôtelière; service en salle,communication; esprit d'analyse,"Entreprise Batéké recrute un(e) Chef pâtissier à Pointe-Noire en Stage. Missions : intervenir sur des activités de hôtellerie / restauration et contribuer aux objectifs de l'équipe. Profil recherché : BAC minimum, au moins 2 an(s) d'expérience. Compétences requises : housekeeping, pâtisserie, réception hôtelière, service en salle. Qualités attendues : communication, esprit d'analyse."
O0180,Comptable,Groupe Niari,Pointe-Noire,Banque / Finance,CDI,Licence (BAC+3),3,500000,conformité bancaire; audit; microfinance; comptabilité; fiscalité,autonomie; travail en équipe,"Groupe Niari recrute un(e) Comptable à Pointe-Noire en CDI. Missions : intervenir sur des activités de banque / finance et contribuer aux objectifs de l'équipe. Profil recherché : Licence (BAC+3) minimum, au moins 3 an(s) d'expérience. Compétences requises : conformité bancaire, audit, microfinance, comptabilité, fiscalité. Qualités attendues : autonomie, travail en équipe."
O0181,Gouvernante,Entreprise Léfini,Pointe-Noire,Hôtellerie / Restauration,CDD,BEPC,2,500000,cuisine; service en salle; réception hôtelière; housekeeping; pâtisserie,adaptabilité; sens de l'organisation,"Entreprise Léfini recrute un(e) Gouvernante à Pointe-Noire en CDD. Missions : intervenir sur des activités de hôtellerie / restauration et contribuer aux objectifs de l'équipe. Profil recherché : BEPC minimum, au moins 2 an(s) d'expérience. Compétences requises : cuisine, service en salle, réception hôtelière, housekeeping, pâtisserie. Qualités attendues : adaptabilité, sens de l'organisation."
O0182,Chargé de clientèle,Agence Sangha,Dolisie,Banque / Finance,CDD,Master (BAC+5),2,250000,microfinance; audit; conformité bancaire; ohada; gestion de trésorerie,prise d'initiative; leadership,"Agence Sangha recrute un(e) Chargé de clientèle à Dolisie en CDD. Missions : intervenir sur des activités de banque / finance et contribuer aux objectifs de l'équipe. Profil recherché : Master (BAC+5) minimum, au moins 2 an(s) d'expérience. Compétences requises : microfinance, audit, conformité bancaire, ohada, gestion de trésorerie. Qualités attendues : prise d'initiative, leadership."
O0183,Chargé des marchés publics,Agence Plateaux,Pointe-Noire,Administration / RH / Juridique,CDI,BAC+2 (BTS/DUT),3,300000,passation de marchés; gestion des ressources humaines; archivage; rédaction juridique; paie,rigueur; communication,"Agence Plateaux recrute un(e) Chargé des marchés publics à Pointe-Noire en CDI. Missions : intervenir sur des activités de administration / rh / juridique et contribuer aux objectifs de l'équipe. Profil recherché : BAC+2 (BTS/DUT) minimum, au moins 3 an(s) d'expérience. Compétences requises : passation de marchés, gestion des ressources humaines, archivage, rédaction juridique, paie. Qualités attendues : rigueur, communication."
O0184,Conducteur de travaux,Groupe Sangha,Brazzaville,BTP / Construction,Stage,Licence (BAC+3),0,150000,maçonnerie; béton armé; menuiserie; topographie,travail en équipe; autonomie,"Groupe Sangha recrute un(e) Conducteur de travaux à Brazzaville en Stage. Missions : intervenir sur des activités de btp / construction et contribuer aux objectifs de l'équipe. Profil recherché : Licence (BAC+3) minimum, au moins 0 an(s) d'expérience. Compétences requises : maçonnerie, béton armé, menuiserie, topographie. Qualités attendues : travail en équipe, autonomie."
O0185,Superviseur QHSE,Groupe du Fleuve,Dolisie,Pétrole / Gaz / Énergie,CDD,BAC,3,1200000,hse; gestion de plateforme; inspection technique; maintenance industrielle; production pétrolière; qhse,esprit d'analyse; prise d'initiative,"Groupe du Fleuve recrute un(e) Superviseur QHSE à Dolisie en CDD. Missions : intervenir sur des activités de pétrole / gaz / énergie et contribuer aux objectifs de l'équipe. Profil recherché : BAC minimum, au moins 3 an(s) d'expérience. Compétences requises : hse, gestion de plateforme, inspection technique, maintenance industrielle, production pétrolière, qhse. Qualités attendues : esprit d'analyse, prise d'initiative."
O0186,Assistant RH,Entreprise Alima,Ouesso,Administration / RH / Juridique,CDI,BAC+2 (BTS/DUT),3,1200000,secrétariat; gestion des ressources humaines; paie,travail en équipe; adaptabilité,"Entreprise Alima recrute un(e) Assistant RH à Ouesso en CDI. Missions : intervenir sur des activités de administration / rh / juridique et contribuer aux objectifs de l'équipe. Profil recherché : BAC+2 (BTS/DUT) minimum, au moins 3 an(s) d'expérience. Compétences requises : secrétariat, gestion des ressources humaines, paie. Qualités attendues : travail en équipe, adaptabilité."
O0187,Chef de chantier,Compagnie du Fleuve,Brazzaville,BTP / Construction,CDI,BAC,2,1200000,électricité bâtiment; métré; menuiserie; maçonnerie; conduite de travaux; béton armé,communication; esprit d'analyse,"Compagnie du Fleuve recrute un(e) Chef de chantier à Brazzaville en CDI. Missions : intervenir sur des activités de btp / construction et contribuer aux objectifs de l'équipe. Profil recherché : BAC minimum, au moins 2 an(s) d'expérience. Compétences requises : électricité bâtiment, métré, menuiserie, maçonnerie, conduite de travaux, béton armé. Qualités attendues : communication, esprit d'analyse."
O0188,Superviseur QHSE,Société Mayombe,Nkayi,Pétrole / Gaz / Énergie,CDD,BAC,5,500000,forage; gestion de plateforme; inspection technique; électromécanique,travail en équipe; rigueur,"Société Mayombe recrute un(e) Superviseur QHSE à Nkayi en CDD. Missions : intervenir sur des activités de pétrole / gaz / énergie et contribuer aux objectifs de l'équipe. Profil recherché : BAC minimum, au moins 5 an(s) d'expérience. Compétences requises : forage, gestion de plateforme, inspection technique, électromécanique. Qualités attendues : travail en équipe, rigueur."
O0189,Agent de transit,Agence Congo Services,Pointe-Noire,Logistique / Transport,Consultance,BEPC,3,400000,magasinage; planification logistique; manutention portuaire; supply chain,travail en équipe; sens de l'organisation,"Agence Congo Services recrute un(e) Agent de transit à Pointe-Noire en Consultance. Missions : intervenir sur des activités de logistique / transport et contribuer aux objectifs de l'équipe. Profil recherché : BEPC minimum, au moins 3 an(s) d'expérience. Compétences requises : magasinage, planification logistique, manutention portuaire, supply chain. Qualités attendues : travail en équipe, sens de l'organisation."
O0190,Data Analyst,Cabinet M'Foa,Owando,Informatique / IT,CDI,Licence (BAC+3),5,200000,sql; php; développement web; python; javascript; machine learning,sens de l'organisation; adaptabilité,"Cabinet M'Foa recrute un(e) Data Analyst à Owando en CDI. Missions : intervenir sur des activités de informatique / it et contribuer aux objectifs de l'équipe. Profil recherché : Licence (BAC+3) minimum, au moins 5 an(s) d'expérience. Compétences requises : sql, php, développement web, python, javascript, machine learning. Qualités attendues : sens de l'organisation, adaptabilité."
O0191,Cuisinier,Entreprise Niari,Pointe-Noire,Hôtellerie / Restauration,CDI,BEPC,3,500000,cuisine; housekeeping; pâtisserie; réception hôtelière; service en salle,leadership; autonomie,"Entreprise Niari recrute un(e) Cuisinier à Pointe-Noire en CDI. Missions : intervenir sur des activités de hôtellerie / restauration et contribuer aux objectifs de l'équipe. Profil recherché : BEPC minimum, au moins 3 an(s) d'expérience. Compétences requises : cuisine, housekeeping, pâtisserie, réception hôtelière, service en salle. Qualités attendues : leadership, autonomie."
O0192,Magasinier,Société Batéké,Pointe-Noire,Logistique / Transport,CDI,BAC,3,900000,gestion de stock; magasinage; gestion de flotte,rigueur; sens de l'organisation,"Société Batéké recrute un(e) Magasinier à Pointe-Noire en CDI. Missions : intervenir sur des activités de logistique / transport et contribuer aux objectifs de l'équipe. Profil recherché : BAC minimum, au moins 3 an(s) d'expérience. Compétences requises : gestion de stock, magasinage, gestion de flotte. Qualités attendues : rigueur, sens de l'organisation."
O0193,Formateur professionnel,Cabinet Congo Services,Madingou,Éducation / Formation,CDI,BAC,2,200000,alphabétisation; conception de programmes; pédagogie; enseignement; encadrement scolaire; formation professionnelle,prise d'initiative; adaptabilité,"Cabinet Congo Services recrute un(e) Formateur professionnel à Madingou en CDI. Missions : intervenir sur des activités de éducation / formation et contribuer aux objectifs de l'équipe. Profil recherché : BAC minimum, au moins 2 an(s) d'expérience. Compétences requises : alphabétisation, conception de programmes, pédagogie, enseignement, encadrement scolaire, formation professionnelle. Qualités attendues : prise d'initiative, adaptabilité."
O0194,Dessinateur projeteur,Compagnie Mayombe,Brazzaville,BTP / Construction,CDI,BAC,0,300000,génie civil; dessin technique; maçonnerie,communication; travail en équipe,"Compagnie Mayombe recrute un(e) Dessinateur projeteur à Brazzaville en CDI. Missions : intervenir sur des activités de btp / construction et contribuer aux objectifs de l'équipe. Profil recherché : BAC minimum, au moins 0 an(s) d'expérience. Compétences requises : génie civil, dessin technique, maçonnerie. Qualités attendues : communication, travail en équipe."
O0195,Assistant juridique,Agence Kouilou,Owando,Administration / RH / Juridique,Consultance,Licence (BAC+3),3,900000,paie; rédaction juridique; gestion des ressources humaines; passation de marchés; droit du travail; secrétariat,rigueur; esprit d'analyse,"Agence Kouilou recrute un(e) Assistant juridique à Owando en Consultance. Missions : intervenir sur des activités de administration / rh / juridique et contribuer aux objectifs de l'équipe. Profil recherché : Licence (BAC+3) minimum, au moins 3 an(s) d'expérience. Compétences requises : paie, rédaction juridique, gestion des ressources humaines, passation de marchés, droit du travail, secrétariat. Qualités attendues : rigueur, esprit d'analyse."
O0196,Agent de santé communautaire,Groupe Loango,Pointe-Noire,Santé,CDI,Licence (BAC+3),5,300000,sage-femme; santé publique; laboratoire médical; kinésithérapie; soins infirmiers,travail en équipe; adaptabilité,"Groupe Loango recrute un(e) Agent de santé communautaire à Pointe-Noire en CDI. Missions : intervenir sur des activités de santé et contribuer aux objectifs de l'équipe. Profil recherché : Licence (BAC+3) minimum, au moins 5 an(s) d'expérience. Compétences requises : sage-femme, santé publique, laboratoire médical, kinésithérapie, soins infirmiers. Qualités attendues : travail en équipe, adaptabilité."
O0197,Topographe,Compagnie Kouilou,Brazzaville,BTP / Construction,CDD,BAC+2 (BTS/DUT),3,150000,topographie; métré; conduite de travaux; génie civil,rigueur; esprit d'analyse,"Compagnie Kouilou recrute un(e) Topographe à Brazzaville en CDD. Missions : intervenir sur des activités de btp / construction et contribuer aux objectifs de l'équipe. Profil recherché : BAC+2 (BTS/DUT) minimum, au moins 3 an(s) d'expérience. Compétences requises : topographie, métré, conduite de travaux, génie civil. Qualités attendues : rigueur, esprit d'analyse."
O0198,Assistant juridique,Agence Batéké,Brazzaville,Administration / RH / Juridique,CDI,BAC,5,250000,paie; gestion des ressources humaines; droit du travail; gestion administrative; secrétariat,esprit d'analyse; travail en équipe,"Agence Batéké recrute un(e) Assistant juridique à Brazzaville en CDI. Missions : intervenir sur des activités de administration / rh / juridique et contribuer aux objectifs de l'équipe. Profil recherché : BAC minimum, au moins 5 an(s) d'expérience. Compétences requises : paie, gestion des ressources humaines, droit du travail, gestion administrative, secrétariat. Qualités attendues : esprit d'analyse, travail en équipe."
O0199,Technicien agricole,Entreprise Plateaux,Dolisie,Agriculture / Agroalimentaire,CDI,BAC+2 (BTS/DUT),5,700000,agronomie; gestion coopérative; transformation alimentaire; sylviculture; pêche,adaptabilité; autonomie,"Entreprise Plateaux recrute un(e) Technicien agricole à Dolisie en CDI. Missions : intervenir sur des activités de agriculture / agroalimentaire et contribuer aux objectifs de l'équipe. Profil recherché : BAC+2 (BTS/DUT) minimum, au moins 5 an(s) d'expérience. Compétences requises : agronomie, gestion coopérative, transformation alimentaire, sylviculture, pêche. Qualités attendues : adaptabilité, autonomie."
O0200,Cuisinier,Entreprise Léfini,Dolisie,Hôtellerie / Restauration,CDI,Licence (BAC+3),2,700000,gestion hôtelière; housekeeping; réception hôtelière,sens de l'organisation; esprit d'analyse,"Entreprise Léfini recrute un(e) Cuisinier à Dolisie en CDI. Missions : intervenir sur des activités de hôtellerie / restauration et contribuer aux objectifs de l'équipe. Profil recherché : Licence (BAC+3) minimum, au moins 2 an(s) d'expérience. Compétences requises : gestion hôtelière, housekeeping, réception hôtelière. Qualités attendues : sens de l'organisation, esprit d'analyse."
